 , 0, 1, 2, 3, 4, 5, 6, 7, 8, 9, 10, 11, 12, 13, 14, 15, 16, 17, 18, 19, 20, 21, 22, 23, 24, 25, 26, 27, 28, 29, 30, 31, 32, 33, 34, 35, 36, 37, 38, 39, 40, 41, 42, 43, 44, 45, 46, 47, 48, 49, 50, 51, 52, 53, 54, 55, 56, 57, 58, 59, 60, 61, 62, 63, 64, 65, 66, 67, 68, 69, 70, 71, 72, 73, 74, 75, 76, 77, 78, 79, 80, 81, 82, 83, 84, 85, 86, 87, 88, 89, 90, 91, 92, 93, 94, 95, 96, 97, 98, 99, 100, 101, 102, 103, 104, 105, 106, 107, 108, 109, 110, 111, 112, 113, 114, 115, 116, 117, 118, 119, 120, 121, 122, 123, 124, 125, 126, 127, 128, 129, 130, 131, 132, 133, 134, 135, 136, 137, 138, 139, 140, 141, 142, 143, 144, 145, 146, 147, 148, 149, 150, 151, 152, 153, 154, 155, 156, 157, 158, 159, 160, 161, 162, 163, 164, 165, 166, 167, 168, 169, 170, 171, 172, 173, 174, 175, rowcost
C major (0), 2:0:0:0:0, 1:0:0:0:0, 3:0:0:0:0, 1:0:0:0:0, 3:0:0:0:0, 2:0:0:0:0, 5:0:0:0:0, 1:0:0:0:0, 2:0:0:0:0, 3:0:0:0:0, 4:0:0:0:0, 3:0:0:0:0, 2:0:0:0:0, 1:0:0:0:0, 3:0:0:0:0, 1:0:0:0:0, 3:0:0:0:0, 2:0:0:0:0, 5:0:0:0:0, 2:0:0:0:0, 2:0:0:0:0, 3:0:0:0:0, 4:0:0:0:0, 5:0:0:0:0,  , 1:0:0:0:0, 1:0:0:0:0, 1:0:0:0:0, 2:0:0:0:0, 2:0:0:0:0, 1:0:0:0:0, 1:0:0:0:0, 1:0:0:0:0, 3:0:0:0:0, 4:0:0:0:1, 1:0:0:0:0, 4:0:0:0:0, 1:0:0:0:0, 2:0:0:0:0, 2:0:0:0:1, 4:0:0:0:1, 2:0:0:0:0, 1:0:0:0:0, 1:0:0:0:0, 0:0:0:0:0, 5:0:0:0:0, 4:0:0:0:0, 3:0:0:0:0, 3:0:1:0:1, 2:0:0:0:0, 0:0:0:0:0, 0:0:0:0:0, 0:0:0:0:0, 2:0:0:0:0, 1:0:0:0:0, 1:0:0:0:0, 0:0:0:0:0, 3:0:0:0:0, 2:0:0:0:0, 1:0:0:0:0, 2:0:0:0:0, 1:0:0:0:0, 0:0:0:0:0, 1:0:0:0:0, 1:0:0:0:0, 2:0:0:0:0, 0:0:0:0:0, 1:0:0:0:0, 1:0:0:0:0, 4:0:0:0:0, 3:0:0:0:0, 2:0:0:0:0, 2:0:0:0:0, 3:0:0:0:0, 4:0:0:0:2, 1:0:0:0:0, 4:0:0:2:3, 3:0:0:0:0, 1:0:0:0:0, 1:0:0:0:0, 2:0:0:0:0, 5:0:0:0:0, 4:0:0:0:1, 2:0:0:0:0, 2:0:0:0:0, 2:0:0:0:2, 6:0:0:0:4, 3:0:0:0:0, 3:0:0:0:0, 3:0:0:0:0, 4:0:1:0:1, 3:0:0:0:0, 0:0:0:0:0, 4:0:0:0:0, 5:0:1:0:2, 2:0:0:0:0, 2:0:0:0:0, 4:0:0:0:0, 3:0:0:0:0, 1:0:0:0:0, 5:0:1:0:1, 2:0:0:0:0, 1:0:0:0:0, 3:0:0:0:0, 2:0:0:0:0, 4:0:0:0:0, 4:0:0:0:2, 1:0:0:0:0, 3:0:0:0:0, 2:0:0:0:0, 4:0:0:0:3, 1:0:0:0:0, 6:0:0:0:2, 2:0:0:0:0, 5:0:0:0:1, 3:0:0:0:0, 2:0:0:0:0, 6:0:0:0:3, 5:0:1:0:1, 4:0:0:0:0, 3:0:0:0:0, 2:0:0:0:0, 3:0:0:0:1, 4:0:0:0:3, 5:0:0:0:2, 3:0:0:0:0, 4:0:0:0:0, 2:0:0:0:0, 5:0:0:0:2, 4:0:0:0:0, 3:0:2:0:2, 2:0:0:0:0, 2:0:0:0:0, 2:0:0:0:0, 3:0:0:0:3, 2:0:0:0:0, 3:0:0:0:2, 3:0:2:0:2, 2:0:0:0:0, 2:0:0:0:0, 4:0:0:0:2, 5:0:0:0:0, 6:0:0:0:0, 3:0:0:0:0, 3:0:1:0:1, 1:0:0:0:0, 2:0:0:0:0, 0:0:0:0:0,  , 2:0:0:0:0, 1:0:0:0:0, 4:0:0:0:0, 2:0:0:0:0, 3:0:0:0:0, 2:0:0:0:0, 4:0:0:2:4, 7:0:2:0:3, 5:0:0:0:1, 5:0:0:0:2, 5:0:0:0:1, 3:0:0:0:2, 6:0:0:0:2, 4:0:0:0:0, 2:0:0:0:0, 1:0:0:0:0, 4:0:0:0:0, 8:0:0:0:1, 9:0:0:0:0, 3:0:2:0:4, 9:0:1:0:4, 4:0:0:0:1, 6:0:2:0:3, 3:0:0:0:1, 2:0:0:0:0, 7:0:0:0:1, 0:0:0:0:0, 481:0:17:4:82
A minor (0), 2:0:0:0:0, 1:0:0:0:0, 3:0:0:0:0, 1:0:0:0:0, 3:0:0:0:0, 2:0:0:0:0, 5:0:0:0:0, 1:0:0:0:0, 2:0:0:0:0, 3:0:0:0:0, 4:0:0:0:0, 3:0:0:0:0, 2:0:0:0:0, 1:0:0:0:0, 3:0:0:0:0, 1:0:0:0:0, 3:0:0:0:0, 2:0:0:0:0, 5:0:0:0:0, 2:0:0:0:0, 2:0:0:0:0, 3:0:0:0:0, 4:0:0:0:0, 5:0:0:0:0,  , 1:0:0:0:0, 1:0:0:0:0, 1:0:0:0:0, 2:0:0:0:0, 2:0:0:0:0, 1:0:0:0:0, 1:0:0:0:0, 1:0:0:0:0, 3:0:0:0:0, 4:0:0:0:1, 1:0:0:0:0, 4:0:0:0:0, 1:0:0:0:0, 2:0:0:0:0, 2:0:0:0:1, 4:0:0:0:1, 2:0:0:0:0, 1:0:0:0:0, 1:0:0:0:0, 0:0:0:0:0, 5:0:0:0:0, 4:0:0:0:0, 3:0:0:0:0, 3:0:1:0:1, 2:0:0:0:0, 0:0:0:0:0, 0:0:0:0:0, 0:0:0:0:0, 2:0:0:0:0, 1:0:0:0:0, 1:0:0:0:0, 0:0:0:0:0, 3:0:0:0:0, 2:0:0:0:0, 1:0:0:0:0, 2:0:0:0:0, 1:0:0:0:0, 0:0:0:0:0, 1:0:0:0:0, 1:0:0:0:0, 2:0:0:0:0, 0:0:0:0:0, 1:0:0:0:0, 1:0:0:0:0, 4:0:0:0:0, 3:0:0:0:0, 2:0:0:0:0, 2:0:0:0:0, 3:0:0:0:0, 4:0:0:0:2, 1:0:0:0:0, 4:0:0:2:3, 3:0:0:0:0, 1:0:0:0:0, 1:0:0:0:0, 2:0:0:0:0, 5:0:0:0:0, 4:0:0:0:1, 2:0:0:0:0, 2:0:0:0:0, 2:0:0:0:2, 6:0:0:0:4, 3:0:0:0:0, 3:0:0:0:0, 3:0:0:0:0, 4:0:1:0:1, 3:0:0:0:0, 0:0:0:0:0, 4:0:0:0:0, 5:0:1:0:2, 2:0:0:0:0, 2:0:0:0:0, 4:0:0:0:0, 3:0:0:0:0, 1:0:0:0:0, 5:0:1:0:1, 2:0:0:0:0, 1:0:0:0:0, 3:0:0:0:0, 2:0:0:0:0, 4:0:0:0:0, 4:0:0:0:2, 1:0:0:0:0, 3:0:0:0:0, 2:0:0:0:0, 4:0:0:0:3, 1:0:0:0:0, 6:0:0:0:2, 2:0:0:0:0, 5:0:0:0:1, 3:0:0:0:0, 2:0:0:0:0, 6:0:0:0:3, 5:0:1:0:1, 4:0:0:0:0, 3:0:0:0:0, 2:0:0:0:0, 3:0:0:0:1, 4:0:0:0:3, 5:0:0:0:2, 3:0:0:0:0, 4:0:0:0:0, 2:0:0:0:0, 5:0:0:0:2, 4:0:0:0:0, 3:0:2:0:2, 2:0:0:0:0, 2:0:0:0:0, 2:0:0:0:0, 3:0:0:0:3, 2:0:0:0:0, 3:0:0:0:2, 3:0:2:0:2, 2:0:0:0:0, 2:0:0:0:0, 4:0:0:0:2, 5:0:0:0:0, 6:0:0:0:0, 3:0:0:0:0, 3:0:1:0:1, 1:0:0:0:0, 2:0:0:0:0, 0:0:0:0:0,  , 2:0:0:0:0, 1:0:0:0:0, 4:0:0:0:0, 2:0:0:0:0, 3:0:0:0:0, 2:0:0:0:0, 4:0:0:2:4, 7:0:2:0:3, 5:0:0:0:1, 5:0:0:0:2, 5:0:0:0:1, 3:0:0:0:2, 6:0:0:0:2, 4:0:0:0:0, 2:0:0:0:0, 1:0:0:0:0, 4:0:0:0:0, 8:0:0:0:1, 9:0:0:0:0, 3:0:2:0:4, 9:0:1:0:4, 4:0:0:0:1, 6:0:2:0:3, 3:0:0:0:1, 2:0:0:0:0, 7:0:0:0:1, 0:0:0:0:0, 481:0:17:4:82
F major (1b), 3:0:0:0:0, 0:0:0:0:0, 2:1:0:0:1, 0:0:0:0:0, 2:0:0:0:0, 1:0:0:0:0, 4:1:0:0:1, 0:0:0:0:0, 1:0:0:0:0, 2:0:0:0:0, 3:1:0:0:1, 2:0:0:0:0, 1:0:0:0:0, 0:0:0:0:0, 2:1:0:0:1, 0:0:0:0:0, 2:0:0:0:0, 1:0:0:0:0, 4:1:0:0:1, 1:0:0:0:0, 1:0:0:0:0, 2:0:0:0:0, 3:1:0:0:1, 4:0:0:0:0,  , 0:0:0:0:0, 1:0:0:0:0, 0:0:0:0:0, 3:0:0:0:0, 1:0:0:0:0, 1:0:0:0:0, 0:0:0:0:0, 1:0:0:0:0, 2:0:0:0:0, 3:3:0:0:3, 0:0:0:0:0, 3:2:0:0:2, 0:0:0:0:0, 2:3:0:0:3, 1:1:0:0:1, 3:1:0:0:1, 1:0:0:0:0, 1:0:0:0:0, 0:0:0:0:0, 0:0:0:0:0, 4:1:0:0:1, 4:2:0:0:2, 2:0:0:0:0, 3:1:1:0:2, 1:0:0:0:0, 0:0:0:0:0, 0:0:0:0:0, 0:0:0:0:0, 1:0:0:0:0, 0:0:0:0:0, 0:0:0:0:0, 0:0:0:0:0, 2:0:0:0:0, 2:1:0:0:1, 0:0:0:0:0, 2:1:0:0:1, 0:0:0:0:0, 0:0:0:0:0, 1:0:0:0:0, 0:0:0:0:0, 1:0:0:0:0, 0:0:0:0:0, 0:0:0:0:0, 0:0:0:0:0, 3:0:0:0:0, 3:1:0:0:1, 1:1:0:0:1, 2:1:0:0:1, 2:0:0:0:0, 3:4:0:0:4, 1:0:0:0:0, 4:0:0:2:2, 2:0:0:0:0, 1:0:2:0:2, 0:0:0:0:0, 1:0:0:0:0, 4:0:0:0:0, 5:1:0:0:1, 1:2:0:0:2, 2:1:0:0:1, 1:2:0:0:2, 5:4:0:0:4, 2:1:0:0:1, 3:0:1:0:1, 2:0:0:0:0, 3:0:1:0:1, 2:0:0:0:0, 0:0:0:0:0, 3:0:0:0:0, 6:1:1:0:2, 1:1:0:0:1, 2:1:0:0:1, 3:0:0:0:0, 2:0:0:0:0, 0:0:0:0:0, 4:0:1:0:1, 1:0:0:0:0, 0:0:0:0:0, 2:0:0:0:0, 1:0:0:0:0, 3:0:0:0:0, 4:2:1:0:3, 0:0:0:0:0, 2:3:0:0:3, 1:0:0:0:0, 4:2:0:0:2, 0:0:0:0:0, 5:3:0:0:3, 1:0:0:0:0, 6:0:0:0:0, 2:0:0:0:0, 1:1:0:0:1, 5:2:0:0:2, 5:1:1:0:2, 3:1:0:0:1, 2:3:0:0:3, 1:0:0:0:0, 2:1:0:0:1, 3:4:0:0:4, 4:5:0:0:5, 2:0:0:0:0, 5:0:0:0:0, 1:0:0:0:0, 4:0:0:0:0, 3:0:0:0:0, 3:4:2:0:4, 1:0:0:0:0, 2:2:0:0:2, 1:0:0:0:0, 3:2:0:0:2, 1:0:0:0:0, 2:2:0:0:2, 2:0:2:0:2, 1:0:0:0:0, 1:1:0:0:1, 3:2:0:0:2, 4:0:0:0:0, 7:2:0:0:2, 2:0:0:0:0, 3:5:1:0:5, 0:0:0:0:0, 1:0:0:0:0, 0:0:0:0:0,  , 1:0:0:0:0, 1:0:0:0:0, 3:0:0:0:0, 1:0:0:0:0, 2:0:0:0:0, 2:2:0:0:2, 3:6:0:2:4, 7:4:2:0:6, 4:2:0:0:2, 4:2:0:0:2, 4:1:0:0:1, 4:2:0:0:2, 5:1:0:0:1, 3:0:0:0:0, 1:2:0:0:2, 1:0:0:0:0, 3:0:0:0:0, 7:2:0:0:2, 8:1:0:0:1, 3:6:2:0:6, 8:0:1:0:1, 3:1:0:0:1, 5:0:2:0:2, 4:2:0:0:2, 1:0:0:0:0, 6:0:0:0:0, 0:0:0:0:0, 365:125:21:4:141
G major (1#), 2:1:0:0:3, 2:2:0:0:0, 2:5:0:0:0, 1:1:0:0:0, 4:2:0:0:0, 3:4:0:0:0, 4:5:0:0:0, 2:2:0:0:0, 3:3:0:0:1, 3:4:0:0:1, 3:1:0:0:2, 4:4:0:0:0, 2:1:0:0:3, 2:2:0:0:0, 2:5:0:0:0, 1:1:0:0:0, 4:2:0:0:0, 3:3:0:0:0, 4:5:0:0:0, 3:2:0:0:1, 3:3:0:0:1, 3:4:0:0:1, 3:1:0:0:2, 4:4:0:0:0,  , 2:2:0:0:0, 1:0:0:0:0, 1:0:0:0:2, 2:0:0:0:3, 2:3:0:0:0, 1:1:0:0:0, 2:3:0:0:0, 1:0:0:0:1, 4:6:0:0:2, 3:2:0:0:1, 2:1:0:0:0, 3:4:0:0:0, 2:1:0:0:0, 2:2:4:0:4, 2:0:0:0:2, 5:1:0:0:4, 2:4:0:0:0, 2:0:0:0:1, 2:1:0:0:0, 0:0:0:0:0, 4:7:0:0:3, 3:1:0:0:0, 4:1:0:0:0, 4:3:1:0:1, 3:1:0:0:1, 1:0:0:0:0, 1:0:0:0:0, 1:0:0:0:0, 2:3:0:0:0, 1:0:0:0:1, 2:1:0:0:0, 1:0:0:0:0, 3:4:0:0:2, 1:1:0:0:0, 2:1:0:0:0, 1:2:0:0:0, 2:1:0:0:0, 1:0:0:0:0, 1:0:0:0:1, 2:0:0:0:1, 3:4:0:0:0, 1:0:0:0:0, 2:1:0:0:0, 1:0:0:0:1, 4:7:0:0:3, 2:4:0:0:0, 3:2:0:0:0, 1:2:0:0:0, 4:2:0:0:0, 3:0:0:0:3, 2:2:0:0:0, 5:7:0:2:3, 3:3:0:0:0, 1:1:0:0:0, 2:2:0:0:0, 2:1:0:0:1, 5:4:0:0:1, 3:3:0:0:1, 3:1:0:0:0, 1:3:0:0:0, 3:1:0:0:2, 5:2:0:0:2, 2:1:0:0:1, 4:4:0:0:0, 4:4:0:0:0, 5:6:1:0:3, 4:4:0:0:0, 0:0:0:0:0, 5:7:0:0:3, 4:1:2:0:3, 3:2:0:0:0, 1:2:0:0:0, 5:4:0:0:2, 4:2:0:0:2, 2:0:0:0:1, 4:6:1:0:2, 2:4:0:0:0, 2:0:0:0:1, 4:2:0:0:1, 2:1:0:0:2, 5:4:0:0:2, 3:2:0:0:2, 2:2:0:0:0, 4:5:0:0:1, 3:2:0:0:0, 4:0:0:0:3, 1:3:0:0:0, 6:0:1:0:4, 3:3:0:0:0, 5:1:0:0:2, 4:2:0:0:1, 1:1:0:0:0, 6:6:0:0:3, 4:3:1:0:1, 5:3:0:0:1, 2:5:0:0:0, 3:2:0:0:0, 2:1:0:0:1, 3:0:0:0:4, 4:0:0:0:3, 3:5:0:0:0, 4:2:0:0:2, 3:4:0:0:0, 4:2:2:0:2, 5:8:0:0:3, 2:2:2:0:2, 3:3:0:0:0, 1:2:0:0:0, 3:1:0:0:1, 3:0:2:0:4, 2:0:0:0:2, 2:2:0:0:2, 4:7:2:0:2, 2:1:0:0:2, 3:2:0:0:0, 4:3:0:0:0, 5:7:3:0:6, 5:1:0:0:2, 4:4:0:0:0, 2:2:1:0:1, 2:3:0:0:0, 2:3:0:0:1, 0:0:0:0:0,  , 2:2:0:0:0, 2:0:0:0:2, 5:3:0:0:0, 3:0:0:0:1, 4:8:0:0:6, 1:4:0:0:0, 5:4:0:2:4, 6:5:2:0:3, 6:2:0:0:1, 5:0:1:0:4, 5:1:0:0:4, 3:1:0:0:0, 6:4:0:0:1, 5:2:0:0:1, 3:2:0:0:0, 2:1:0:0:0, 5:6:0:0:3, 7:3:0:0:1, 8:5:0:0:2, 2:0:2:0:4, 10:14:1:0:6, 5:1:0:0:1, 7:15:2:0:5, 2:2:0:0:1, 3:4:0:0:0, 6:6:0:0:2, 0:0:0:0:0, 520:430:31:4:195
D minor (1b), 3:0:0:0:0, 0:0:0:0:0, 2:1:0:0:1, 0:0:0:0:0, 2:0:0:0:0, 1:0:0:0:0, 4:1:0:0:1, 0:0:0:0:0, 1:0:0:0:0, 2:0:0:0:0, 3:1:0:0:1, 2:0:0:0:0, 1:0:0:0:0, 0:0:0:0:0, 2:1:0:0:1, 0:0:0:0:0, 2:0:0:0:0, 1:0:0:0:0, 4:1:0:0:1, 1:0:0:0:0, 1:0:0:0:0, 2:0:0:0:0, 3:1:0:0:1, 4:0:0:0:0,  , 0:0:0:0:0, 1:0:0:0:0, 0:0:0:0:0, 3:0:0:0:0, 1:0:0:0:0, 1:0:0:0:0, 0:0:0:0:0, 1:0:0:0:0, 2:0:0:0:0, 3:3:0:0:3, 0:0:0:0:0, 3:2:0:0:2, 0:0:0:0:0, 2:3:0:0:3, 1:1:0:0:1, 3:1:0:0:1, 1:0:0:0:0, 1:0:0:0:0, 0:0:0:0:0, 0:0:0:0:0, 4:1:0:0:1, 4:2:0:0:2, 2:0:0:0:0, 3:1:1:0:2, 1:0:0:0:0, 0:0:0:0:0, 0:0:0:0:0, 0:0:0:0:0, 1:0:0:0:0, 0:0:0:0:0, 0:0:0:0:0, 0:0:0:0:0, 2:0:0:0:0, 2:1:0:0:1, 0:0:0:0:0, 2:1:0:0:1, 0:0:0:0:0, 0:0:0:0:0, 1:0:0:0:0, 0:0:0:0:0, 1:0:0:0:0, 0:0:0:0:0, 0:0:0:0:0, 0:0:0:0:0, 3:0:0:0:0, 3:1:0:0:1, 1:1:0:0:1, 2:1:0:0:1, 2:0:0:0:0, 3:4:0:0:4, 1:0:0:0:0, 4:0:0:2:2, 2:0:0:0:0, 1:0:2:0:2, 0:0:0:0:0, 1:0:0:0:0, 4:0:0:0:0, 5:1:0:0:1, 1:2:0:0:2, 2:1:0:0:1, 1:2:0:0:2, 5:4:0:0:4, 2:1:0:0:1, 3:0:1:0:1, 2:0:0:0:0, 3:0:1:0:1, 2:0:0:0:0, 0:0:0:0:0, 3:0:0:0:0, 6:1:1:0:2, 1:1:0:0:1, 2:1:0:0:1, 3:0:0:0:0, 2:0:0:0:0, 0:0:0:0:0, 4:0:1:0:1, 1:0:0:0:0, 0:0:0:0:0, 2:0:0:0:0, 1:0:0:0:0, 3:0:0:0:0, 4:2:1:0:3, 0:0:0:0:0, 2:3:0:0:3, 1:0:0:0:0, 4:2:0:0:2, 0:0:0:0:0, 5:3:0:0:3, 1:0:0:0:0, 6:0:0:0:0, 2:0:0:0:0, 1:1:0:0:1, 5:2:0:0:2, 5:1:1:0:2, 3:1:0:0:1, 2:3:0:0:3, 1:0:0:0:0, 2:1:0:0:1, 3:4:0:0:4, 4:5:0:0:5, 2:0:0:0:0, 5:0:0:0:0, 1:0:0:0:0, 4:0:0:0:0, 3:0:0:0:0, 3:4:2:0:4, 1:0:0:0:0, 2:2:0:0:2, 1:0:0:0:0, 3:2:0:0:2, 1:0:0:0:0, 2:2:0:0:2, 2:0:2:0:2, 1:0:0:0:0, 1:1:0:0:1, 3:2:0:0:2, 4:0:0:0:0, 7:2:0:0:2, 2:0:0:0:0, 3:5:1:0:5, 0:0:0:0:0, 1:0:0:0:0, 0:0:0:0:0,  , 1:0:0:0:0, 1:0:0:0:0, 3:0:0:0:0, 1:0:0:0:0, 2:0:0:0:0, 2:2:0:0:2, 3:6:0:2:4, 7:4:2:0:6, 4:2:0:0:2, 4:2:0:0:2, 4:1:0:0:1, 4:2:0:0:2, 5:1:0:0:1, 3:0:0:0:0, 1:2:0:0:2, 1:0:0:0:0, 3:0:0:0:0, 7:2:0:0:2, 8:1:0:0:1, 3:6:2:0:6, 8:0:1:0:1, 3:1:0:0:1, 5:0:2:0:2, 4:2:0:0:2, 1:0:0:0:0, 6:0:0:0:0, 0:0:0:0:0, 365:125:21:4:141
E minor (1#), 2:1:0:0:3, 2:2:0:0:0, 2:5:0:0:0, 1:1:0:0:0, 4:2:0:0:0, 3:4:0:0:0, 4:5:0:0:0, 2:2:0:0:0, 3:3:0:0:1, 3:4:0:0:1, 3:1:0:0:2, 4:4:0:0:0, 2:1:0:0:3, 2:2:0:0:0, 2:5:0:0:0, 1:1:0:0:0, 4:2:0:0:0, 3:3:0:0:0, 4:5:0:0:0, 3:2:0:0:1, 3:3:0:0:1, 3:4:0:0:1, 3:1:0:0:2, 4:4:0:0:0,  , 2:2:0:0:0, 1:0:0:0:0, 1:0:0:0:2, 2:0:0:0:3, 2:3:0:0:0, 1:1:0:0:0, 2:3:0:0:0, 1:0:0:0:1, 4:6:0:0:2, 3:2:0:0:1, 2:1:0:0:0, 3:4:0:0:0, 2:1:0:0:0, 2:2:4:0:4, 2:0:0:0:2, 5:1:0:0:4, 2:4:0:0:0, 2:0:0:0:1, 2:1:0:0:0, 0:0:0:0:0, 4:7:0:0:3, 3:1:0:0:0, 4:1:0:0:0, 4:3:1:0:1, 3:1:0:0:1, 1:0:0:0:0, 1:0:0:0:0, 1:0:0:0:0, 2:3:0:0:0, 1:0:0:0:1, 2:1:0:0:0, 1:0:0:0:0, 3:4:0:0:2, 1:1:0:0:0, 2:1:0:0:0, 1:2:0:0:0, 2:1:0:0:0, 1:0:0:0:0, 1:0:0:0:1, 2:0:0:0:1, 3:4:0:0:0, 1:0:0:0:0, 2:1:0:0:0, 1:0:0:0:1, 4:7:0:0:3, 2:4:0:0:0, 3:2:0:0:0, 1:2:0:0:0, 4:2:0:0:0, 3:0:0:0:3, 2:2:0:0:0, 5:7:0:2:3, 3:3:0:0:0, 1:1:0:0:0, 2:2:0:0:0, 2:1:0:0:1, 5:4:0:0:1, 3:3:0:0:1, 3:1:0:0:0, 1:3:0:0:0, 3:1:0:0:2, 5:2:0:0:2, 2:1:0:0:1, 4:4:0:0:0, 4:4:0:0:0, 5:6:1:0:3, 4:4:0:0:0, 0:0:0:0:0, 5:7:0:0:3, 4:1:2:0:3, 3:2:0:0:0, 1:2:0:0:0, 5:4:0:0:2, 4:2:0:0:2, 2:0:0:0:1, 4:6:1:0:2, 2:4:0:0:0, 2:0:0:0:1, 4:2:0:0:1, 2:1:0:0:2, 5:4:0:0:2, 3:2:0:0:2, 2:2:0:0:0, 4:5:0:0:1, 3:2:0:0:0, 4:0:0:0:3, 1:3:0:0:0, 6:0:1:0:4, 3:3:0:0:0, 5:1:0:0:2, 4:2:0:0:1, 1:1:0:0:0, 6:6:0:0:3, 4:3:1:0:1, 5:3:0:0:1, 2:5:0:0:0, 3:2:0:0:0, 2:1:0:0:1, 3:0:0:0:4, 4:0:0:0:3, 3:5:0:0:0, 4:2:0:0:2, 3:4:0:0:0, 4:2:2:0:2, 5:8:0:0:3, 2:2:2:0:2, 3:3:0:0:0, 1:2:0:0:0, 3:1:0:0:1, 3:0:2:0:4, 2:0:0:0:2, 2:2:0:0:2, 4:7:2:0:2, 2:1:0:0:2, 3:2:0:0:0, 4:3:0:0:0, 5:7:3:0:6, 5:1:0:0:2, 4:4:0:0:0, 2:2:1:0:1, 2:3:0:0:0, 2:3:0:0:1, 0:0:0:0:0,  , 2:2:0:0:0, 2:0:0:0:2, 5:3:0:0:0, 3:0:0:0:1, 4:8:0:0:6, 1:4:0:0:0, 5:4:0:2:4, 6:5:2:0:3, 6:2:0:0:1, 5:0:1:0:4, 5:1:0:0:4, 3:1:0:0:0, 6:4:0:0:1, 5:2:0:0:1, 3:2:0:0:0, 2:1:0:0:0, 5:6:0:0:3, 7:3:0:0:1, 8:5:0:0:2, 2:0:2:0:4, 10:14:1:0:6, 5:1:0:0:1, 7:15:2:0:5, 2:2:0:0:1, 3:4:0:0:0, 6:6:0:0:2, 0:0:0:0:0, 520:430:31:4:195
Bb major (2b), 3:0:0:0:1, 0:0:0:0:0, 3:1:0:0:1, 1:0:0:0:0, 2:0:0:0:1, 0:0:0:0:0, 3:1:0:0:1, 1:0:0:0:0, 1:0:0:0:0, 1:0:0:0:0, 2:1:0:0:1, 3:0:0:0:0, 1:0:0:0:0, 0:0:0:0:0, 3:1:0:0:1, 1:0:0:0:0, 2:0:0:0:1, 0:0:0:0:0, 3:1:0:0:1, 2:0:0:0:0, 1:0:0:0:0, 1:0:0:0:0, 2:1:0:0:1, 5:0:0:0:0,  , 0:0:0:0:0, 1:0:0:0:0, 0:0:0:0:0, 2:0:0:0:1, 0:0:0:0:0, 0:0:0:0:0, 0:0:0:0:0, 0:0:0:0:0, 1:0:0:0:0, 2:3:0:0:3, 0:0:0:0:0, 2:2:0:0:2, 1:0:0:0:0, 3:3:0:0:3, 1:0:2:0:2, 2:1:0:0:1, 0:0:0:0:0, 0:0:0:0:0, 0:0:0:0:0, 0:0:0:0:0, 3:1:0:0:1, 3:2:0:0:2, 3:0:0:0:0, 2:1:1:0:2, 0:0:0:0:0, 0:0:0:0:0, 0:0:0:0:0, 0:0:0:0:0, 0:0:0:0:0, 0:0:0:0:0, 0:0:0:0:0, 0:0:0:0:0, 1:0:0:0:0, 1:1:0:0:1, 0:0:0:0:0, 1:1:0:0:1, 1:0:0:0:0, 1:0:0:0:0, 1:0:0:0:0, 0:0:0:0:0, 0:0:0:0:0, 0:0:0:0:0, 1:0:0:0:0, 0:0:0:0:0, 2:0:0:0:1, 2:1:0:0:1, 1:1:0:0:1, 1:1:0:0:1, 2:0:0:0:0, 3:4:0:0:4, 0:0:0:0:0, 4:0:0:2:3, 1:0:0:0:1, 1:0:2:0:0, 0:0:0:0:0, 1:0:0:0:0, 3:0:0:0:0, 4:1:0:0:2, 1:2:0:0:2, 1:1:0:0:1, 1:0:0:0:0, 4:4:0:0:4, 2:1:0:0:1, 2:0:1:0:0, 1:0:0:0:1, 2:0:1:0:0, 1:0:0:0:0, 0:0:0:0:0, 2:0:0:0:0, 5:1:1:0:4, 2:1:0:0:1, 1:1:0:0:1, 3:0:0:0:1, 2:0:0:0:0, 0:0:0:0:0, 3:0:1:0:0, 0:0:0:0:0, 0:0:0:0:0, 2:0:0:0:1, 1:0:0:0:0, 2:0:0:0:0, 3:2:1:0:2, 0:0:0:0:0, 1:3:0:0:3, 1:0:0:0:0, 4:0:1:0:1, 1:0:0:0:0, 5:3:0:0:4, 0:0:0:0:0, 6:0:0:0:1, 1:0:0:0:0, 1:1:0:0:1, 4:2:0:0:2, 4:1:1:0:2, 2:1:0:0:1, 1:3:0:0:3, 1:0:0:0:0, 2:1:0:0:1, 3:4:0:0:5, 5:5:0:0:5, 1:0:0:0:0, 5:0:2:0:3, 0:0:0:0:0, 3:0:0:0:0, 2:0:0:0:0, 2:4:2:0:4, 0:0:0:0:0, 1:2:0:0:2, 0:0:0:0:0, 2:2:0:0:2, 1:0:0:0:0, 2:2:0:0:2, 1:0:2:0:0, 0:0:0:0:0, 1:1:0:0:1, 2:2:0:0:2, 3:0:0:0:0, 6:2:0:0:3, 1:0:0:0:0, 2:5:1:0:5, 0:0:0:0:0, 0:0:0:0:0, 0:0:0:0:0,  , 0:0:0:0:0, 0:0:0:0:0, 2:0:0:0:0, 1:0:0:0:0, 1:0:0:0:0, 1:2:0:0:2, 4:6:0:2:4, 6:4:2:0:6, 5:2:0:0:3, 4:2:0:0:4, 4:1:0:0:3, 3:2:0:0:3, 4:1:0:0:3, 2:0:0:0:0, 1:2:0:0:2, 0:0:0:0:0, 2:0:0:0:0, 6:2:0:0:2, 7:1:0:0:2, 3:1:0:0:1, 7:0:1:0:0, 4:1:0:0:1, 4:0:2:0:0, 5:2:0:0:3, 2:0:0:0:0, 7:0:0:0:0, 0:0:0:0:0, 302:115:24:4:153
D major (2#), 2:0:0:0:2, 2:2:0:0:0, 3:5:0:0:0, 2:1:0:0:0, 4:2:0:0:1, 4:4:0:0:0, 5:5:0:0:0, 3:2:0:0:0, 4:3:0:0:1, 3:4:0:0:1, 4:1:0:0:2, 5:4:0:0:1, 2:0:3:0:5, 2:2:0:0:0, 3:5:0:0:0, 2:1:0:0:0, 4:2:0:0:1, 4:3:0:0:0, 5:5:0:0:0, 4:2:0:0:1, 4:3:0:0:1, 3:4:0:0:1, 4:1:0:0:2, 5:4:0:0:1,  , 3:2:0:0:0, 1:0:1:0:1, 2:0:0:0:2, 3:0:0:0:3, 3:3:0:0:0, 2:1:0:0:0, 2:3:0:0:0, 1:0:0:0:1, 5:5:0:0:1, 4:2:0:0:0, 2:1:0:0:0, 4:4:0:0:0, 2:1:0:0:0, 2:2:4:0:4, 2:0:0:0:2, 4:1:0:0:5, 3:4:0:0:0, 3:0:0:0:1, 2:1:0:0:0, 1:0:0:0:0, 5:6:0:0:3, 4:1:0:0:0, 5:1:0:0:0, 5:3:1:0:1, 3:1:0:0:1, 1:0:0:0:0, 1:0:0:0:0, 1:0:0:0:0, 3:3:0:0:0, 1:0:0:0:1, 2:1:0:0:0, 1:0:0:0:0, 3:3:0:0:1, 2:1:0:0:0, 2:1:0:0:0, 2:2:0:0:0, 2:1:0:0:0, 1:0:0:0:0, 1:0:0:0:0, 2:0:0:0:1, 4:4:0:0:0, 2:0:0:0:0, 2:1:0:0:0, 1:0:0:0:1, 5:7:0:0:3, 3:4:0:0:0, 4:2:0:0:0, 2:2:0:0:0, 3:2:0:0:0, 3:0:0:0:1, 3:2:0:0:0, 5:7:0:2:6, 4:3:0:0:0, 1:1:0:0:0, 2:2:0:0:0, 2:1:0:0:2, 5:4:1:0:2, 4:3:0:0:1, 3:1:0:0:0, 2:3:0:0:0, 3:1:0:0:2, 4:2:0:0:1, 3:1:0:0:2, 4:4:0:0:1, 5:4:0:0:0, 5:6:1:0:5, 5:4:0:0:0, 0:0:0:0:0, 6:5:0:0:2, 5:1:2:0:3, 3:2:0:0:0, 2:2:0:0:0, 6:4:0:0:0, 4:1:0:0:2, 2:0:0:0:1, 5:6:1:0:1, 3:4:0:0:0, 3:0:0:0:1, 4:1:0:0:0, 2:0:2:0:3, 6:4:0:0:2, 4:2:0:0:2, 3:2:0:0:0, 5:5:0:0:1, 4:2:0:0:0, 5:0:0:0:2, 2:3:0:0:0, 6:1:2:0:2, 4:3:0:0:0, 6:1:0:0:0, 5:2:0:0:1, 1:1:0:0:0, 7:6:0:0:1, 5:3:1:0:1, 6:3:0:0:1, 3:5:0:0:0, 3:2:2:0:2, 3:1:0:0:0, 3:0:0:0:1, 3:0:0:0:2, 4:5:0:0:1, 5:2:0:0:1, 4:4:0:0:0, 5:2:2:0:2, 6:8:0:0:4, 3:2:2:0:2, 4:3:0:0:0, 2:2:0:0:0, 3:1:0:0:1, 3:0:3:0:5, 2:0:0:0:1, 3:2:0:0:0, 5:7:2:0:2, 2:1:0:0:2, 4:2:0:0:0, 3:3:0:0:0, 6:6:3:0:5, 6:1:0:0:1, 4:4:0:0:1, 3:2:1:0:1, 3:3:0:0:0, 3:3:0:0:1, 1:0:0:0:0,  , 3:2:0:0:0, 2:0:0:0:2, 5:3:0:0:0, 3:0:1:0:2, 4:3:0:0:1, 2:4:0:0:0, 6:4:0:2:2, 7:5:2:0:2, 7:2:0:0:0, 6:0:1:0:3, 6:1:0:0:3, 3:1:2:0:2, 7:4:0:0:0, 5:2:0:0:0, 4:2:0:0:0, 2:1:0:0:0, 6:5:0:0:3, 8:3:0:0:0, 8:6:1:0:2, 3:0:2:0:4, 10:14:1:0:10, 6:1:0:0:1, 7:15:2:0:8, 3:2:0:0:0, 4:4:0:0:1, 6:5:0:0:2, 0:0:0:0:0, 616:414:46:4:184
G minor (2b), 3:0:0:0:1, 0:0:0:0:0, 3:1:0:0:1, 1:0:0:0:0, 2:0:0:0:1, 0:0:0:0:0, 3:1:0:0:1, 1:0:0:0:0, 1:0:0:0:0, 1:0:0:0:0, 2:1:0:0:1, 3:0:0:0:0, 1:0:0:0:0, 0:0:0:0:0, 3:1:0:0:1, 1:0:0:0:0, 2:0:0:0:1, 0:0:0:0:0, 3:1:0:0:1, 2:0:0:0:0, 1:0:0:0:0, 1:0:0:0:0, 2:1:0:0:1, 5:0:0:0:0,  , 0:0:0:0:0, 1:0:0:0:0, 0:0:0:0:0, 2:0:0:0:1, 0:0:0:0:0, 0:0:0:0:0, 0:0:0:0:0, 0:0:0:0:0, 1:0:0:0:0, 2:3:0:0:3, 0:0:0:0:0, 2:2:0:0:2, 1:0:0:0:0, 3:3:0:0:3, 1:0:2:0:2, 2:1:0:0:1, 0:0:0:0:0, 0:0:0:0:0, 0:0:0:0:0, 0:0:0:0:0, 3:1:0:0:1, 3:2:0:0:2, 3:0:0:0:0, 2:1:1:0:2, 0:0:0:0:0, 0:0:0:0:0, 0:0:0:0:0, 0:0:0:0:0, 0:0:0:0:0, 0:0:0:0:0, 0:0:0:0:0, 0:0:0:0:0, 1:0:0:0:0, 1:1:0:0:1, 0:0:0:0:0, 1:1:0:0:1, 1:0:0:0:0, 1:0:0:0:0, 1:0:0:0:0, 0:0:0:0:0, 0:0:0:0:0, 0:0:0:0:0, 1:0:0:0:0, 0:0:0:0:0, 2:0:0:0:1, 2:1:0:0:1, 1:1:0:0:1, 1:1:0:0:1, 2:0:0:0:0, 3:4:0:0:4, 0:0:0:0:0, 4:0:0:2:3, 1:0:0:0:1, 1:0:2:0:0, 0:0:0:0:0, 1:0:0:0:0, 3:0:0:0:0, 4:1:0:0:2, 1:2:0:0:2, 1:1:0:0:1, 1:0:0:0:0, 4:4:0:0:4, 2:1:0:0:1, 2:0:1:0:0, 1:0:0:0:1, 2:0:1:0:0, 1:0:0:0:0, 0:0:0:0:0, 2:0:0:0:0, 5:1:1:0:4, 2:1:0:0:1, 1:1:0:0:1, 3:0:0:0:1, 2:0:0:0:0, 0:0:0:0:0, 3:0:1:0:0, 0:0:0:0:0, 0:0:0:0:0, 2:0:0:0:1, 1:0:0:0:0, 2:0:0:0:0, 3:2:1:0:2, 0:0:0:0:0, 1:3:0:0:3, 1:0:0:0:0, 4:0:1:0:1, 1:0:0:0:0, 5:3:0:0:4, 0:0:0:0:0, 6:0:0:0:1, 1:0:0:0:0, 1:1:0:0:1, 4:2:0:0:2, 4:1:1:0:2, 2:1:0:0:1, 1:3:0:0:3, 1:0:0:0:0, 2:1:0:0:1, 3:4:0:0:5, 5:5:0:0:5, 1:0:0:0:0, 5:0:2:0:3, 0:0:0:0:0, 3:0:0:0:0, 2:0:0:0:0, 2:4:2:0:4, 0:0:0:0:0, 1:2:0:0:2, 0:0:0:0:0, 2:2:0:0:2, 1:0:0:0:0, 2:2:0:0:2, 1:0:2:0:0, 0:0:0:0:0, 1:1:0:0:1, 2:2:0:0:2, 3:0:0:0:0, 6:2:0:0:3, 1:0:0:0:0, 2:5:1:0:5, 0:0:0:0:0, 0:0:0:0:0, 0:0:0:0:0,  , 0:0:0:0:0, 0:0:0:0:0, 2:0:0:0:0, 1:0:0:0:0, 1:0:0:0:0, 1:2:0:0:2, 4:6:0:2:4, 6:4:2:0:6, 5:2:0:0:3, 4:2:0:0:4, 4:1:0:0:3, 3:2:0:0:3, 4:1:0:0:3, 2:0:0:0:0, 1:2:0:0:2, 0:0:0:0:0, 2:0:0:0:0, 6:2:0:0:2, 7:1:0:0:2, 3:1:0:0:1, 7:0:1:0:0, 4:1:0:0:1, 4:0:2:0:0, 5:2:0:0:3, 2:0:0:0:0, 7:0:0:0:0, 0:0:0:0:0, 302:115:24:4:153
B minor (2#), 2:0:0:0:2, 2:2:0:0:0, 3:5:0:0:0, 2:1:0:0:0, 4:2:0:0:1, 4:4:0:0:0, 5:5:0:0:0, 3:2:0:0:0, 4:3:0:0:1, 3:4:0:0:1, 4:1:0:0:2, 5:4:0:0:1, 2:0:3:0:5, 2:2:0:0:0, 3:5:0:0:0, 2:1:0:0:0, 4:2:0:0:1, 4:3:0:0:0, 5:5:0:0:0, 4:2:0:0:1, 4:3:0:0:1, 3:4:0:0:1, 4:1:0:0:2, 5:4:0:0:1,  , 3:2:0:0:0, 1:0:1:0:1, 2:0:0:0:2, 3:0:0:0:3, 3:3:0:0:0, 2:1:0:0:0, 2:3:0:0:0, 1:0:0:0:1, 5:5:0:0:1, 4:2:0:0:0, 2:1:0:0:0, 4:4:0:0:0, 2:1:0:0:0, 2:2:4:0:4, 2:0:0:0:2, 4:1:0:0:5, 3:4:0:0:0, 3:0:0:0:1, 2:1:0:0:0, 1:0:0:0:0, 5:6:0:0:3, 4:1:0:0:0, 5:1:0:0:0, 5:3:1:0:1, 3:1:0:0:1, 1:0:0:0:0, 1:0:0:0:0, 1:0:0:0:0, 3:3:0:0:0, 1:0:0:0:1, 2:1:0:0:0, 1:0:0:0:0, 3:3:0:0:1, 2:1:0:0:0, 2:1:0:0:0, 2:2:0:0:0, 2:1:0:0:0, 1:0:0:0:0, 1:0:0:0:0, 2:0:0:0:1, 4:4:0:0:0, 2:0:0:0:0, 2:1:0:0:0, 1:0:0:0:1, 5:7:0:0:3, 3:4:0:0:0, 4:2:0:0:0, 2:2:0:0:0, 3:2:0:0:0, 3:0:0:0:1, 3:2:0:0:0, 5:7:0:2:6, 4:3:0:0:0, 1:1:0:0:0, 2:2:0:0:0, 2:1:0:0:2, 5:4:1:0:2, 4:3:0:0:1, 3:1:0:0:0, 2:3:0:0:0, 3:1:0:0:2, 4:2:0:0:1, 3:1:0:0:2, 4:4:0:0:1, 5:4:0:0:0, 5:6:1:0:5, 5:4:0:0:0, 0:0:0:0:0, 6:5:0:0:2, 5:1:2:0:3, 3:2:0:0:0, 2:2:0:0:0, 6:4:0:0:0, 4:1:0:0:2, 2:0:0:0:1, 5:6:1:0:1, 3:4:0:0:0, 3:0:0:0:1, 4:1:0:0:0, 2:0:2:0:3, 6:4:0:0:2, 4:2:0:0:2, 3:2:0:0:0, 5:5:0:0:1, 4:2:0:0:0, 5:0:0:0:2, 2:3:0:0:0, 6:1:2:0:2, 4:3:0:0:0, 6:1:0:0:0, 5:2:0:0:1, 1:1:0:0:0, 7:6:0:0:1, 5:3:1:0:1, 6:3:0:0:1, 3:5:0:0:0, 3:2:2:0:2, 3:1:0:0:0, 3:0:0:0:1, 3:0:0:0:2, 4:5:0:0:1, 5:2:0:0:1, 4:4:0:0:0, 5:2:2:0:2, 6:8:0:0:4, 3:2:2:0:2, 4:3:0:0:0, 2:2:0:0:0, 3:1:0:0:1, 3:0:3:0:5, 2:0:0:0:1, 3:2:0:0:0, 5:7:2:0:2, 2:1:0:0:2, 4:2:0:0:0, 3:3:0:0:0, 6:6:3:0:5, 6:1:0:0:1, 4:4:0:0:1, 3:2:1:0:1, 3:3:0:0:0, 3:3:0:0:1, 1:0:0:0:0,  , 3:2:0:0:0, 2:0:0:0:2, 5:3:0:0:0, 3:0:1:0:2, 4:3:0:0:1, 2:4:0:0:0, 6:4:0:2:2, 7:5:2:0:2, 7:2:0:0:0, 6:0:1:0:3, 6:1:0:0:3, 3:1:2:0:2, 7:4:0:0:0, 5:2:0:0:0, 4:2:0:0:0, 2:1:0:0:0, 6:5:0:0:3, 8:3:0:0:0, 8:6:1:0:2, 3:0:2:0:4, 10:14:1:0:10, 6:1:0:0:1, 7:15:2:0:8, 3:2:0:0:0, 4:4:0:0:1, 6:5:0:0:2, 0:0:0:0:0, 616:414:46:4:184
Eb major (3b), 3:0:0:0:1, 0:0:0:0:0, 4:1:0:0:2, 2:0:0:0:2, 1:0:0:0:1, 1:0:0:0:0, 4:1:0:0:1, 2:0:0:0:2, 2:0:0:0:0, 1:0:0:0:0, 3:1:0:0:2, 2:0:0:0:1, 1:0:0:0:0, 0:0:0:0:0, 4:1:0:0:2, 2:0:0:0:2, 1:0:0:0:1, 1:0:0:0:0, 4:1:0:0:1, 3:0:0:0:1, 2:0:0:0:0, 1:0:0:0:0, 3:1:0:0:2, 4:0:0:0:1,  , 0:0:0:0:0, 1:0:0:0:0, 0:0:0:0:0, 2:0:0:0:1, 0:0:0:0:0, 0:0:0:0:0, 1:0:0:0:0, 0:0:0:0:0, 1:0:0:0:0, 3:3:0:0:3, 1:0:0:0:0, 3:2:0:0:2, 2:0:0:0:1, 3:3:0:0:5, 1:0:2:0:0, 1:1:0:0:1, 0:0:0:0:0, 0:0:0:0:0, 1:0:0:0:0, 0:0:0:0:0, 2:1:0:0:1, 4:2:0:0:3, 4:0:0:0:3, 3:1:1:0:1, 0:0:0:0:0, 0:0:0:0:0, 0:0:0:0:0, 0:0:0:0:0, 0:0:0:0:0, 0:0:0:0:0, 0:0:0:0:0, 0:0:0:0:0, 1:0:0:0:0, 2:1:0:0:1, 0:0:0:0:0, 2:1:0:0:1, 1:0:0:0:1, 1:0:0:0:3, 2:0:0:0:0, 0:0:0:0:0, 0:0:0:0:0, 0:0:0:0:0, 2:0:0:0:1, 0:0:0:0:0, 2:0:0:0:1, 3:1:0:0:1, 1:1:0:0:1, 2:1:0:0:1, 3:0:0:0:0, 4:2:0:2:4, 0:0:0:0:0, 3:0:0:2:3, 1:0:0:0:1, 2:0:2:0:0, 1:0:0:0:0, 2:0:0:0:0, 3:0:0:0:0, 5:1:0:0:2, 2:2:0:0:2, 2:1:0:0:1, 1:0:0:0:1, 4:3:0:0:3, 3:1:0:0:1, 3:0:1:0:0, 1:0:0:0:1, 3:0:1:0:0, 2:0:0:0:0, 1:0:0:0:0, 3:0:0:0:0, 6:1:1:0:3, 3:1:0:0:2, 2:1:0:0:1, 4:0:0:0:1, 1:0:0:0:0, 0:0:0:0:0, 4:0:1:0:0, 0:0:0:0:0, 1:0:0:0:0, 2:0:0:0:1, 1:0:0:0:0, 2:0:0:0:1, 4:2:1:0:2, 1:0:0:0:0, 2:3:0:0:3, 1:0:0:0:0, 3:0:1:0:0, 2:0:0:0:1, 6:3:0:0:4, 0:0:0:0:0, 5:0:0:0:1, 2:0:0:0:1, 2:1:0:0:1, 5:2:0:0:2, 5:1:1:0:1, 3:1:0:0:2, 2:3:0:0:3, 2:0:0:0:0, 2:0:0:0:0, 4:2:0:0:3, 6:4:1:0:4, 0:0:0:0:0, 6:0:2:0:1, 1:0:0:0:0, 4:0:0:0:1, 3:0:0:0:0, 3:4:2:0:4, 1:0:0:0:0, 2:2:0:0:2, 0:0:0:0:0, 2:2:0:0:2, 0:0:0:0:0, 3:2:0:0:2, 2:0:2:0:0, 1:0:0:0:0, 2:1:0:0:1, 3:2:0:0:2, 4:0:0:0:0, 7:2:0:0:6, 0:0:0:0:0, 3:5:1:0:5, 1:0:0:0:0, 1:0:0:0:0, 0:0:0:0:0,  , 0:0:0:0:0, 0:0:0:0:0, 3:0:0:0:0, 1:0:0:0:0, 2:0:0:0:0, 2:2:0:0:2, 4:0:0:0:1, 7:4:2:0:4, 6:2:0:0:4, 4:1:0:0:3, 5:1:0:0:3, 4:2:0:0:3, 4:0:0:0:2, 1:0:0:0:0, 2:2:0:0:2, 0:0:0:0:0, 1:0:0:0:0, 7:2:0:0:2, 8:1:0:0:2, 4:1:0:0:1, 6:0:1:0:0, 5:1:0:0:5, 3:0:2:0:0, 6:2:0:0:4, 3:0:0:0:1, 8:0:0:0:1, 0:0:0:0:0, 380:100:25:4:176
A major (3#), 3:0:0:0:2, 3:2:0:0:0, 4:5:0:0:2, 3:1:0:0:0, 5:2:0:0:1, 5:4:0:0:3, 6:5:0:0:2, 4:2:0:0:0, 5:3:0:0:1, 4:4:0:0:2, 5:1:0:0:3, 6:4:0:0:2, 3:0:3:0:5, 3:2:0:0:0, 4:5:0:0:2, 3:1:0:0:0, 5:2:0:0:1, 5:3:0:0:2, 6:5:0:0:2, 5:2:0:0:0, 5:3:0:0:1, 4:4:0:0:2, 5:1:0:0:3, 6:4:0:0:2,  , 4:2:0:0:0, 1:0:1:0:1, 3:0:0:0:2, 4:0:0:0:2, 4:3:0:0:2, 3:1:0:0:1, 3:3:0:0:0, 1:0:0:0:0, 6:5:0:0:3, 3:2:0:0:1, 3:1:0:0:0, 5:4:0:0:2, 3:1:0:0:0, 3:2:4:0:4, 2:0:0:0:1, 4:0:0:0:2, 4:4:0:0:1, 3:0:0:0:0, 3:1:0:0:0, 1:0:0:0:0, 6:6:0:0:4, 5:1:0:0:1, 6:1:0:0:0, 6:3:1:0:4, 4:1:0:0:0, 1:0:0:0:0, 1:0:0:0:0, 1:0:0:0:0, 4:3:0:0:1, 1:0:0:0:1, 3:1:0:0:0, 1:0:0:0:0, 4:3:0:0:2, 2:1:0:0:1, 3:1:0:0:0, 3:2:0:0:2, 3:1:0:0:0, 1:0:0:0:0, 0:0:0:0:0, 3:0:0:0:1, 5:4:0:0:3, 2:0:0:0:0, 3:1:0:0:0, 2:0:0:0:1, 6:7:0:0:6, 3:4:0:0:4, 5:2:0:0:0, 3:2:0:0:2, 4:2:0:0:0, 2:0:0:0:1, 3:2:0:0:2, 5:0:0:2:3, 5:3:0:0:2, 1:1:0:0:0, 3:2:0:0:0, 2:0:0:0:1, 6:4:1:0:4, 4:1:2:0:3, 4:1:0:0:0, 3:3:0:0:3, 4:1:0:0:0, 3:2:0:0:3, 3:0:0:0:1, 5:4:0:0:2, 6:4:0:0:3, 6:5:1:0:2, 6:4:0:0:1, 0:0:0:0:0, 7:5:0:0:3, 6:1:2:0:3, 4:2:0:0:0, 3:2:0:0:2, 7:4:0:0:0, 4:0:0:0:1, 3:0:0:0:1, 6:6:1:0:2, 4:4:0:0:2, 4:0:0:0:1, 5:1:0:0:0, 3:0:2:0:3, 7:4:0:0:3, 4:2:0:0:4, 4:2:0:0:0, 6:5:0:0:6, 5:2:0:0:0, 4:0:0:0:0, 3:3:0:0:0, 7:1:2:0:2, 5:3:0:0:2, 5:1:0:0:0, 6:2:0:0:0, 2:1:0:0:0, 8:6:0:0:3, 6:3:1:0:3, 7:3:0:0:0, 4:5:0:0:2, 4:2:2:0:2, 2:1:0:0:0, 2:0:0:0:1, 4:0:0:0:1, 5:5:0:0:4, 6:2:0:0:0, 5:4:0:0:2, 6:2:2:0:3, 7:8:0:0:5, 4:2:2:0:4, 5:3:0:0:1, 3:2:0:0:2, 4:1:0:0:0, 3:0:3:0:3, 1:0:0:0:1, 2:2:0:0:0, 6:7:2:0:5, 3:1:0:0:0, 5:2:0:0:0, 4:3:0:0:1, 7:6:3:0:7, 7:1:0:0:1, 5:4:0:0:3, 4:2:1:0:3, 4:3:0:0:0, 4:3:0:0:0, 1:0:0:0:0,  , 4:2:0:0:1, 3:0:0:0:0, 6:3:0:0:2, 3:0:1:0:2, 5:3:0:0:2, 2:4:0:0:4, 7:4:0:2:2, 8:5:2:0:6, 8:2:0:0:0, 5:0:1:0:3, 5:1:0:0:3, 3:1:2:0:3, 8:4:0:0:3, 4:2:0:0:1, 5:2:0:0:0, 2:1:0:0:1, 7:5:0:0:4, 7:3:0:0:2, 9:6:1:0:3, 3:0:2:0:2, 10:14:1:0:12, 7:1:0:0:0, 7:15:2:0:9, 2:2:0:0:0, 5:4:0:0:1, 6:4:0:0:3, 0:0:0:0:0, 725:399:48:4:285
C minor (3b), 3:0:0:0:1, 0:0:0:0:0, 4:1:0:0:2, 2:0:0:0:2, 1:0:0:0:1, 1:0:0:0:0, 4:1:0:0:1, 2:0:0:0:2, 2:0:0:0:0, 1:0:0:0:0, 3:1:0:0:2, 2:0:0:0:1, 1:0:0:0:0, 0:0:0:0:0, 4:1:0:0:2, 2:0:0:0:2, 1:0:0:0:1, 1:0:0:0:0, 4:1:0:0:1, 3:0:0:0:1, 2:0:0:0:0, 1:0:0:0:0, 3:1:0:0:2, 4:0:0:0:1,  , 0:0:0:0:0, 1:0:0:0:0, 0:0:0:0:0, 2:0:0:0:1, 0:0:0:0:0, 0:0:0:0:0, 1:0:0:0:0, 0:0:0:0:0, 1:0:0:0:0, 3:3:0:0:3, 1:0:0:0:0, 3:2:0:0:2, 2:0:0:0:1, 3:3:0:0:5, 1:0:2:0:0, 1:1:0:0:1, 0:0:0:0:0, 0:0:0:0:0, 1:0:0:0:0, 0:0:0:0:0, 2:1:0:0:1, 4:2:0:0:3, 4:0:0:0:3, 3:1:1:0:1, 0:0:0:0:0, 0:0:0:0:0, 0:0:0:0:0, 0:0:0:0:0, 0:0:0:0:0, 0:0:0:0:0, 0:0:0:0:0, 0:0:0:0:0, 1:0:0:0:0, 2:1:0:0:1, 0:0:0:0:0, 2:1:0:0:1, 1:0:0:0:1, 1:0:0:0:3, 2:0:0:0:0, 0:0:0:0:0, 0:0:0:0:0, 0:0:0:0:0, 2:0:0:0:1, 0:0:0:0:0, 2:0:0:0:1, 3:1:0:0:1, 1:1:0:0:1, 2:1:0:0:1, 3:0:0:0:0, 4:2:0:2:4, 0:0:0:0:0, 3:0:0:2:3, 1:0:0:0:1, 2:0:2:0:0, 1:0:0:0:0, 2:0:0:0:0, 3:0:0:0:0, 5:1:0:0:2, 2:2:0:0:2, 2:1:0:0:1, 1:0:0:0:1, 4:3:0:0:3, 3:1:0:0:1, 3:0:1:0:0, 1:0:0:0:1, 3:0:1:0:0, 2:0:0:0:0, 1:0:0:0:0, 3:0:0:0:0, 6:1:1:0:3, 3:1:0:0:2, 2:1:0:0:1, 4:0:0:0:1, 1:0:0:0:0, 0:0:0:0:0, 4:0:1:0:0, 0:0:0:0:0, 1:0:0:0:0, 2:0:0:0:1, 1:0:0:0:0, 2:0:0:0:1, 4:2:1:0:2, 1:0:0:0:0, 2:3:0:0:3, 1:0:0:0:0, 3:0:1:0:0, 2:0:0:0:1, 6:3:0:0:4, 0:0:0:0:0, 5:0:0:0:1, 2:0:0:0:1, 2:1:0:0:1, 5:2:0:0:2, 5:1:1:0:1, 3:1:0:0:2, 2:3:0:0:3, 2:0:0:0:0, 2:0:0:0:0, 4:2:0:0:3, 6:4:1:0:4, 0:0:0:0:0, 6:0:2:0:1, 1:0:0:0:0, 4:0:0:0:1, 3:0:0:0:0, 3:4:2:0:4, 1:0:0:0:0, 2:2:0:0:2, 0:0:0:0:0, 2:2:0:0:2, 0:0:0:0:0, 3:2:0:0:2, 2:0:2:0:0, 1:0:0:0:0, 2:1:0:0:1, 3:2:0:0:2, 4:0:0:0:0, 7:2:0:0:6, 0:0:0:0:0, 3:5:1:0:5, 1:0:0:0:0, 1:0:0:0:0, 0:0:0:0:0,  , 0:0:0:0:0, 0:0:0:0:0, 3:0:0:0:0, 1:0:0:0:0, 2:0:0:0:0, 2:2:0:0:2, 4:0:0:0:1, 7:4:2:0:4, 6:2:0:0:4, 4:1:0:0:3, 5:1:0:0:3, 4:2:0:0:3, 4:0:0:0:2, 1:0:0:0:0, 2:2:0:0:2, 0:0:0:0:0, 1:0:0:0:0, 7:2:0:0:2, 8:1:0:0:2, 4:1:0:0:1, 6:0:1:0:0, 5:1:0:0:5, 3:0:2:0:0, 6:2:0:0:4, 3:0:0:0:1, 8:0:0:0:1, 0:0:0:0:0, 380:100:25:4:176
F# minor (3#), 3:0:0:0:2, 3:2:0:0:0, 4:5:0:0:2, 3:1:0:0:0, 5:2:0:0:1, 5:4:0:0:3, 6:5:0:0:2, 4:2:0:0:0, 5:3:0:0:1, 4:4:0:0:2, 5:1:0:0:3, 6:4:0:0:2, 3:0:3:0:5, 3:2:0:0:0, 4:5:0:0:2, 3:1:0:0:0, 5:2:0:0:1, 5:3:0:0:2, 6:5:0:0:2, 5:2:0:0:0, 5:3:0:0:1, 4:4:0:0:2, 5:1:0:0:3, 6:4:0:0:2,  , 4:2:0:0:0, 1:0:1:0:1, 3:0:0:0:2, 4:0:0:0:2, 4:3:0:0:2, 3:1:0:0:1, 3:3:0:0:0, 1:0:0:0:0, 6:5:0:0:3, 3:2:0:0:1, 3:1:0:0:0, 5:4:0:0:2, 3:1:0:0:0, 3:2:4:0:4, 2:0:0:0:1, 4:0:0:0:2, 4:4:0:0:1, 3:0:0:0:0, 3:1:0:0:0, 1:0:0:0:0, 6:6:0:0:4, 5:1:0:0:1, 6:1:0:0:0, 6:3:1:0:4, 4:1:0:0:0, 1:0:0:0:0, 1:0:0:0:0, 1:0:0:0:0, 4:3:0:0:1, 1:0:0:0:1, 3:1:0:0:0, 1:0:0:0:0, 4:3:0:0:2, 2:1:0:0:1, 3:1:0:0:0, 3:2:0:0:2, 3:1:0:0:0, 1:0:0:0:0, 0:0:0:0:0, 3:0:0:0:1, 5:4:0:0:3, 2:0:0:0:0, 3:1:0:0:0, 2:0:0:0:1, 6:7:0:0:6, 3:4:0:0:4, 5:2:0:0:0, 3:2:0:0:2, 4:2:0:0:0, 2:0:0:0:1, 3:2:0:0:2, 5:0:0:2:3, 5:3:0:0:2, 1:1:0:0:0, 3:2:0:0:0, 2:0:0:0:1, 6:4:1:0:4, 4:1:2:0:3, 4:1:0:0:0, 3:3:0:0:3, 4:1:0:0:0, 3:2:0:0:3, 3:0:0:0:1, 5:4:0:0:2, 6:4:0:0:3, 6:5:1:0:2, 6:4:0:0:1, 0:0:0:0:0, 7:5:0:0:3, 6:1:2:0:3, 4:2:0:0:0, 3:2:0:0:2, 7:4:0:0:0, 4:0:0:0:1, 3:0:0:0:1, 6:6:1:0:2, 4:4:0:0:2, 4:0:0:0:1, 5:1:0:0:0, 3:0:2:0:3, 7:4:0:0:3, 4:2:0:0:4, 4:2:0:0:0, 6:5:0:0:6, 5:2:0:0:0, 4:0:0:0:0, 3:3:0:0:0, 7:1:2:0:2, 5:3:0:0:2, 5:1:0:0:0, 6:2:0:0:0, 2:1:0:0:0, 8:6:0:0:3, 6:3:1:0:3, 7:3:0:0:0, 4:5:0:0:2, 4:2:2:0:2, 2:1:0:0:0, 2:0:0:0:1, 4:0:0:0:1, 5:5:0:0:4, 6:2:0:0:0, 5:4:0:0:2, 6:2:2:0:3, 7:8:0:0:5, 4:2:2:0:4, 5:3:0:0:1, 3:2:0:0:2, 4:1:0:0:0, 3:0:3:0:3, 1:0:0:0:1, 2:2:0:0:0, 6:7:2:0:5, 3:1:0:0:0, 5:2:0:0:0, 4:3:0:0:1, 7:6:3:0:7, 7:1:0:0:1, 5:4:0:0:3, 4:2:1:0:3, 4:3:0:0:0, 4:3:0:0:0, 1:0:0:0:0,  , 4:2:0:0:1, 3:0:0:0:0, 6:3:0:0:2, 3:0:1:0:2, 5:3:0:0:2, 2:4:0:0:4, 7:4:0:2:2, 8:5:2:0:6, 8:2:0:0:0, 5:0:1:0:3, 5:1:0:0:3, 3:1:2:0:3, 8:4:0:0:3, 4:2:0:0:1, 5:2:0:0:0, 2:1:0:0:1, 7:5:0:0:4, 7:3:0:0:2, 9:6:1:0:3, 3:0:2:0:2, 10:14:1:0:12, 7:1:0:0:0, 7:15:2:0:9, 2:2:0:0:0, 5:4:0:0:1, 6:4:0:0:3, 0:0:0:0:0, 725:399:48:4:285
Ab major (4b), 2:0:0:0:1, 1:0:0:0:0, 5:1:0:0:3, 3:0:0:0:3, 2:0:0:0:1, 2:0:0:0:1, 5:1:0:0:2, 3:0:0:0:4, 3:0:0:0:1, 0:0:0:0:0, 4:1:0:0:3, 3:0:0:0:1, 0:0:0:0:0, 1:0:0:0:0, 5:1:0:0:3, 3:0:0:0:3, 2:0:0:0:1, 2:0:0:0:1, 5:1:0:0:2, 4:0:0:0:3, 3:0:0:0:1, 0:0:0:0:0, 4:1:0:0:3, 5:0:0:0:1,  , 1:0:0:0:0, 0:0:0:0:0, 0:0:0:0:0, 2:0:0:0:1, 1:0:0:0:0, 1:0:0:0:0, 2:0:0:0:1, 0:0:0:0:0, 0:0:0:0:0, 4:3:0:0:5, 2:0:0:0:1, 4:2:0:0:6, 3:0:0:0:2, 4:3:0:0:5, 1:0:2:0:0, 1:0:0:0:0, 1:0:0:0:0, 1:0:0:0:0, 2:0:0:0:2, 0:0:0:0:0, 1:1:0:0:1, 5:2:0:0:4, 5:0:0:0:4, 4:1:1:0:3, 1:0:0:0:0, 0:0:0:0:0, 0:0:0:0:0, 0:0:0:0:0, 0:0:0:0:0, 0:0:0:0:0, 1:0:0:0:0, 0:0:0:0:0, 0:0:0:0:0, 3:1:0:0:2, 1:0:0:0:0, 3:1:0:0:3, 2:0:0:0:1, 2:0:0:0:3, 3:0:0:0:2, 0:0:0:0:0, 1:0:0:0:0, 0:0:0:0:0, 3:0:0:0:2, 0:0:0:0:0, 1:0:0:0:1, 4:1:0:0:2, 2:1:0:0:1, 3:1:0:0:3, 4:0:0:0:1, 5:2:0:2:2, 1:0:0:0:0, 3:0:0:2:1, 1:0:0:0:1, 2:0:2:0:2, 2:0:0:0:1, 3:0:0:0:1, 2:0:0:0:0, 6:1:0:0:3, 3:2:0:0:3, 3:1:0:0:3, 2:0:0:0:1, 4:0:0:0:1, 4:1:0:0:2, 4:0:1:0:1, 2:0:0:0:1, 4:0:1:0:2, 3:0:0:0:4, 1:0:0:0:1, 2:0:0:0:1, 7:1:1:0:7, 4:1:0:0:5, 3:1:0:0:3, 5:0:0:0:2, 0:0:0:0:0, 0:0:0:0:0, 5:0:1:0:1, 1:0:0:0:0, 1:0:0:0:1, 3:0:0:0:1, 0:0:0:0:0, 1:0:0:0:1, 5:2:1:0:3, 2:0:0:0:2, 3:3:0:0:9, 2:0:0:0:0, 4:0:1:0:1, 3:0:0:0:3, 6:2:0:0:5, 1:0:0:0:0, 6:0:0:0:2, 3:0:0:0:4, 2:1:0:0:3, 4:2:0:0:7, 6:1:1:0:4, 4:1:0:0:6, 3:3:0:0:8, 3:0:0:0:1, 2:0:0:0:2, 5:2:0:0:6, 6:3:1:0:5, 1:0:0:0:0, 7:0:2:0:3, 2:0:0:0:1, 5:0:0:0:5, 2:0:0:0:1, 4:4:2:0:7, 2:0:0:0:1, 3:2:0:0:4, 1:0:0:0:0, 3:2:0:0:2, 1:0:0:0:0, 3:2:0:0:6, 3:0:2:0:1, 1:0:0:0:1, 3:1:0:0:4, 4:2:0:0:3, 3:0:0:0:3, 8:2:0:0:11, 1:0:0:0:0, 4:5:1:0:10, 2:0:0:0:2, 2:0:0:0:3, 1:0:0:0:0,  , 0:0:0:0:0, 1:0:0:0:0, 4:0:0:0:1, 0:0:0:0:0, 1:0:0:0:1, 3:2:0:0:3, 5:0:0:0:4, 8:4:2:0:8, 7:2:0:0:7, 4:1:0:0:4, 4:1:0:0:5, 4:0:0:0:3, 5:0:0:0:3, 2:0:0:0:1, 3:2:0:0:5, 1:0:0:0:0, 0:0:0:0:0, 8:2:0:0:5, 7:1:0:0:6, 5:1:0:0:2, 5:0:1:0:0, 6:1:0:0:6, 2:0:2:0:0, 7:2:0:0:8, 4:0:0:0:2, 9:0:0:0:2, 1:0:0:0:0, 475:92:25:4:361
E major (4#), 3:0:0:0:0, 4:2:0:0:2, 5:5:0:0:5, 4:1:0:0:1, 6:2:0:0:2, 6:2:0:0:2, 7:5:0:0:5, 5:2:0:0:2, 6:1:2:0:3, 4:4:0:0:4, 6:1:0:0:1, 7:4:0:0:4, 3:0:3:0:3, 4:2:0:0:2, 5:5:0:0:5, 4:1:0:0:1, 6:2:0:0:2, 6:2:0:0:2, 7:5:0:0:5, 6:2:0:0:2, 6:1:2:0:3, 4:4:0:0:4, 6:1:0:0:1, 7:4:0:0:4,  , 5:2:0:0:2, 1:0:1:0:1, 3:0:0:0:0, 3:0:0:0:0, 5:2:0:0:2, 3:0:0:0:0, 4:3:0:0:3, 0:0:0:0:0, 6:5:0:0:5, 4:2:0:0:2, 4:1:0:0:1, 6:4:0:0:4, 4:1:0:0:1, 4:2:4:0:4, 1:0:0:0:0, 5:0:0:0:0, 5:4:0:0:4, 4:0:0:0:0, 4:1:0:0:1, 1:0:0:0:0, 6:6:0:0:6, 6:1:0:0:1, 7:1:0:0:1, 7:2:1:0:3, 5:1:0:0:1, 1:0:0:0:0, 1:0:0:0:0, 1:0:0:0:0, 4:3:0:0:3, 1:0:0:0:0, 4:1:0:0:1, 1:0:0:0:0, 4:3:0:0:3, 3:1:0:0:1, 4:1:0:0:1, 4:2:0:0:2, 4:1:0:0:1, 2:0:0:0:0, 1:0:0:0:0, 3:0:0:0:0, 6:4:0:0:4, 2:0:0:0:0, 4:1:0:0:1, 2:0:0:0:0, 6:7:0:0:7, 4:4:0:0:4, 6:2:0:0:2, 4:2:0:0:2, 5:2:0:0:2, 3:0:0:0:0, 3:0:0:0:0, 5:0:0:2:2, 5:2:0:0:2, 1:1:0:0:1, 4:2:0:0:2, 3:0:0:0:0, 6:4:1:0:5, 5:1:2:0:3, 5:1:0:0:1, 4:3:0:0:3, 5:1:0:0:1, 4:1:0:0:1, 4:0:0:0:0, 6:4:0:0:4, 7:4:0:0:4, 7:5:1:0:5, 7:4:0:0:4, 0:0:0:0:0, 7:5:0:0:5, 7:1:2:0:3, 5:2:0:0:2, 4:2:0:0:2, 8:4:0:0:4, 4:0:0:0:0, 3:0:0:0:0, 6:5:1:0:5, 5:4:0:0:4, 4:0:0:0:0, 6:1:0:0:1, 3:0:2:0:2, 7:4:0:0:4, 5:2:0:0:2, 5:2:0:0:2, 7:5:0:0:5, 6:2:0:0:2, 5:0:0:0:0, 4:3:0:0:3, 8:1:2:0:3, 6:2:0:0:2, 6:1:0:0:1, 7:2:0:0:2, 2:1:0:0:1, 8:6:0:0:6, 7:3:1:0:3, 8:3:0:0:3, 5:5:0:0:5, 5:2:2:0:4, 2:1:0:0:1, 3:0:0:0:0, 5:0:0:0:0, 6:5:0:0:5, 7:2:0:0:2, 6:4:0:0:4, 6:3:0:0:3, 7:8:0:0:8, 5:2:2:0:4, 6:3:0:0:3, 4:2:0:0:2, 5:1:0:0:1, 4:0:3:0:3, 2:0:0:0:0, 2:2:0:0:2, 7:6:2:0:6, 2:1:0:0:1, 6:2:0:0:2, 5:3:0:0:3, 7:6:3:0:9, 8:1:0:0:1, 6:4:0:0:4, 5:2:1:0:3, 5:3:0:0:3, 5:3:0:0:3, 2:0:0:0:0,  , 4:2:0:0:2, 4:0:0:0:0, 7:3:0:0:3, 3:0:1:0:1, 5:3:0:0:3, 3:4:0:0:4, 8:4:0:2:6, 9:5:2:0:6, 9:2:0:0:2, 5:0:1:0:1, 5:1:0:0:1, 3:0:2:0:2, 9:3:0:0:3, 4:1:0:0:1, 6:2:0:0:2, 2:0:0:0:0, 7:5:0:0:5, 8:3:0:0:3, 9:6:1:0:6, 4:0:2:0:2, 10:14:1:0:14, 8:1:0:0:1, 7:15:2:0:15, 3:2:0:0:2, 6:4:0:0:4, 7:2:0:0:2, 1:0:0:0:0, 838:377:50:4:419
F minor (4b), 2:0:0:0:1, 1:0:0:0:0, 5:1:0:0:3, 3:0:0:0:3, 2:0:0:0:1, 2:0:0:0:1, 5:1:0:0:2, 3:0:0:0:4, 3:0:0:0:1, 0:0:0:0:0, 4:1:0:0:3, 3:0:0:0:1, 0:0:0:0:0, 1:0:0:0:0, 5:1:0:0:3, 3:0:0:0:3, 2:0:0:0:1, 2:0:0:0:1, 5:1:0:0:2, 4:0:0:0:3, 3:0:0:0:1, 0:0:0:0:0, 4:1:0:0:3, 5:0:0:0:1,  , 1:0:0:0:0, 0:0:0:0:0, 0:0:0:0:0, 2:0:0:0:1, 1:0:0:0:0, 1:0:0:0:0, 2:0:0:0:1, 0:0:0:0:0, 0:0:0:0:0, 4:3:0:0:5, 2:0:0:0:1, 4:2:0:0:6, 3:0:0:0:2, 4:3:0:0:5, 1:0:2:0:0, 1:0:0:0:0, 1:0:0:0:0, 1:0:0:0:0, 2:0:0:0:2, 0:0:0:0:0, 1:1:0:0:1, 5:2:0:0:4, 5:0:0:0:4, 4:1:1:0:3, 1:0:0:0:0, 0:0:0:0:0, 0:0:0:0:0, 0:0:0:0:0, 0:0:0:0:0, 0:0:0:0:0, 1:0:0:0:0, 0:0:0:0:0, 0:0:0:0:0, 3:1:0:0:2, 1:0:0:0:0, 3:1:0:0:3, 2:0:0:0:1, 2:0:0:0:3, 3:0:0:0:2, 0:0:0:0:0, 1:0:0:0:0, 0:0:0:0:0, 3:0:0:0:2, 0:0:0:0:0, 1:0:0:0:1, 4:1:0:0:2, 2:1:0:0:1, 3:1:0:0:3, 4:0:0:0:1, 5:2:0:2:2, 1:0:0:0:0, 3:0:0:2:1, 1:0:0:0:1, 2:0:2:0:2, 2:0:0:0:1, 3:0:0:0:1, 2:0:0:0:0, 6:1:0:0:3, 3:2:0:0:3, 3:1:0:0:3, 2:0:0:0:1, 4:0:0:0:1, 4:1:0:0:2, 4:0:1:0:1, 2:0:0:0:1, 4:0:1:0:2, 3:0:0:0:4, 1:0:0:0:1, 2:0:0:0:1, 7:1:1:0:7, 4:1:0:0:5, 3:1:0:0:3, 5:0:0:0:2, 0:0:0:0:0, 0:0:0:0:0, 5:0:1:0:1, 1:0:0:0:0, 1:0:0:0:1, 3:0:0:0:1, 0:0:0:0:0, 1:0:0:0:1, 5:2:1:0:3, 2:0:0:0:2, 3:3:0:0:9, 2:0:0:0:0, 4:0:1:0:1, 3:0:0:0:3, 6:2:0:0:5, 1:0:0:0:0, 6:0:0:0:2, 3:0:0:0:4, 2:1:0:0:3, 4:2:0:0:7, 6:1:1:0:4, 4:1:0:0:6, 3:3:0:0:8, 3:0:0:0:1, 2:0:0:0:2, 5:2:0:0:6, 6:3:1:0:5, 1:0:0:0:0, 7:0:2:0:3, 2:0:0:0:1, 5:0:0:0:5, 2:0:0:0:1, 4:4:2:0:7, 2:0:0:0:1, 3:2:0:0:4, 1:0:0:0:0, 3:2:0:0:2, 1:0:0:0:0, 3:2:0:0:6, 3:0:2:0:1, 1:0:0:0:1, 3:1:0:0:4, 4:2:0:0:3, 3:0:0:0:3, 8:2:0:0:11, 1:0:0:0:0, 4:5:1:0:10, 2:0:0:0:2, 2:0:0:0:3, 1:0:0:0:0,  , 0:0:0:0:0, 1:0:0:0:0, 4:0:0:0:1, 0:0:0:0:0, 1:0:0:0:1, 3:2:0:0:3, 5:0:0:0:4, 8:4:2:0:8, 7:2:0:0:7, 4:1:0:0:4, 4:1:0:0:5, 4:0:0:0:3, 5:0:0:0:3, 2:0:0:0:1, 3:2:0:0:5, 1:0:0:0:0, 0:0:0:0:0, 8:2:0:0:5, 7:1:0:0:6, 5:1:0:0:2, 5:0:1:0:0, 6:1:0:0:6, 2:0:2:0:0, 7:2:0:0:8, 4:0:0:0:2, 9:0:0:0:2, 1:0:0:0:0, 475:92:25:4:361
C# minor (4#), 3:0:0:0:0, 4:2:0:0:2, 5:5:0:0:5, 4:1:0:0:1, 6:2:0:0:2, 6:2:0:0:2, 7:5:0:0:5, 5:2:0:0:2, 6:1:2:0:3, 4:4:0:0:4, 6:1:0:0:1, 7:4:0:0:4, 3:0:3:0:3, 4:2:0:0:2, 5:5:0:0:5, 4:1:0:0:1, 6:2:0:0:2, 6:2:0:0:2, 7:5:0:0:5, 6:2:0:0:2, 6:1:2:0:3, 4:4:0:0:4, 6:1:0:0:1, 7:4:0:0:4,  , 5:2:0:0:2, 1:0:1:0:1, 3:0:0:0:0, 3:0:0:0:0, 5:2:0:0:2, 3:0:0:0:0, 4:3:0:0:3, 0:0:0:0:0, 6:5:0:0:5, 4:2:0:0:2, 4:1:0:0:1, 6:4:0:0:4, 4:1:0:0:1, 4:2:4:0:4, 1:0:0:0:0, 5:0:0:0:0, 5:4:0:0:4, 4:0:0:0:0, 4:1:0:0:1, 1:0:0:0:0, 6:6:0:0:6, 6:1:0:0:1, 7:1:0:0:1, 7:2:1:0:3, 5:1:0:0:1, 1:0:0:0:0, 1:0:0:0:0, 1:0:0:0:0, 4:3:0:0:3, 1:0:0:0:0, 4:1:0:0:1, 1:0:0:0:0, 4:3:0:0:3, 3:1:0:0:1, 4:1:0:0:1, 4:2:0:0:2, 4:1:0:0:1, 2:0:0:0:0, 1:0:0:0:0, 3:0:0:0:0, 6:4:0:0:4, 2:0:0:0:0, 4:1:0:0:1, 2:0:0:0:0, 6:7:0:0:7, 4:4:0:0:4, 6:2:0:0:2, 4:2:0:0:2, 5:2:0:0:2, 3:0:0:0:0, 3:0:0:0:0, 5:0:0:2:2, 5:2:0:0:2, 1:1:0:0:1, 4:2:0:0:2, 3:0:0:0:0, 6:4:1:0:5, 5:1:2:0:3, 5:1:0:0:1, 4:3:0:0:3, 5:1:0:0:1, 4:1:0:0:1, 4:0:0:0:0, 6:4:0:0:4, 7:4:0:0:4, 7:5:1:0:5, 7:4:0:0:4, 0:0:0:0:0, 7:5:0:0:5, 7:1:2:0:3, 5:2:0:0:2, 4:2:0:0:2, 8:4:0:0:4, 4:0:0:0:0, 3:0:0:0:0, 6:5:1:0:5, 5:4:0:0:4, 4:0:0:0:0, 6:1:0:0:1, 3:0:2:0:2, 7:4:0:0:4, 5:2:0:0:2, 5:2:0:0:2, 7:5:0:0:5, 6:2:0:0:2, 5:0:0:0:0, 4:3:0:0:3, 8:1:2:0:3, 6:2:0:0:2, 6:1:0:0:1, 7:2:0:0:2, 2:1:0:0:1, 8:6:0:0:6, 7:3:1:0:3, 8:3:0:0:3, 5:5:0:0:5, 5:2:2:0:4, 2:1:0:0:1, 3:0:0:0:0, 5:0:0:0:0, 6:5:0:0:5, 7:2:0:0:2, 6:4:0:0:4, 6:3:0:0:3, 7:8:0:0:8, 5:2:2:0:4, 6:3:0:0:3, 4:2:0:0:2, 5:1:0:0:1, 4:0:3:0:3, 2:0:0:0:0, 2:2:0:0:2, 7:6:2:0:6, 2:1:0:0:1, 6:2:0:0:2, 5:3:0:0:3, 7:6:3:0:9, 8:1:0:0:1, 6:4:0:0:4, 5:2:1:0:3, 5:3:0:0:3, 5:3:0:0:3, 2:0:0:0:0,  , 4:2:0:0:2, 4:0:0:0:0, 7:3:0:0:3, 3:0:1:0:1, 5:3:0:0:3, 3:4:0:0:4, 8:4:0:2:6, 9:5:2:0:6, 9:2:0:0:2, 5:0:1:0:1, 5:1:0:0:1, 3:0:2:0:2, 9:3:0:0:3, 4:1:0:0:1, 6:2:0:0:2, 2:0:0:0:0, 7:5:0:0:5, 8:3:0:0:3, 9:6:1:0:6, 4:0:2:0:2, 10:14:1:0:14, 8:1:0:0:1, 7:15:2:0:15, 3:2:0:0:2, 6:4:0:0:4, 7:2:0:0:2, 1:0:0:0:0, 838:377:50:4:419
Db major (5b), 3:0:0:0:1, 2:0:0:0:2, 6:1:0:0:5, 4:0:0:0:4, 3:0:0:0:5, 3:0:0:0:3, 6:1:0:0:4, 4:0:0:0:6, 4:0:0:0:2, 1:0:0:0:0, 5:1:0:0:4, 4:0:0:0:2, 1:0:0:0:0, 2:0:0:0:2, 6:1:0:0:5, 4:0:0:0:4, 3:0:0:0:5, 3:0:0:0:4, 6:1:0:0:4, 5:0:0:0:5, 4:0:0:0:2, 1:0:0:0:0, 5:1:0:0:4, 6:0:0:0:2,  , 2:0:0:0:1, 0:0:0:0:0, 1:0:0:0:0, 3:0:0:0:1, 2:0:0:0:1, 2:0:0:0:1, 3:0:0:0:2, 0:0:0:0:0, 1:0:0:0:0, 4:2:0:0:6, 3:0:0:0:2, 5:2:0:0:8, 4:0:0:0:3, 4:0:0:0:3, 1:0:2:0:0, 2:0:0:0:1, 2:0:0:0:1, 1:0:0:0:1, 3:0:0:0:4, 0:0:0:0:0, 2:1:0:0:1, 6:2:0:0:5, 6:0:0:0:5, 5:1:1:0:5, 2:0:0:0:1, 0:0:0:0:0, 0:0:0:0:0, 0:0:0:0:0, 1:0:0:0:0, 0:0:0:0:0, 2:0:0:0:1, 0:0:0:0:0, 1:0:0:0:0, 3:1:0:0:3, 2:0:0:0:1, 4:1:0:0:4, 3:0:0:0:3, 2:0:0:0:4, 3:0:0:0:3, 1:0:0:0:0, 2:0:0:0:1, 0:0:0:0:0, 4:0:0:0:3, 1:0:0:0:0, 2:0:0:0:1, 4:1:0:0:4, 3:1:0:0:3, 4:1:0:0:4, 5:0:0:0:4, 5:0:0:2:1, 1:0:0:0:1, 4:0:0:2:1, 2:0:0:0:1, 2:0:2:0:2, 3:0:0:0:3, 4:0:0:0:2, 3:0:0:0:1, 5:1:0:0:4, 4:2:0:0:6, 4:1:0:0:5, 3:0:0:0:2, 3:0:0:0:3, 5:1:0:0:3, 5:0:1:0:3, 3:0:0:0:4, 5:0:1:0:3, 4:0:0:0:9, 1:0:0:0:1, 3:0:0:0:1, 8:1:1:0:8, 5:1:0:0:8, 4:1:0:0:4, 6:0:0:0:3, 1:0:0:0:0, 1:0:0:0:0, 6:0:1:0:2, 2:0:0:0:1, 2:0:0:0:1, 4:0:0:0:2, 1:0:0:0:0, 2:0:0:0:1, 5:1:1:0:3, 3:0:0:0:5, 4:3:0:0:11, 3:0:0:0:3, 5:0:1:0:4, 4:0:0:0:4, 7:2:0:0:7, 2:0:0:0:1, 7:0:0:0:4, 4:0:0:0:7, 2:0:0:0:2, 5:2:0:0:9, 7:1:1:0:5, 5:1:0:0:10, 4:3:0:0:10, 4:0:0:0:2, 1:0:0:0:2, 4:2:0:0:8, 7:0:1:0:4, 2:0:0:0:3, 8:0:2:0:4, 3:0:0:0:5, 4:0:0:0:7, 3:0:0:0:1, 5:4:2:0:8, 3:0:0:0:4, 4:2:0:0:5, 2:0:0:0:2, 2:2:0:0:4, 1:0:0:0:1, 3:2:0:0:6, 4:0:2:0:3, 2:0:0:0:1, 4:1:0:0:7, 5:2:0:0:5, 4:0:0:0:3, 9:2:0:0:12, 2:0:0:0:3, 5:5:1:0:12, 3:0:0:0:3, 3:0:0:0:4, 1:0:0:0:1,  , 1:0:0:0:0, 2:0:0:0:1, 5:0:0:0:5, 0:0:0:0:0, 2:0:0:0:1, 3:1:0:0:3, 6:0:0:0:7, 9:4:2:0:11, 8:2:0:0:9, 3:1:0:0:4, 4:1:0:0:5, 4:0:0:0:4, 6:0:0:0:5, 3:0:0:0:2, 4:2:0:0:8, 1:0:0:0:1, 1:0:0:0:0, 8:3:0:0:9, 8:1:0:0:7, 4:1:0:0:3, 4:0:1:0:0, 7:1:0:0:7, 1:0:2:0:0, 7:2:0:0:9, 5:0:0:0:3, 8:0:0:0:3, 1:0:0:0:1, 593:81:25:4:565
B major (5#), 2:0:0:0:0, 4:2:0:0:4, 6:5:0:0:5, 5:1:0:0:1, 6:2:0:0:5, 7:2:0:0:4, 8:3:1:0:4, 6:1:0:0:3, 7:1:2:0:4, 4:3:0:0:3, 7:1:0:0:1, 7:4:0:0:5, 2:0:3:0:3, 4:2:0:0:4, 6:5:0:0:5, 5:1:0:0:1, 6:2:0:0:5, 7:2:0:0:4, 8:3:1:0:4, 7:1:0:0:3, 7:1:2:0:4, 4:3:0:0:3, 7:1:0:0:1, 7:4:0:0:5,  , 5:1:0:0:2, 1:0:1:0:1, 2:0:0:0:0, 2:0:0:0:0, 5:2:0:0:2, 3:0:0:0:0, 5:2:0:0:3, 0:0:0:0:0, 6:4:0:0:5, 5:2:0:0:2, 5:1:0:0:2, 7:4:0:0:5, 5:1:0:0:2, 4:2:4:0:2, 0:0:0:0:0, 4:0:0:0:3, 5:2:0:0:2, 4:0:0:0:1, 5:1:0:0:2, 1:0:0:0:0, 6:5:0:0:5, 7:1:0:0:2, 8:1:0:0:3, 8:2:1:0:2, 5:1:0:0:4, 1:0:0:0:1, 1:0:0:0:1, 1:0:0:0:1, 4:2:0:0:2, 0:0:0:0:0, 4:1:0:0:3, 1:0:0:0:1, 4:3:0:0:3, 4:1:0:0:1, 4:1:0:0:4, 5:2:0:0:2, 4:1:0:0:2, 2:0:0:0:1, 2:0:0:0:0, 2:0:0:0:1, 6:4:0:0:5, 2:0:0:0:1, 5:1:0:0:3, 1:0:0:0:0, 6:7:0:0:7, 5:4:0:0:5, 6:1:0:0:3, 5:2:0:0:2, 6:2:0:0:3, 4:0:0:0:0, 3:0:0:0:2, 4:0:0:2:3, 5:2:0:0:2, 1:0:0:0:0, 5:1:0:0:3, 4:0:0:0:0, 6:4:1:0:5, 6:1:2:0:1, 6:1:0:0:2, 5:3:0:0:3, 5:1:0:0:2, 5:1:0:0:1, 5:0:0:0:0, 7:2:0:0:3, 7:4:0:0:5, 8:0:2:4:4, 8:4:0:0:7, 1:0:0:0:0, 8:4:0:0:5, 8:1:2:0:1, 6:2:0:0:4, 5:2:0:0:2, 9:3:0:0:4, 3:0:0:0:1, 2:0:0:0:2, 6:0:0:0:0, 5:3:0:0:3, 5:0:0:0:1, 6:1:0:0:3, 2:0:2:0:2, 7:4:0:0:5, 6:2:0:0:3, 6:2:0:0:3, 8:5:0:0:6, 6:1:0:0:2, 6:0:0:0:1, 5:2:0:0:2, 8:7:3:2:6, 6:2:0:0:3, 6:0:0:0:1, 8:2:0:0:4, 3:1:0:0:1, 9:5:0:0:7, 8:3:1:0:5, 9:3:0:0:4, 6:5:0:0:5, 6:2:2:0:5, 3:1:0:0:1, 4:0:0:0:0, 6:0:0:0:0, 6:5:0:0:5, 8:2:0:0:2, 7:4:0:0:6, 7:1:2:0:1, 8:4:1:0:7, 6:2:2:0:2, 7:3:0:0:6, 5:2:0:0:2, 5:1:0:0:3, 4:0:3:0:1, 1:0:0:0:0, 3:2:0:0:2, 8:6:2:0:8, 2:0:0:0:0, 7:2:0:0:3, 5:1:0:0:1, 8:6:3:0:6, 9:1:0:0:1, 6:4:0:0:9, 6:2:1:0:2, 6:3:0:0:4, 6:3:0:0:3, 2:0:0:0:0,  , 4:2:0:0:2, 4:0:0:0:2, 8:3:0:0:7, 2:0:1:0:3, 6:3:0:0:7, 4:4:0:0:4, 9:5:0:0:7, 10:5:2:0:5, 10:2:0:0:3, 4:0:1:0:0, 5:1:0:2:3, 4:0:2:0:2, 9:4:0:0:5, 4:0:0:0:1, 7:2:0:0:3, 2:0:0:0:1, 7:5:0:0:7, 9:3:0:0:4, 10:6:1:0:6, 5:0:2:0:0, 10:14:1:0:17, 9:1:0:0:4, 7:15:2:0:17, 4:2:0:0:2, 7:3:0:0:4, 7:1:0:0:3, 1:0:0:0:0, 914:336:56:10:511
Bb minor (5b), 3:0:0:0:1, 2:0:0:0:2, 6:1:0:0:5, 4:0:0:0:4, 3:0:0:0:5, 3:0:0:0:3, 6:1:0:0:4, 4:0:0:0:6, 4:0:0:0:2, 1:0:0:0:0, 5:1:0:0:4, 4:0:0:0:2, 1:0:0:0:0, 2:0:0:0:2, 6:1:0:0:5, 4:0:0:0:4, 3:0:0:0:5, 3:0:0:0:4, 6:1:0:0:4, 5:0:0:0:5, 4:0:0:0:2, 1:0:0:0:0, 5:1:0:0:4, 6:0:0:0:2,  , 2:0:0:0:1, 0:0:0:0:0, 1:0:0:0:0, 3:0:0:0:1, 2:0:0:0:1, 2:0:0:0:1, 3:0:0:0:2, 0:0:0:0:0, 1:0:0:0:0, 4:2:0:0:6, 3:0:0:0:2, 5:2:0:0:8, 4:0:0:0:3, 4:0:0:0:3, 1:0:2:0:0, 2:0:0:0:1, 2:0:0:0:1, 1:0:0:0:1, 3:0:0:0:4, 0:0:0:0:0, 2:1:0:0:1, 6:2:0:0:5, 6:0:0:0:5, 5:1:1:0:5, 2:0:0:0:1, 0:0:0:0:0, 0:0:0:0:0, 0:0:0:0:0, 1:0:0:0:0, 0:0:0:0:0, 2:0:0:0:1, 0:0:0:0:0, 1:0:0:0:0, 3:1:0:0:3, 2:0:0:0:1, 4:1:0:0:4, 3:0:0:0:3, 2:0:0:0:4, 3:0:0:0:3, 1:0:0:0:0, 2:0:0:0:1, 0:0:0:0:0, 4:0:0:0:3, 1:0:0:0:0, 2:0:0:0:1, 4:1:0:0:4, 3:1:0:0:3, 4:1:0:0:4, 5:0:0:0:4, 5:0:0:2:1, 1:0:0:0:1, 4:0:0:2:1, 2:0:0:0:1, 2:0:2:0:2, 3:0:0:0:3, 4:0:0:0:2, 3:0:0:0:1, 5:1:0:0:4, 4:2:0:0:6, 4:1:0:0:5, 3:0:0:0:2, 3:0:0:0:3, 5:1:0:0:3, 5:0:1:0:3, 3:0:0:0:4, 5:0:1:0:3, 4:0:0:0:9, 1:0:0:0:1, 3:0:0:0:1, 8:1:1:0:8, 5:1:0:0:8, 4:1:0:0:4, 6:0:0:0:3, 1:0:0:0:0, 1:0:0:0:0, 6:0:1:0:2, 2:0:0:0:1, 2:0:0:0:1, 4:0:0:0:2, 1:0:0:0:0, 2:0:0:0:1, 5:1:1:0:3, 3:0:0:0:5, 4:3:0:0:11, 3:0:0:0:3, 5:0:1:0:4, 4:0:0:0:4, 7:2:0:0:7, 2:0:0:0:1, 7:0:0:0:4, 4:0:0:0:7, 2:0:0:0:2, 5:2:0:0:9, 7:1:1:0:5, 5:1:0:0:10, 4:3:0:0:10, 4:0:0:0:2, 1:0:0:0:2, 4:2:0:0:8, 7:0:1:0:4, 2:0:0:0:3, 8:0:2:0:4, 3:0:0:0:5, 4:0:0:0:7, 3:0:0:0:1, 5:4:2:0:8, 3:0:0:0:4, 4:2:0:0:5, 2:0:0:0:2, 2:2:0:0:4, 1:0:0:0:1, 3:2:0:0:6, 4:0:2:0:3, 2:0:0:0:1, 4:1:0:0:7, 5:2:0:0:5, 4:0:0:0:3, 9:2:0:0:12, 2:0:0:0:3, 5:5:1:0:12, 3:0:0:0:3, 3:0:0:0:4, 1:0:0:0:1,  , 1:0:0:0:0, 2:0:0:0:1, 5:0:0:0:5, 0:0:0:0:0, 2:0:0:0:1, 3:1:0:0:3, 6:0:0:0:7, 9:4:2:0:11, 8:2:0:0:9, 3:1:0:0:4, 4:1:0:0:5, 4:0:0:0:4, 6:0:0:0:5, 3:0:0:0:2, 4:2:0:0:8, 1:0:0:0:1, 1:0:0:0:0, 8:3:0:0:9, 8:1:0:0:7, 4:1:0:0:3, 4:0:1:0:0, 7:1:0:0:7, 1:0:2:0:0, 7:2:0:0:9, 5:0:0:0:3, 8:0:0:0:3, 1:0:0:0:1, 593:81:25:4:565
G# minor (5#), 2:0:0:0:0, 4:2:0:0:4, 6:5:0:0:5, 5:1:0:0:1, 6:2:0:0:5, 7:2:0:0:4, 8:3:1:0:4, 6:1:0:0:3, 7:1:2:0:4, 4:3:0:0:3, 7:1:0:0:1, 7:4:0:0:5, 2:0:3:0:3, 4:2:0:0:4, 6:5:0:0:5, 5:1:0:0:1, 6:2:0:0:5, 7:2:0:0:4, 8:3:1:0:4, 7:1:0:0:3, 7:1:2:0:4, 4:3:0:0:3, 7:1:0:0:1, 7:4:0:0:5,  , 5:1:0:0:2, 1:0:1:0:1, 2:0:0:0:0, 2:0:0:0:0, 5:2:0:0:2, 3:0:0:0:0, 5:2:0:0:3, 0:0:0:0:0, 6:4:0:0:5, 5:2:0:0:2, 5:1:0:0:2, 7:4:0:0:5, 5:1:0:0:2, 4:2:4:0:2, 0:0:0:0:0, 4:0:0:0:3, 5:2:0:0:2, 4:0:0:0:1, 5:1:0:0:2, 1:0:0:0:0, 6:5:0:0:5, 7:1:0:0:2, 8:1:0:0:3, 8:2:1:0:2, 5:1:0:0:4, 1:0:0:0:1, 1:0:0:0:1, 1:0:0:0:1, 4:2:0:0:2, 0:0:0:0:0, 4:1:0:0:3, 1:0:0:0:1, 4:3:0:0:3, 4:1:0:0:1, 4:1:0:0:4, 5:2:0:0:2, 4:1:0:0:2, 2:0:0:0:1, 2:0:0:0:0, 2:0:0:0:1, 6:4:0:0:5, 2:0:0:0:1, 5:1:0:0:3, 1:0:0:0:0, 6:7:0:0:7, 5:4:0:0:5, 6:1:0:0:3, 5:2:0:0:2, 6:2:0:0:3, 4:0:0:0:0, 3:0:0:0:2, 4:0:0:2:3, 5:2:0:0:2, 1:0:0:0:0, 5:1:0:0:3, 4:0:0:0:0, 6:4:1:0:5, 6:1:2:0:1, 6:1:0:0:2, 5:3:0:0:3, 5:1:0:0:2, 5:1:0:0:1, 5:0:0:0:0, 7:2:0:0:3, 7:4:0:0:5, 8:0:2:4:4, 8:4:0:0:7, 1:0:0:0:0, 8:4:0:0:5, 8:1:2:0:1, 6:2:0:0:4, 5:2:0:0:2, 9:3:0:0:4, 3:0:0:0:1, 2:0:0:0:2, 6:0:0:0:0, 5:3:0:0:3, 5:0:0:0:1, 6:1:0:0:3, 2:0:2:0:2, 7:4:0:0:5, 6:2:0:0:3, 6:2:0:0:3, 8:5:0:0:6, 6:1:0:0:2, 6:0:0:0:1, 5:2:0:0:2, 8:7:3:2:6, 6:2:0:0:3, 6:0:0:0:1, 8:2:0:0:4, 3:1:0:0:1, 9:5:0:0:7, 8:3:1:0:5, 9:3:0:0:4, 6:5:0:0:5, 6:2:2:0:5, 3:1:0:0:1, 4:0:0:0:0, 6:0:0:0:0, 6:5:0:0:5, 8:2:0:0:2, 7:4:0:0:6, 7:1:2:0:1, 8:4:1:0:7, 6:2:2:0:2, 7:3:0:0:6, 5:2:0:0:2, 5:1:0:0:3, 4:0:3:0:1, 1:0:0:0:0, 3:2:0:0:2, 8:6:2:0:8, 2:0:0:0:0, 7:2:0:0:3, 5:1:0:0:1, 8:6:3:0:6, 9:1:0:0:1, 6:4:0:0:9, 6:2:1:0:2, 6:3:0:0:4, 6:3:0:0:3, 2:0:0:0:0,  , 4:2:0:0:2, 4:0:0:0:2, 8:3:0:0:7, 2:0:1:0:3, 6:3:0:0:7, 4:4:0:0:4, 9:5:0:0:7, 10:5:2:0:5, 10:2:0:0:3, 4:0:1:0:0, 5:1:0:2:3, 4:0:2:0:2, 9:4:0:0:5, 4:0:0:0:1, 7:2:0:0:3, 2:0:0:0:1, 7:5:0:0:7, 9:3:0:0:4, 10:6:1:0:6, 5:0:2:0:0, 10:14:1:0:17, 9:1:0:0:4, 7:15:2:0:17, 4:2:0:0:2, 7:3:0:0:4, 7:1:0:0:3, 1:0:0:0:0, 914:336:56:10:511
Gb major (6b), 2:0:0:0:1, 2:0:0:0:4, 7:1:0:0:7, 5:0:0:0:7, 3:0:0:0:8, 4:0:0:0:5, 7:1:0:0:5, 5:0:0:0:10, 5:0:0:0:4, 1:0:0:0:1, 6:1:0:0:5, 5:0:0:0:8, 2:0:0:0:1, 2:0:0:0:4, 7:1:0:0:7, 5:0:0:0:7, 3:0:0:0:8, 4:0:0:0:6, 7:1:0:0:6, 6:0:0:0:9, 5:0:0:0:4, 1:0:0:0:1, 6:1:0:0:5, 7:0:0:0:8,  , 3:0:0:0:3, 1:0:0:0:0, 2:0:0:0:2, 2:0:0:0:2, 3:0:0:0:2, 3:0:0:0:3, 3:0:0:0:4, 0:0:0:0:0, 2:0:0:0:2, 5:2:0:0:6, 3:0:0:0:3, 6:2:0:0:9, 4:0:0:0:5, 4:0:0:0:4, 1:0:2:0:0, 2:0:0:0:2, 3:0:0:0:3, 2:0:0:0:1, 3:0:0:0:5, 1:0:0:0:0, 3:1:0:0:4, 7:2:0:0:7, 7:0:0:0:10, 6:1:1:0:6, 2:0:0:0:2, 0:0:0:0:0, 0:0:0:0:0, 0:0:0:0:0, 2:0:0:0:1, 0:0:0:0:0, 2:0:0:0:2, 0:0:0:0:0, 1:0:0:0:1, 4:1:0:0:3, 2:0:0:0:2, 5:1:0:0:5, 3:0:0:0:4, 2:0:0:0:4, 3:0:0:0:3, 1:0:0:0:1, 3:0:0:0:3, 1:0:0:0:0, 4:0:0:0:5, 1:0:0:0:1, 2:2:2:0:3, 5:1:0:0:4, 4:1:0:0:5, 5:1:0:0:5, 5:1:0:0:7, 5:0:0:2:3, 2:0:0:0:1, 3:0:0:2:2, 3:0:0:0:3, 1:0:0:0:2, 3:0:0:0:5, 4:0:0:0:4, 4:0:0:0:2, 6:1:0:0:4, 4:2:0:0:8, 5:1:0:0:6, 3:0:0:0:4, 4:0:0:0:3, 6:1:0:0:5, 4:0:0:0:5, 4:0:0:0:6, 4:0:0:0:5, 5:0:0:0:11, 1:0:0:0:1, 4:0:0:0:4, 9:1:1:0:9, 5:1:0:0:10, 5:1:0:0:6, 7:0:0:0:4, 2:0:0:0:1, 1:0:0:0:2, 7:0:0:0:3, 3:0:0:0:3, 3:0:0:0:3, 4:2:2:0:6, 2:0:0:0:1, 3:0:0:0:2, 6:1:0:0:3, 4:0:0:0:6, 5:3:0:0:14, 4:0:0:0:4, 6:0:1:0:5, 5:0:0:0:5, 8:2:0:0:8, 3:0:0:0:4, 6:0:0:0:4, 5:0:0:0:9, 2:0:0:0:4, 6:2:0:0:11, 8:1:1:0:7, 6:1:0:0:13, 5:3:0:0:11, 5:0:0:0:3, 2:0:0:0:2, 3:2:0:0:7, 7:0:1:0:6, 3:0:0:0:5, 8:0:2:3:9, 4:0:0:0:8, 5:0:0:0:8, 4:0:0:0:4, 6:4:2:0:9, 4:0:0:0:6, 5:2:0:0:6, 2:0:0:0:3, 3:2:0:0:4, 1:0:0:0:1, 4:2:0:0:6, 5:0:0:0:7, 2:0:0:0:3, 5:1:0:0:11, 5:2:0:0:6, 5:0:0:0:6, 10:2:0:0:15, 2:0:0:0:5, 6:5:1:0:15, 4:0:0:0:6, 4:0:0:0:5, 2:0:0:0:1,  , 2:0:0:0:1, 2:0:0:0:2, 5:0:0:0:7, 1:0:0:0:0, 2:0:0:0:2, 4:1:0:0:3, 7:0:0:0:10, 10:4:2:0:13, 9:2:0:0:10, 3:0:0:0:1, 5:1:0:0:5, 4:2:2:0:5, 7:0:0:0:9, 3:0:0:0:3, 5:2:0:0:10, 1:0:0:0:1, 2:0:0:0:2, 9:3:0:0:10, 7:1:0:0:9, 5:1:0:0:3, 3:0:0:0:1, 8:1:0:0:9, 0:0:0:0:0, 8:2:0:0:8, 6:0:0:0:7, 9:0:0:0:4, 1:0:0:0:1, 689:87:20:7:820
F# major (6#), 2:0:0:0:2, 4:2:0:0:4, 7:5:0:0:7, 6:1:0:0:3, 6:2:0:0:4, 7:2:0:0:7, 8:3:1:0:6, 7:1:0:0:6, 7:1:2:0:2, 4:3:0:0:3, 7:1:0:0:3, 8:4:0:0:7, 2:0:3:0:0, 4:2:0:0:4, 7:5:0:0:7, 6:1:0:0:3, 6:2:0:0:4, 7:2:0:0:7, 8:3:1:0:6, 8:1:0:0:6, 7:1:2:0:2, 4:3:0:0:3, 7:1:0:0:3, 8:4:0:0:7,  , 5:1:0:0:4, 1:0:1:0:0, 2:0:0:0:2, 2:0:0:0:2, 5:2:0:0:4, 3:0:0:0:1, 5:2:0:0:3, 0:0:0:0:0, 6:4:0:0:7, 5:2:0:0:4, 5:1:0:0:2, 7:4:0:0:6, 6:1:0:0:2, 3:2:2:0:2, 1:0:0:0:0, 3:0:0:0:0, 5:2:0:0:4, 3:0:0:0:1, 5:1:0:0:2, 1:0:0:0:1, 6:4:1:0:4, 7:1:0:0:4, 8:4:3:0:7, 8:2:0:0:4, 5:1:0:0:2, 0:0:0:0:0, 0:0:0:0:0, 0:0:0:0:0, 4:2:0:0:3, 0:0:0:0:0, 4:1:0:0:2, 0:0:0:0:0, 4:3:0:0:3, 4:1:0:0:4, 4:1:0:0:2, 5:2:0:0:4, 5:1:0:0:2, 2:0:0:0:0, 2:0:0:0:0, 1:0:0:0:0, 6:4:0:0:6, 1:0:0:0:2, 6:1:0:0:2, 1:0:0:0:0, 6:7:0:0:9, 5:4:0:0:7, 6:1:0:0:3, 5:2:0:0:4, 6:2:0:0:4, 4:0:0:0:0, 2:0:0:0:1, 3:0:0:2:2, 5:2:0:0:4, 1:0:0:0:0, 5:1:0:0:2, 4:0:0:0:0, 6:4:1:0:4, 6:1:0:0:4, 6:1:0:0:2, 5:3:0:0:5, 6:1:0:0:2, 5:1:0:0:2, 5:0:0:0:1, 6:2:0:0:2, 7:4:0:0:6, 7:0:0:4:4, 8:4:0:0:7, 1:0:0:0:0, 8:4:0:0:5, 8:1:0:0:5, 7:2:0:0:4, 5:2:0:0:4, 9:3:0:0:8, 2:0:0:0:2, 1:0:0:0:0, 6:0:0:0:2, 5:3:0:0:5, 4:0:0:0:1, 6:1:0:0:4, 2:0:2:0:0, 7:4:0:0:6, 6:2:0:0:4, 6:2:0:0:4, 8:5:0:0:9, 6:1:0:0:4, 6:0:0:0:1, 6:2:0:0:4, 7:7:2:2:5, 6:2:0:0:4, 5:0:0:0:1, 8:3:0:0:6, 3:1:0:0:1, 9:5:0:0:9, 8:3:1:0:7, 9:4:0:0:6, 6:5:0:0:7, 6:2:2:0:3, 3:1:0:0:2, 4:0:0:0:0, 7:0:0:0:0, 6:5:0:0:8, 9:2:0:0:5, 7:4:0:0:7, 6:1:0:0:2, 8:4:1:0:4, 6:2:0:0:5, 7:3:0:0:6, 5:2:0:0:4, 5:1:0:0:2, 3:0:1:0:0, 1:0:0:0:0, 3:2:0:0:4, 8:6:2:0:11, 2:0:0:0:0, 7:2:0:0:4, 5:1:0:0:2, 8:6:0:0:7, 9:1:0:0:5, 6:4:0:0:9, 6:2:0:0:4, 6:3:0:0:5, 6:3:0:0:6, 2:0:0:0:1,  , 4:2:0:0:3, 3:0:0:0:0, 8:1:0:0:2, 1:0:1:0:0, 6:3:0:0:3, 4:4:0:0:8, 10:5:0:0:8, 10:5:1:0:7, 11:2:0:0:5, 3:0:0:0:1, 5:1:0:2:8, 4:0:2:0:0, 9:4:0:0:7, 3:0:0:0:0, 7:2:0:0:5, 1:0:0:0:0, 7:5:0:0:7, 9:3:0:0:5, 10:6:1:0:8, 4:0:0:0:1, 10:14:1:0:18, 10:1:0:0:6, 7:15:2:0:17, 5:2:0:0:6, 8:3:0:0:5, 7:0:0:0:1, 1:0:0:0:0, 910:337:36:10:634
Eb minor (6b), 2:0:0:0:1, 2:0:0:0:4, 7:1:0:0:7, 5:0:0:0:7, 3:0:0:0:8, 4:0:0:0:5, 7:1:0:0:5, 5:0:0:0:10, 5:0:0:0:4, 1:0:0:0:1, 6:1:0:0:5, 5:0:0:0:8, 2:0:0:0:1, 2:0:0:0:4, 7:1:0:0:7, 5:0:0:0:7, 3:0:0:0:8, 4:0:0:0:6, 7:1:0:0:6, 6:0:0:0:9, 5:0:0:0:4, 1:0:0:0:1, 6:1:0:0:5, 7:0:0:0:8,  , 3:0:0:0:3, 1:0:0:0:0, 2:0:0:0:2, 2:0:0:0:2, 3:0:0:0:2, 3:0:0:0:3, 3:0:0:0:4, 0:0:0:0:0, 2:0:0:0:2, 5:2:0:0:6, 3:0:0:0:3, 6:2:0:0:9, 4:0:0:0:5, 4:0:0:0:4, 1:0:2:0:0, 2:0:0:0:2, 3:0:0:0:3, 2:0:0:0:1, 3:0:0:0:5, 1:0:0:0:0, 3:1:0:0:4, 7:2:0:0:7, 7:0:0:0:10, 6:1:1:0:6, 2:0:0:0:2, 0:0:0:0:0, 0:0:0:0:0, 0:0:0:0:0, 2:0:0:0:1, 0:0:0:0:0, 2:0:0:0:2, 0:0:0:0:0, 1:0:0:0:1, 4:1:0:0:3, 2:0:0:0:2, 5:1:0:0:5, 3:0:0:0:4, 2:0:0:0:4, 3:0:0:0:3, 1:0:0:0:1, 3:0:0:0:3, 1:0:0:0:0, 4:0:0:0:5, 1:0:0:0:1, 2:2:2:0:3, 5:1:0:0:4, 4:1:0:0:5, 5:1:0:0:5, 5:1:0:0:7, 5:0:0:2:3, 2:0:0:0:1, 3:0:0:2:2, 3:0:0:0:3, 1:0:0:0:2, 3:0:0:0:5, 4:0:0:0:4, 4:0:0:0:2, 6:1:0:0:4, 4:2:0:0:8, 5:1:0:0:6, 3:0:0:0:4, 4:0:0:0:3, 6:1:0:0:5, 4:0:0:0:5, 4:0:0:0:6, 4:0:0:0:5, 5:0:0:0:11, 1:0:0:0:1, 4:0:0:0:4, 9:1:1:0:9, 5:1:0:0:10, 5:1:0:0:6, 7:0:0:0:4, 2:0:0:0:1, 1:0:0:0:2, 7:0:0:0:3, 3:0:0:0:3, 3:0:0:0:3, 4:2:2:0:6, 2:0:0:0:1, 3:0:0:0:2, 6:1:0:0:3, 4:0:0:0:6, 5:3:0:0:14, 4:0:0:0:4, 6:0:1:0:5, 5:0:0:0:5, 8:2:0:0:8, 3:0:0:0:4, 6:0:0:0:4, 5:0:0:0:9, 2:0:0:0:4, 6:2:0:0:11, 8:1:1:0:7, 6:1:0:0:13, 5:3:0:0:11, 5:0:0:0:3, 2:0:0:0:2, 3:2:0:0:7, 7:0:1:0:6, 3:0:0:0:5, 8:0:2:3:9, 4:0:0:0:8, 5:0:0:0:8, 4:0:0:0:4, 6:4:2:0:9, 4:0:0:0:6, 5:2:0:0:6, 2:0:0:0:3, 3:2:0:0:4, 1:0:0:0:1, 4:2:0:0:6, 5:0:0:0:7, 2:0:0:0:3, 5:1:0:0:11, 5:2:0:0:6, 5:0:0:0:6, 10:2:0:0:15, 2:0:0:0:5, 6:5:1:0:15, 4:0:0:0:6, 4:0:0:0:5, 2:0:0:0:1,  , 2:0:0:0:1, 2:0:0:0:2, 5:0:0:0:7, 1:0:0:0:0, 2:0:0:0:2, 4:1:0:0:3, 7:0:0:0:10, 10:4:2:0:13, 9:2:0:0:10, 3:0:0:0:1, 5:1:0:0:5, 4:2:2:0:5, 7:0:0:0:9, 3:0:0:0:3, 5:2:0:0:10, 1:0:0:0:1, 2:0:0:0:2, 9:3:0:0:10, 7:1:0:0:9, 5:1:0:0:3, 3:0:0:0:1, 8:1:0:0:9, 0:0:0:0:0, 8:2:0:0:8, 6:0:0:0:7, 9:0:0:0:4, 1:0:0:0:1, 689:87:20:7:820
D# minor (6#), 2:0:0:0:2, 4:2:0:0:4, 7:5:0:0:7, 6:1:0:0:3, 6:2:0:0:4, 7:2:0:0:7, 8:3:1:0:6, 7:1:0:0:6, 7:1:2:0:2, 4:3:0:0:3, 7:1:0:0:3, 8:4:0:0:7, 2:0:3:0:0, 4:2:0:0:4, 7:5:0:0:7, 6:1:0:0:3, 6:2:0:0:4, 7:2:0:0:7, 8:3:1:0:6, 8:1:0:0:6, 7:1:2:0:2, 4:3:0:0:3, 7:1:0:0:3, 8:4:0:0:7,  , 5:1:0:0:4, 1:0:1:0:0, 2:0:0:0:2, 2:0:0:0:2, 5:2:0:0:4, 3:0:0:0:1, 5:2:0:0:3, 0:0:0:0:0, 6:4:0:0:7, 5:2:0:0:4, 5:1:0:0:2, 7:4:0:0:6, 6:1:0:0:2, 3:2:2:0:2, 1:0:0:0:0, 3:0:0:0:0, 5:2:0:0:4, 3:0:0:0:1, 5:1:0:0:2, 1:0:0:0:1, 6:4:1:0:4, 7:1:0:0:4, 8:4:3:0:7, 8:2:0:0:4, 5:1:0:0:2, 0:0:0:0:0, 0:0:0:0:0, 0:0:0:0:0, 4:2:0:0:3, 0:0:0:0:0, 4:1:0:0:2, 0:0:0:0:0, 4:3:0:0:3, 4:1:0:0:4, 4:1:0:0:2, 5:2:0:0:4, 5:1:0:0:2, 2:0:0:0:0, 2:0:0:0:0, 1:0:0:0:0, 6:4:0:0:6, 1:0:0:0:2, 6:1:0:0:2, 1:0:0:0:0, 6:7:0:0:9, 5:4:0:0:7, 6:1:0:0:3, 5:2:0:0:4, 6:2:0:0:4, 4:0:0:0:0, 2:0:0:0:1, 3:0:0:2:2, 5:2:0:0:4, 1:0:0:0:0, 5:1:0:0:2, 4:0:0:0:0, 6:4:1:0:4, 6:1:0:0:4, 6:1:0:0:2, 5:3:0:0:5, 6:1:0:0:2, 5:1:0:0:2, 5:0:0:0:1, 6:2:0:0:2, 7:4:0:0:6, 7:0:0:4:4, 8:4:0:0:7, 1:0:0:0:0, 8:4:0:0:5, 8:1:0:0:5, 7:2:0:0:4, 5:2:0:0:4, 9:3:0:0:8, 2:0:0:0:2, 1:0:0:0:0, 6:0:0:0:2, 5:3:0:0:5, 4:0:0:0:1, 6:1:0:0:4, 2:0:2:0:0, 7:4:0:0:6, 6:2:0:0:4, 6:2:0:0:4, 8:5:0:0:9, 6:1:0:0:4, 6:0:0:0:1, 6:2:0:0:4, 7:7:2:2:5, 6:2:0:0:4, 5:0:0:0:1, 8:3:0:0:6, 3:1:0:0:1, 9:5:0:0:9, 8:3:1:0:7, 9:4:0:0:6, 6:5:0:0:7, 6:2:2:0:3, 3:1:0:0:2, 4:0:0:0:0, 7:0:0:0:0, 6:5:0:0:8, 9:2:0:0:5, 7:4:0:0:7, 6:1:0:0:2, 8:4:1:0:4, 6:2:0:0:5, 7:3:0:0:6, 5:2:0:0:4, 5:1:0:0:2, 3:0:1:0:0, 1:0:0:0:0, 3:2:0:0:4, 8:6:2:0:11, 2:0:0:0:0, 7:2:0:0:4, 5:1:0:0:2, 8:6:0:0:7, 9:1:0:0:5, 6:4:0:0:9, 6:2:0:0:4, 6:3:0:0:5, 6:3:0:0:6, 2:0:0:0:1,  , 4:2:0:0:3, 3:0:0:0:0, 8:1:0:0:2, 1:0:1:0:0, 6:3:0:0:3, 4:4:0:0:8, 10:5:0:0:8, 10:5:1:0:7, 11:2:0:0:5, 3:0:0:0:1, 5:1:0:2:8, 4:0:2:0:0, 9:4:0:0:7, 3:0:0:0:0, 7:2:0:0:5, 1:0:0:0:0, 7:5:0:0:7, 9:3:0:0:5, 10:6:1:0:8, 4:0:0:0:1, 10:14:1:0:18, 10:1:0:0:6, 7:15:2:0:17, 5:2:0:0:6, 8:3:0:0:5, 7:0:0:0:1, 1:0:0:0:0, 910:337:36:10:634
Cb major (7b), 2:0:0:0:3, 3:0:0:0:4, 7:1:0:0:9, 5:0:0:0:9, 4:0:0:0:8, 5:0:0:0:8, 7:1:0:0:9, 6:0:0:0:14, 6:0:0:0:6, 1:0:0:0:1, 6:1:0:0:6, 6:0:0:0:10, 2:0:0:0:4, 3:0:0:0:4, 7:1:0:0:9, 5:0:0:0:9, 4:0:0:0:8, 5:0:0:0:9, 7:1:0:0:10, 7:0:0:0:13, 6:0:0:0:6, 1:0:0:0:1, 6:1:0:0:6, 7:1:0:0:11,  , 4:0:0:0:5, 1:0:0:0:1, 2:0:0:0:4, 2:0:0:0:4, 3:0:0:0:4, 3:0:0:0:4, 4:0:0:0:4, 0:0:0:0:0, 3:0:0:0:4, 5:2:0:0:8, 4:0:0:0:3, 6:2:0:0:11, 5:0:0:0:4, 4:2:2:0:4, 0:0:0:0:0, 3:0:0:0:2, 3:0:0:0:5, 3:0:0:0:2, 4:0:0:0:5, 1:0:0:0:1, 3:1:0:0:5, 7:2:0:0:10, 8:0:0:0:12, 7:1:0:0:8, 3:0:0:0:2, 1:0:0:0:0, 1:0:0:0:0, 1:0:0:0:0, 2:0:0:0:2, 0:0:0:0:0, 3:0:0:0:2, 1:0:0:0:0, 1:0:0:0:1, 4:1:0:0:6, 3:0:0:0:2, 5:1:0:0:7, 4:0:0:0:3, 2:1:1:0:2, 3:0:0:0:3, 2:0:0:0:1, 4:0:0:0:4, 2:0:0:0:2, 5:0:0:0:4, 1:0:0:0:1, 2:2:2:0:3, 5:1:0:0:6, 5:1:0:0:6, 5:1:0:0:7, 6:1:0:0:8, 5:0:0:2:3, 3:0:0:0:2, 4:0:0:2:2, 3:0:0:0:5, 1:0:0:0:2, 4:0:0:0:5, 4:0:0:0:4, 4:0:0:0:3, 6:1:0:0:7, 5:2:0:0:8, 5:1:0:0:8, 4:0:0:0:3, 4:0:0:0:4, 6:1:0:0:6, 5:0:0:0:5, 5:0:0:0:8, 5:0:0:0:5, 6:0:0:0:13, 1:0:0:0:1, 5:0:0:0:5, 9:1:0:0:13, 6:1:0:0:10, 5:1:0:0:8, 8:0:0:0:8, 3:0:0:0:3, 2:0:0:0:2, 7:0:0:0:5, 3:0:0:0:5, 4:0:0:0:4, 5:2:2:0:6, 2:0:0:0:3, 3:1:1:0:4, 6:1:0:0:4, 5:0:0:0:7, 6:3:0:0:18, 5:0:0:0:6, 7:0:0:0:6, 4:0:0:0:6, 9:2:0:0:9, 4:0:0:0:6, 7:0:0:0:5, 6:0:0:0:10, 2:0:0:0:4, 7:2:0:0:13, 8:1:0:0:9, 7:1:0:0:13, 5:3:0:0:13, 6:0:0:0:5, 2:0:0:0:3, 3:2:0:0:7, 6:0:0:0:6, 3:0:0:0:8, 7:0:0:3:6, 5:0:0:0:9, 6:0:0:0:8, 5:0:0:0:5, 6:4:2:0:12, 5:0:0:0:7, 5:2:0:0:8, 3:0:0:0:3, 4:2:0:0:5, 1:0:0:0:1, 4:2:0:0:8, 6:0:0:0:10, 2:0:0:0:3, 6:1:0:0:12, 5:2:0:0:7, 6:0:0:0:7, 10:1:0:0:15, 3:0:0:0:5, 6:5:1:0:17, 5:0:0:0:7, 4:0:0:0:8, 2:0:0:0:2,  , 2:0:0:0:2, 3:0:0:0:2, 6:0:0:0:7, 2:0:0:0:1, 3:0:0:0:2, 4:1:0:0:7, 8:0:0:0:11, 10:3:0:0:14, 10:2:0:0:11, 4:0:0:0:2, 5:1:0:0:10, 4:2:2:0:5, 7:1:0:0:12, 4:0:0:0:3, 6:2:0:0:12, 2:0:0:0:1, 3:0:0:0:4, 9:3:0:0:12, 7:1:0:0:11, 5:1:0:0:4, 4:0:0:0:2, 9:1:0:0:11, 1:0:0:0:0, 8:2:0:0:11, 7:0:0:0:8, 10:0:0:0:4, 1:0:0:0:1, 774:91:13:7:1022
C# major (7#), 3:0:0:0:1, 4:2:0:0:6, 7:5:0:0:9, 6:1:0:0:6, 6:2:0:0:7, 7:2:0:0:9, 8:3:0:0:5, 7:1:0:0:10, 7:1:0:0:4, 4:3:0:0:4, 7:1:0:0:3, 8:4:0:0:13, 1:0:0:0:1, 4:2:0:0:6, 7:5:0:0:9, 6:1:0:0:6, 6:2:0:0:7, 7:2:0:0:9, 8:3:0:0:6, 8:1:0:0:10, 7:1:0:0:4, 4:3:0:0:4, 7:1:0:0:3, 8:4:0:0:13,  , 5:1:0:0:4, 0:0:0:0:0, 1:0:0:0:2, 2:1:1:0:3, 5:2:0:0:5, 2:0:0:0:2, 5:2:0:0:5, 0:0:0:0:0, 6:4:0:0:7, 5:2:0:0:3, 5:1:0:0:3, 7:4:0:0:7, 6:1:0:0:4, 3:2:2:0:3, 1:0:0:0:0, 3:0:0:0:1, 5:2:0:0:6, 2:0:0:0:0, 5:1:0:0:3, 0:0:0:0:0, 6:4:0:0:7, 7:1:0:0:4, 8:4:3:0:10, 8:2:0:0:5, 5:1:0:0:3, 0:0:0:0:0, 0:0:0:0:0, 0:0:0:0:0, 4:2:0:0:4, 0:0:0:0:0, 4:1:0:0:3, 0:0:0:0:0, 4:3:0:0:4, 4:1:0:0:2, 4:1:0:0:3, 5:2:0:0:5, 5:1:0:0:3, 2:0:0:0:0, 2:0:0:0:0, 1:0:0:0:1, 6:4:0:0:8, 0:0:0:0:0, 6:1:0:0:4, 1:0:0:0:1, 6:6:1:0:7, 5:4:0:0:6, 6:1:0:0:4, 5:2:0:0:5, 6:2:0:0:6, 4:0:0:0:2, 1:0:0:0:0, 4:0:0:2:0, 5:2:0:0:7, 2:0:0:0:0, 5:1:0:0:4, 4:0:0:0:2, 6:4:0:0:5, 7:1:0:0:3, 6:1:0:0:4, 5:3:0:0:6, 6:1:0:0:4, 4:1:0:0:1, 4:0:0:0:2, 7:2:0:0:4, 7:4:0:0:8, 7:5:1:0:7, 8:4:0:0:9, 1:0:0:0:0, 8:4:0:0:7, 9:1:0:0:4, 7:2:0:0:6, 5:2:0:0:6, 9:3:0:0:9, 1:0:0:0:1, 1:0:0:0:2, 6:0:0:0:1, 5:3:0:0:7, 3:0:0:0:2, 6:1:0:0:7, 1:0:0:0:1, 7:3:0:0:4, 7:2:0:0:4, 6:2:0:0:5, 8:5:0:0:10, 6:1:0:0:3, 5:0:0:0:1, 5:0:0:2:3, 6:7:1:2:7, 6:2:0:0:7, 5:1:1:0:2, 8:3:0:0:8, 3:1:0:0:3, 9:5:0:0:11, 8:3:1:0:8, 9:4:0:0:9, 6:5:0:0:8, 6:2:0:0:4, 2:1:0:0:1, 4:1:0:0:1, 7:0:0:0:2, 6:5:0:0:10, 10:0:0:0:3, 7:4:0:0:10, 5:1:0:0:2, 8:4:0:0:7, 6:2:0:0:4, 7:3:0:0:8, 5:2:0:0:5, 5:1:0:0:3, 2:0:0:0:0, 1:0:0:0:0, 3:2:0:0:2, 8:6:2:0:15, 2:0:0:0:2, 7:2:0:0:7, 4:1:0:0:2, 8:6:0:0:10, 10:1:0:0:7, 6:4:0:0:11, 6:2:0:0:7, 6:3:0:0:7, 6:0:0:2:3, 1:0:0:0:0,  , 4:2:0:0:4, 3:0:0:0:1, 8:1:0:0:4, 0:0:0:0:0, 6:3:0:0:4, 4:4:0:0:5, 10:5:0:0:11, 10:5:1:0:9, 11:2:0:0:7, 3:2:2:0:2, 5:3:2:2:5, 3:0:0:0:0, 9:4:0:0:11, 3:0:0:0:1, 7:2:0:0:7, 1:0:0:0:0, 7:4:0:0:6, 9:3:0:0:5, 10:6:1:0:9, 4:0:0:0:1, 10:14:1:0:18, 10:1:0:0:8, 7:15:2:0:17, 6:2:0:0:4, 8:3:0:0:9, 6:0:0:0:1, 1:0:0:0:0, 896:339:22:10:804
Ab minor (7b), 2:0:0:0:3, 3:0:0:0:4, 7:1:0:0:9, 5:0:0:0:9, 4:0:0:0:8, 5:0:0:0:8, 7:1:0:0:9, 6:0:0:0:14, 6:0:0:0:6, 1:0:0:0:1, 6:1:0:0:6, 6:0:0:0:10, 2:0:0:0:4, 3:0:0:0:4, 7:1:0:0:9, 5:0:0:0:9, 4:0:0:0:8, 5:0:0:0:9, 7:1:0:0:10, 7:0:0:0:13, 6:0:0:0:6, 1:0:0:0:1, 6:1:0:0:6, 7:1:0:0:11,  , 4:0:0:0:5, 1:0:0:0:1, 2:0:0:0:4, 2:0:0:0:4, 3:0:0:0:4, 3:0:0:0:4, 4:0:0:0:4, 0:0:0:0:0, 3:0:0:0:4, 5:2:0:0:8, 4:0:0:0:3, 6:2:0:0:11, 5:0:0:0:4, 4:2:2:0:4, 0:0:0:0:0, 3:0:0:0:2, 3:0:0:0:5, 3:0:0:0:2, 4:0:0:0:5, 1:0:0:0:1, 3:1:0:0:5, 7:2:0:0:10, 8:0:0:0:12, 7:1:0:0:8, 3:0:0:0:2, 1:0:0:0:0, 1:0:0:0:0, 1:0:0:0:0, 2:0:0:0:2, 0:0:0:0:0, 3:0:0:0:2, 1:0:0:0:0, 1:0:0:0:1, 4:1:0:0:6, 3:0:0:0:2, 5:1:0:0:7, 4:0:0:0:3, 2:1:1:0:2, 3:0:0:0:3, 2:0:0:0:1, 4:0:0:0:4, 2:0:0:0:2, 5:0:0:0:4, 1:0:0:0:1, 2:2:2:0:3, 5:1:0:0:6, 5:1:0:0:6, 5:1:0:0:7, 6:1:0:0:8, 5:0:0:2:3, 3:0:0:0:2, 4:0:0:2:2, 3:0:0:0:5, 1:0:0:0:2, 4:0:0:0:5, 4:0:0:0:4, 4:0:0:0:3, 6:1:0:0:7, 5:2:0:0:8, 5:1:0:0:8, 4:0:0:0:3, 4:0:0:0:4, 6:1:0:0:6, 5:0:0:0:5, 5:0:0:0:8, 5:0:0:0:5, 6:0:0:0:13, 1:0:0:0:1, 5:0:0:0:5, 9:1:0:0:13, 6:1:0:0:10, 5:1:0:0:8, 8:0:0:0:8, 3:0:0:0:3, 2:0:0:0:2, 7:0:0:0:5, 3:0:0:0:5, 4:0:0:0:4, 5:2:2:0:6, 2:0:0:0:3, 3:1:1:0:4, 6:1:0:0:4, 5:0:0:0:7, 6:3:0:0:18, 5:0:0:0:6, 7:0:0:0:6, 4:0:0:0:6, 9:2:0:0:9, 4:0:0:0:6, 7:0:0:0:5, 6:0:0:0:10, 2:0:0:0:4, 7:2:0:0:13, 8:1:0:0:9, 7:1:0:0:13, 5:3:0:0:13, 6:0:0:0:5, 2:0:0:0:3, 3:2:0:0:7, 6:0:0:0:6, 3:0:0:0:8, 7:0:0:3:6, 5:0:0:0:9, 6:0:0:0:8, 5:0:0:0:5, 6:4:2:0:12, 5:0:0:0:7, 5:2:0:0:8, 3:0:0:0:3, 4:2:0:0:5, 1:0:0:0:1, 4:2:0:0:8, 6:0:0:0:10, 2:0:0:0:3, 6:1:0:0:12, 5:2:0:0:7, 6:0:0:0:7, 10:1:0:0:15, 3:0:0:0:5, 6:5:1:0:17, 5:0:0:0:7, 4:0:0:0:8, 2:0:0:0:2,  , 2:0:0:0:2, 3:0:0:0:2, 6:0:0:0:7, 2:0:0:0:1, 3:0:0:0:2, 4:1:0:0:7, 8:0:0:0:11, 10:3:0:0:14, 10:2:0:0:11, 4:0:0:0:2, 5:1:0:0:10, 4:2:2:0:5, 7:1:0:0:12, 4:0:0:0:3, 6:2:0:0:12, 2:0:0:0:1, 3:0:0:0:4, 9:3:0:0:12, 7:1:0:0:11, 5:1:0:0:4, 4:0:0:0:2, 9:1:0:0:11, 1:0:0:0:0, 8:2:0:0:11, 7:0:0:0:8, 10:0:0:0:4, 1:0:0:0:1, 774:91:13:7:1022
A# minor (7#), 3:0:0:0:1, 4:2:0:0:6, 7:5:0:0:9, 6:1:0:0:6, 6:2:0:0:7, 7:2:0:0:9, 8:3:0:0:5, 7:1:0:0:10, 7:1:0:0:4, 4:3:0:0:4, 7:1:0:0:3, 8:4:0:0:13, 1:0:0:0:1, 4:2:0:0:6, 7:5:0:0:9, 6:1:0:0:6, 6:2:0:0:7, 7:2:0:0:9, 8:3:0:0:6, 8:1:0:0:10, 7:1:0:0:4, 4:3:0:0:4, 7:1:0:0:3, 8:4:0:0:13,  , 5:1:0:0:4, 0:0:0:0:0, 1:0:0:0:2, 2:1:1:0:3, 5:2:0:0:5, 2:0:0:0:2, 5:2:0:0:5, 0:0:0:0:0, 6:4:0:0:7, 5:2:0:0:3, 5:1:0:0:3, 7:4:0:0:7, 6:1:0:0:4, 3:2:2:0:3, 1:0:0:0:0, 3:0:0:0:1, 5:2:0:0:6, 2:0:0:0:0, 5:1:0:0:3, 0:0:0:0:0, 6:4:0:0:7, 7:1:0:0:4, 8:4:3:0:10, 8:2:0:0:5, 5:1:0:0:3, 0:0:0:0:0, 0:0:0:0:0, 0:0:0:0:0, 4:2:0:0:4, 0:0:0:0:0, 4:1:0:0:3, 0:0:0:0:0, 4:3:0:0:4, 4:1:0:0:2, 4:1:0:0:3, 5:2:0:0:5, 5:1:0:0:3, 2:0:0:0:0, 2:0:0:0:0, 1:0:0:0:1, 6:4:0:0:8, 0:0:0:0:0, 6:1:0:0:4, 1:0:0:0:1, 6:6:1:0:7, 5:4:0:0:6, 6:1:0:0:4, 5:2:0:0:5, 6:2:0:0:6, 4:0:0:0:2, 1:0:0:0:0, 4:0:0:2:0, 5:2:0:0:7, 2:0:0:0:0, 5:1:0:0:4, 4:0:0:0:2, 6:4:0:0:5, 7:1:0:0:3, 6:1:0:0:4, 5:3:0:0:6, 6:1:0:0:4, 4:1:0:0:1, 4:0:0:0:2, 7:2:0:0:4, 7:4:0:0:8, 7:5:1:0:7, 8:4:0:0:9, 1:0:0:0:0, 8:4:0:0:7, 9:1:0:0:4, 7:2:0:0:6, 5:2:0:0:6, 9:3:0:0:9, 1:0:0:0:1, 1:0:0:0:2, 6:0:0:0:1, 5:3:0:0:7, 3:0:0:0:2, 6:1:0:0:7, 1:0:0:0:1, 7:3:0:0:4, 7:2:0:0:4, 6:2:0:0:5, 8:5:0:0:10, 6:1:0:0:3, 5:0:0:0:1, 5:0:0:2:3, 6:7:1:2:7, 6:2:0:0:7, 5:1:1:0:2, 8:3:0:0:8, 3:1:0:0:3, 9:5:0:0:11, 8:3:1:0:8, 9:4:0:0:9, 6:5:0:0:8, 6:2:0:0:4, 2:1:0:0:1, 4:1:0:0:1, 7:0:0:0:2, 6:5:0:0:10, 10:0:0:0:3, 7:4:0:0:10, 5:1:0:0:2, 8:4:0:0:7, 6:2:0:0:4, 7:3:0:0:8, 5:2:0:0:5, 5:1:0:0:3, 2:0:0:0:0, 1:0:0:0:0, 3:2:0:0:2, 8:6:2:0:15, 2:0:0:0:2, 7:2:0:0:7, 4:1:0:0:2, 8:6:0:0:10, 10:1:0:0:7, 6:4:0:0:11, 6:2:0:0:7, 6:3:0:0:7, 6:0:0:2:3, 1:0:0:0:0,  , 4:2:0:0:4, 3:0:0:0:1, 8:1:0:0:4, 0:0:0:0:0, 6:3:0:0:4, 4:4:0:0:5, 10:5:0:0:11, 10:5:1:0:9, 11:2:0:0:7, 3:2:2:0:2, 5:3:2:2:5, 3:0:0:0:0, 9:4:0:0:11, 3:0:0:0:1, 7:2:0:0:7, 1:0:0:0:0, 7:4:0:0:6, 9:3:0:0:5, 10:6:1:0:9, 4:0:0:0:1, 10:14:1:0:18, 10:1:0:0:8, 7:15:2:0:17, 6:2:0:0:4, 8:3:0:0:9, 6:0:0:0:1, 1:0:0:0:0, 896:339:22:10:804
