 , 0, 1, 2, 3, 4, 5, 6, 7, 8, 9, 10, 11, 12, 13, 14, 15, 16, 17, 18, 19, 20, 21, 22, 23, 24, 25, 26, 27, 28, 29, 30, 31, 32, 33, 34, 35, 36, 37, 38, 39, 40, 41, 42, 43, 44, 45, 46, 47, 48, 49, 50, 51, 52, 53, 54, 55, 56, 57, 58, 59, 60, 61, 62, 63, 64, 65, 66, 67, 68, 69, 70, 71, 72, 73, 74, 75, 76, 77, 78, 79, 80, 81, 82, 83, 84, 85, 86, 87, 88, 89, 90, 91, 92, 93, 94, 95, 96, 97, 98, 99, 100, 101, 102, 103, 104, 105, 106, 107, 108, 109, 110, 111, 112, 113, 114, 115, 116, 117, 118, 119, 120, 121, 122, 123, 124, 125, 126, 127, 128, 129, 130, 131, 132, 133, 134, 135, 136, 137, 138, 139, 140, 141, 142, 143, 144, 145, 146, 147, 148, 149, 150, 151, 152, 153, 154, 155, 156, 157, 158, 159, 160, 161, 162, 163, 164, 165, 166, 167, 168, 169, 170, 171, rowcost
C major (0), 1+0:0:0:0:0, 0+0:0:0:0:0, 0+0:0:0:0:0,  , 0+0:0:0:0:0, 0+0:0:0:0:0, 1+0:0:0:0:0,  , 0+0:0:0:0:0, 1+1:0:0:0:0, 1+0:0:0:0:0,  , 1+0:0:0:0:0, 0+0:0:0:0:0, 0+0:0:0:0:0,  , 0+0:0:0:0:0, 0+0:0:0:0:0, 1+0:0:0:0:0,  , 0+0:0:0:0:0, 1+1:0:0:0:0, 1+0:0:0:0:0,  , 3+2:1:1:0:1, 3+1:0:0:0:0, 2+1:0:0:0:1, 2+3:0:0:0:0, 0+0:0:0:0:0, 3+2:0:0:0:0, 1+0:0:0:0:0, 1+1:0:0:0:0, 3+2:0:0:0:2, 2+1:0:0:0:0, 1+0:0:0:0:0,  , 2+1:0:0:0:0, 1+0:0:0:0:0, 0+0:0:0:0:0, 1+1:0:0:0:0, 0+0:0:0:0:0, 0+0:0:0:0:0, 2+1:0:1:0:1, 0+0:0:0:0:0, 0+0:0:0:0:0, 4+4:0:0:0:0, 3+2:1:0:0:0, 0+0:0:0:0:0, 1+0:0:0:0:0, 0+0:0:0:0:0, 2+1:0:0:0:0, 0+0:0:0:0:0, 1+3:0:0:0:0, 1+0:0:0:0:0, 3+4:0:0:0:0, 2+1:1:0:0:1, 1+2:0:0:0:2, 3+3:0:0:0:2, 3+3:0:0:0:1, 2+1:0:0:0:0, 3+2:0:0:0:0, 0+0:0:0:0:0, 2+2:0:0:0:0, 1+1:0:0:0:0, 0+0:0:0:0:0, 1+1:0:0:0:0, 2+1:0:0:0:1, 1+1:0:0:0:0, 1+1:0:0:0:1, 3+3:0:2:0:2, 2+1:0:0:0:0, 0+0:0:0:0:0, 2+1:0:0:0:0, 0+0:0:0:0:0, 0+0:0:0:0:0, 0+0:0:0:0:0, 0+0:0:0:0:0, 0+0:0:0:0:0, 2+1:0:0:0:0, 0+0:0:0:0:0, 0+0:0:0:0:0, 2+1:0:0:0:0, 2+1:0:0:0:0, 0+0:0:0:0:0, 2+1:0:0:0:0, 0+0:0:0:0:0, 0+0:0:0:0:0, 0+0:0:0:0:0, 0+0:0:0:0:0, 0+0:0:0:0:0, 1+0:0:0:0:0, 0+0:0:0:0:0, 0+0:0:0:0:0, 2+1:0:0:0:1, 4+2:0:0:0:2, 2+1:0:0:0:0, 1+0:0:0:0:0, 1+1:0:0:0:0, 1+1:0:0:0:1, 1+0:0:0:0:0, 2+1:0:0:0:0, 2+1:0:0:0:0, 1+3:0:0:0:0, 1+0:0:0:0:0, 3+1:0:0:0:1, 5+2:1:0:0:0, 3+1:0:0:0:1,  , 1+0:0:0:0:0, 1+0:0:0:0:0, 2+1:0:0:0:0, 1+0:0:0:0:0, 0+0:0:0:0:0, 0+0:0:0:0:0, 2+2:0:2:0:2, 4+3:0:0:0:3, 1+0:0:0:0:0, 3+4:2:0:0:0, 2+1:0:0:0:0,  , 3+3:0:0:0:1, 4+2:0:0:0:0, 0+0:0:0:0:0, 0+0:0:0:0:0, 0+0:0:0:0:0, 1+3:0:0:0:0, 1+0:0:0:0:0, 2+1:0:0:0:1, 1+1:0:0:0:0, 3+3:1:0:0:0, 1+0:0:0:0:0, 0+0:0:0:0:0, 1+0:0:0:0:0, 0+0:0:0:0:0, 1+0:0:0:0:0, 0+0:0:0:0:0, 0+0:0:0:0:0, 0+0:0:0:0:0, 1+0:0:0:0:0, 2+1:0:0:0:1, 3+1:0:0:0:1, 1+3:0:0:0:0, 3+2:0:0:0:0, 2+0:0:0:0:0, 1+0:0:0:0:0,  , 1+0:0:0:0:0, 2+1:0:0:0:1, 2+1:0:0:0:0,  , 1+0:0:0:0:0, 1+0:0:0:0:0, 2+1:0:0:0:1, 5+3:1:1:0:2, 1+0:0:0:0:0, 1+0:0:0:0:0, 1+0:0:0:0:0, 1+1:0:0:0:0, 1+0:0:0:0:0, 1+1:0:0:0:0, 0+0:0:0:0:0, 1+0:0:0:0:0, 1+0:0:0:0:0, 1+0:0:0:0:0, 0+0:0:0:0:0, 2+1:0:0:0:0, 1+0:0:0:0:0, 1+1:0:0:0:1, 0+0:0:0:0:0, 0+0:0:0:0:0, 0+0:0:0:0:0, 0+0:0:0:0:0, 192+116:8:7:0:35
A minor (0), 1+1:0:0:0:0, 0+0:0:0:0:0, 0+0:0:0:0:0,  , 0+1:0:0:0:0, 0+0:0:0:0:0, 1+2:0:0:0:0,  , 0+1:0:0:0:0, 1+1:0:0:0:0, 1+2:0:0:0:0,  , 1+1:0:0:0:0, 0+0:0:0:0:0, 0+0:0:0:0:0,  , 0+1:0:0:0:0, 0+0:0:0:0:0, 1+2:0:0:0:0,  , 0+1:0:0:0:0, 1+1:0:0:0:0, 1+2:0:0:0:0,  , 3+3:1:1:0:2, 3+2:0:0:0:0, 2+3:0:0:0:0, 2+0:0:0:0:0, 0+2:0:0:0:0, 3+2:0:0:0:0, 1+2:0:0:0:0, 1+1:0:0:0:1, 3+3:0:0:0:0, 2+2:0:0:0:0, 1+3:0:0:0:0,  , 2+3:0:0:0:0, 1+1:0:0:0:0, 0+0:0:0:0:0, 1+1:0:0:0:0, 0+1:0:0:0:0, 0+0:0:0:0:0, 2+2:0:1:0:1, 0+0:0:0:0:0, 0+1:0:0:0:0, 4+6:0:0:0:1, 3+5:1:0:0:1, 0+1:0:0:0:0, 1+1:0:0:0:0, 0+0:0:0:0:0, 2+1:0:0:0:0, 0+0:0:0:0:0, 1+7:0:0:0:3, 2+1:0:0:0:0, 3+7:0:0:0:3, 3+2:0:0:0:0, 1+1:0:0:0:0, 3+5:0:0:0:1, 4+3:0:0:0:0, 1+0:0:0:0:0, 2+2:0:1:0:1, 0+0:0:0:0:0, 2+3:0:0:0:0, 1+2:0:0:0:0, 0+2:0:0:0:0, 1+1:0:0:0:0, 2+1:0:0:0:0, 1+0:0:0:0:0, 1+1:0:0:0:0, 3+5:0:2:0:2, 2+4:0:0:0:0, 0+0:0:0:0:0, 2+3:0:0:0:0, 0+0:0:0:0:0, 0+0:0:0:0:0, 0+0:0:0:0:0, 0+1:0:0:0:0, 0+0:0:0:0:0, 2+3:0:0:0:0, 0+0:0:0:0:0, 0+1:0:0:0:0, 2+2:0:0:0:0, 2+4:0:0:0:0, 0+2:0:0:0:0, 2+3:0:0:0:0, 0+0:0:0:0:0, 0+0:0:0:0:0, 0+0:0:0:0:0, 0+1:0:0:0:0, 0+0:0:0:0:0, 1+3:0:0:0:0, 0+0:0:0:0:0, 0+1:0:0:0:0, 2+2:0:0:0:0, 4+3:0:0:0:0, 2+1:0:0:0:0, 1+2:0:0:0:0, 1+1:0:0:0:0, 1+1:0:0:0:1, 1+2:0:0:0:0, 2+1:0:0:0:0, 2+1:0:0:0:0, 1+4:0:0:0:0, 1+0:0:0:0:0, 3+2:0:0:0:0, 5+4:1:0:0:1, 3+4:0:0:0:0,  , 1+3:0:0:0:0, 1+0:0:0:0:0, 2+1:0:0:0:0, 1+1:0:0:0:0, 0+1:0:0:0:0, 0+0:0:0:0:0, 2+5:0:2:0:2, 4+2:0:0:0:0, 1+1:0:0:0:0, 3+5:2:0:0:2, 2+3:0:0:0:0,  , 3+5:0:0:0:0, 4+3:0:0:0:1, 0+0:0:0:0:0, 0+1:0:0:0:0, 0+2:0:0:0:0, 1+2:0:0:0:0, 1+1:0:0:0:0, 2+0:0:0:0:0, 1+3:0:0:0:1, 3+3:1:0:0:1, 1+4:0:0:0:0, 0+0:0:0:0:0, 1+4:0:0:0:0, 0+0:0:0:0:0, 1+3:0:0:0:0, 0+0:0:0:0:0, 0+2:0:0:0:0, 0+1:0:0:0:0, 1+1:0:0:0:0, 2+0:0:0:0:0, 3+2:0:0:0:0, 1+3:0:0:0:0, 3+5:0:0:0:0, 2+1:0:0:0:0, 1+4:0:0:0:0,  , 1+3:0:0:0:0, 2+0:0:0:0:0, 2+3:0:0:0:0,  , 1+3:0:0:0:0, 1+0:0:0:0:0, 2+1:0:0:0:0, 6+4:0:1:0:1, 1+1:0:0:0:0, 1+0:0:0:0:0, 1+1:0:0:0:0, 1+2:0:0:0:0, 1+0:0:0:0:0, 1+2:0:0:0:0, 0+2:0:0:0:0, 1+0:0:0:0:0, 1+1:0:0:0:0, 1+0:0:0:0:0, 0+1:0:0:0:0, 2+1:0:0:0:0, 1+2:0:0:0:0, 1+1:0:0:0:0, 0+0:0:0:0:0, 0+0:0:0:0:0, 0+0:0:0:0:0, 0+0:0:0:0:0, 194+261:6:8:0:26
F major (1b), 1+1:0:0:0:0, 0+0:0:0:0:0, 0+0:0:0:0:0,  , 1+0:0:0:0:0, 0+0:0:0:0:0, 1+1:0:0:0:0,  , 1+0:0:0:0:0, 1+1:0:0:0:0, 1+1:0:0:0:0,  , 1+1:0:0:0:0, 0+0:0:0:0:0, 0+0:0:0:0:0,  , 1+0:0:0:0:0, 0+0:0:0:0:0, 1+1:0:0:0:0,  , 1+0:0:0:0:0, 1+1:0:0:0:0, 1+1:0:0:0:0,  , 5+3:0:0:0:0, 3+1:0:0:0:0, 1+1:1:0:0:0, 2+0:0:0:0:0, 1+0:0:0:0:0, 4+2:0:0:0:0, 2+1:0:0:0:0, 1+1:0:0:0:0, 4+2:0:0:0:2, 2+1:0:0:0:0, 2+1:0:0:0:0,  , 2+1:0:0:0:0, 1+0:0:0:0:0, 0+0:0:0:0:0, 2+1:0:0:0:0, 1+0:0:0:0:0, 1+0:0:0:0:0, 4+2:0:0:0:0, 0+0:0:0:0:0, 1+0:0:0:0:0, 4+4:0:0:0:0, 3+2:1:0:0:0, 0+0:0:0:0:0, 2+2:0:0:0:0, 0+0:0:0:0:0, 3+1:0:0:0:0, 1+0:0:0:0:0, 2+3:0:0:0:0, 1+1:0:0:0:0, 3+4:0:0:0:0, 2+1:1:0:0:1, 2+2:0:0:0:2, 4+3:0:0:0:2, 3+3:0:0:0:1, 1+1:0:0:0:0, 4+2:0:0:0:0, 1+0:0:0:0:0, 3+2:0:0:0:0, 2+1:0:0:0:1, 1+0:0:0:0:0, 2+1:0:0:0:0, 2+2:0:0:0:0, 1+1:0:0:0:0, 2+1:0:0:0:1, 3+3:0:2:0:2, 2+1:0:0:0:0, 0+0:0:0:0:0, 2+1:0:0:0:0, 0+0:0:0:0:0, 0+0:0:0:0:0, 0+0:0:0:0:0, 1+0:0:0:0:0, 0+0:0:0:0:0, 2+1:0:0:0:0, 0+0:0:0:0:0, 1+0:0:0:0:0, 2+1:0:0:0:0, 2+1:0:0:0:0, 0+0:0:0:0:0, 2+1:0:0:0:0, 0+0:0:0:0:0, 0+0:0:0:0:0, 0+0:0:0:0:0, 1+0:0:0:0:0, 0+0:0:0:0:0, 1+1:0:0:0:0, 0+0:0:0:0:0, 1+0:0:0:0:0, 3+1:0:0:0:1, 4+3:0:0:0:0, 2+1:0:0:0:0, 2+0:0:0:0:0, 1+1:0:0:0:0, 2+1:0:0:0:1, 1+1:0:0:0:0, 3+1:0:0:0:0, 1+1:0:0:0:0, 1+3:0:0:0:0, 2+1:0:0:0:0, 4+1:0:0:0:1, 4+2:1:0:0:0, 2+4:2:0:0:2,  , 2+3:0:0:0:0, 2+2:0:0:0:0, 3+1:0:0:0:0, 1+2:0:0:0:0, 1+0:0:0:0:0, 1+0:0:0:0:0, 2+2:0:2:0:2, 4+3:0:0:0:1, 2+0:0:0:0:0, 2+2:2:0:0:0, 2+1:0:0:0:0,  , 3+3:0:0:0:1, 3+2:0:0:0:0, 0+0:0:0:0:0, 0+0:0:0:0:0, 1+0:0:0:0:0, 2+3:0:0:0:0, 1+1:0:0:0:0, 3+3:0:0:0:0, 2+1:0:0:0:0, 2+3:1:0:0:0, 2+0:0:0:0:0, 1+0:0:0:0:0, 2+2:0:0:0:0, 1+0:0:0:0:0, 2+0:0:0:0:0, 1+0:0:0:0:0, 1+0:0:0:0:0, 0+0:0:0:0:0, 1+4:0:0:0:0, 3+3:0:0:0:0, 4+1:0:0:0:1, 2+0:0:0:0:0, 3+2:0:0:0:0, 2+0:0:0:0:0, 1+0:0:0:0:0,  , 1+0:0:0:0:0, 3+1:0:0:0:1, 3+1:0:0:0:0,  , 1+3:0:0:0:0, 2+1:0:0:0:0, 3+1:0:0:0:1, 4+3:1:1:0:2, 1+0:0:0:0:0, 1+0:0:0:0:0, 1+0:0:0:0:0, 1+1:0:0:0:0, 1+0:0:0:0:0, 1+1:0:0:0:0, 1+0:0:0:0:0, 1+0:0:0:0:0, 1+0:0:0:0:0, 1+0:0:0:0:0, 1+0:0:0:0:0, 2+0:0:0:0:0, 1+0:0:0:0:0, 2+1:0:0:0:0, 0+0:0:0:0:0, 0+0:0:0:0:0, 0+0:0:0:0:0, 0+0:0:0:0:0, 250+150:10:5:0:26
G major (1#), 0+0:0:0:0:0, 0+0:0:0:0:0, 0+0:0:0:0:0,  , 1+0:0:0:0:0, 0+0:0:0:0:0, 0+0:0:0:0:0,  , 0+0:0:0:0:0, 1+0:0:0:0:0, 0+0:0:0:0:0,  , 0+0:0:0:0:0, 0+0:0:0:0:0, 0+0:0:0:0:0,  , 1+0:0:0:0:0, 0+0:0:0:0:0, 0+0:0:0:0:0,  , 0+0:0:0:0:0, 1+0:0:0:0:0, 0+0:0:0:0:0,  , 2+2:1:1:0:1, 4+2:0:0:0:0, 1+1:0:0:0:1, 1+0:0:0:0:0, 1+1:0:0:0:0, 3+2:0:0:0:0, 0+0:0:0:0:0, 1+0:0:0:0:0, 2+2:0:0:0:2, 1+0:0:0:0:0, 0+0:0:0:0:0,  , 1+1:0:0:0:0, 0+0:0:0:0:0, 0+0:0:0:0:0, 2+1:0:0:0:0, 1+0:0:0:0:0, 0+0:0:0:0:0, 1+1:0:1:0:1, 0+0:0:0:0:0, 0+0:0:0:0:0, 3+4:0:0:0:0, 2+2:1:0:0:0, 0+0:0:0:0:0, 0+0:0:0:0:0, 1+0:0:0:0:0, 2+1:0:0:0:0, 0+0:0:0:0:0, 2+3:0:0:0:0, 2+1:0:0:0:0, 2+4:3:0:0:0, 4+2:0:0:0:0, 1+2:0:0:0:0, 3+3:0:2:0:3, 2+2:1:0:0:0, 1+1:0:0:0:1, 1+1:0:1:0:1, 0+0:0:0:0:0, 3+2:0:0:0:0, 1+1:0:0:0:0, 1+0:0:0:0:0, 2+1:0:0:0:0, 1+1:0:0:0:1, 1+1:0:0:0:0, 1+1:0:0:0:0, 3+3:0:2:0:2, 1+1:0:0:0:0, 1+0:0:0:0:0, 1+1:0:0:0:0, 0+0:0:0:0:0, 1+0:0:0:0:0, 0+0:0:0:0:0, 1+0:0:0:0:0, 0+0:0:0:0:0, 1+1:0:0:0:0, 0+0:0:0:0:0, 1+1:0:0:0:0, 2+1:0:0:0:0, 1+1:0:0:0:0, 0+0:0:0:0:0, 1+1:0:0:0:0, 0+0:0:0:0:0, 1+0:0:0:0:0, 0+0:0:0:0:0, 1+0:0:0:0:0, 1+0:0:0:0:0, 0+0:0:0:0:0, 1+0:0:0:0:0, 1+0:0:0:0:0, 3+1:0:0:0:1, 3+2:0:0:0:2, 1+1:0:0:0:0, 0+0:0:0:0:0, 2+1:0:0:0:0, 2+1:0:0:0:1, 0+0:0:0:0:0, 3+1:0:0:0:0, 2+1:0:0:0:0, 0+0:0:0:0:0, 0+0:0:0:0:0, 2+1:0:0:0:1, 4+2:1:0:0:0, 2+1:0:0:0:1,  , 0+0:0:0:0:0, 0+0:0:0:0:0, 2+1:0:0:0:0, 0+0:0:0:0:0, 1+0:0:0:0:0, 0+0:0:0:0:0, 1+2:0:2:0:2, 3+3:0:0:0:1, 0+0:0:0:0:0, 2+2:2:0:0:0, 1+1:0:0:0:0,  , 2+3:0:0:0:1, 3+2:0:0:0:0, 1+0:0:0:0:0, 0+0:0:0:0:0, 1+0:0:0:0:0, 1+3:0:0:0:0, 0+0:0:0:0:0, 1+1:0:0:0:1, 1+1:1:0:0:0, 2+1:1:0:0:0, 0+0:0:0:0:0, 0+0:0:0:0:0, 0+0:0:0:0:0, 1+0:0:0:0:0, 0+0:0:0:0:0, 1+0:0:0:0:0, 1+0:0:0:0:0, 1+0:0:0:0:0, 0+0:0:0:0:0, 1+1:0:0:0:1, 2+1:0:0:0:1, 1+0:0:0:0:0, 2+2:0:0:0:0, 1+0:0:0:0:0, 0+0:0:0:0:0,  , 0+0:0:0:0:0, 1+1:0:0:0:1, 3+1:0:0:0:0,  , 0+0:0:0:0:0, 0+0:0:0:0:0, 1+1:0:0:0:1, 4+3:1:1:0:2, 0+0:0:0:0:0, 0+0:0:0:0:0, 0+0:0:0:0:0, 2+1:0:0:0:0, 0+0:0:0:0:0, 2+1:0:0:0:0, 1+0:0:0:0:0, 0+0:0:0:0:0, 0+0:0:0:0:0, 0+0:0:0:0:0, 0+0:0:0:0:0, 1+0:0:0:0:0, 0+0:0:0:0:0, 2+1:0:0:0:0, 1+0:0:0:0:0, 1+0:0:0:0:0, 1+0:0:0:0:0, 1+0:0:0:0:0, 158+101:12:10:0:30
D minor (1b), 1+1:0:0:0:0, 0+0:0:0:0:0, 0+0:0:0:0:0,  , 1+1:0:0:0:0, 0+0:0:0:0:0, 1+1:0:0:0:0,  , 1+0:0:0:0:0, 1+0:0:0:0:0, 1+1:0:0:0:0,  , 1+1:0:0:0:0, 0+0:0:0:0:0, 0+0:0:0:0:0,  , 1+1:0:0:0:0, 0+0:0:0:0:0, 1+1:0:0:0:0,  , 1+0:0:0:0:0, 1+0:0:0:0:0, 1+1:0:0:0:0,  , 4+2:1:1:0:1, 3+2:0:0:0:0, 1+1:1:0:0:0, 2+0:0:0:0:0, 1+1:0:0:0:0, 4+2:0:0:0:0, 2+1:0:0:0:0, 1+1:0:0:0:0, 4+3:0:0:0:0, 2+0:0:0:0:0, 2+1:0:0:0:0,  , 2+2:0:0:0:0, 1+0:0:0:0:0, 0+0:0:0:0:0, 2+1:0:0:0:0, 1+1:0:0:0:0, 1+0:0:0:0:0, 4+2:0:0:0:0, 0+0:0:0:0:0, 1+0:0:0:0:0, 4+4:0:0:0:0, 3+2:1:0:0:0, 0+1:0:0:0:0, 2+2:0:0:0:0, 0+0:0:0:0:0, 3+1:0:0:0:0, 1+0:0:0:0:0, 2+7:0:0:0:3, 2+1:0:0:0:0, 3+7:0:0:0:3, 3+2:0:0:0:0, 2+2:0:0:0:0, 5+3:0:0:0:1, 3+2:1:0:0:0, 1+1:0:0:0:0, 4+3:0:0:0:0, 1+0:0:0:0:0, 3+3:0:0:0:0, 2+1:0:0:0:0, 1+2:0:0:0:0, 2+1:0:0:0:0, 2+1:0:0:0:0, 1+0:0:0:0:0, 2+1:0:0:0:0, 3+3:0:2:0:2, 2+1:0:0:0:0, 0+1:0:0:0:0, 2+1:0:0:0:0, 0+1:0:0:0:0, 0+0:0:0:0:0, 0+1:0:0:0:0, 1+1:0:0:0:0, 0+0:0:0:0:0, 2+1:0:0:0:0, 0+1:0:0:0:0, 1+1:0:0:0:0, 2+1:0:0:0:0, 2+2:0:0:0:0, 0+2:0:0:0:0, 2+1:0:0:0:0, 0+1:0:0:0:0, 0+1:0:0:0:0, 0+2:0:0:0:0, 1+1:0:0:0:0, 0+0:0:0:0:0, 1+1:0:0:0:0, 0+0:0:0:0:0, 1+1:0:0:0:0, 3+2:0:0:0:0, 4+2:0:0:0:0, 2+1:0:0:0:0, 2+1:0:0:0:0, 1+1:0:0:0:0, 2+1:0:0:0:1, 1+2:0:0:0:0, 3+3:0:0:0:0, 1+1:0:0:0:0, 1+0:0:0:0:0, 2+0:0:0:0:0, 4+1:0:0:0:1, 4+2:1:0:0:0, 2+5:2:0:0:0,  , 2+3:0:0:0:0, 2+2:0:0:0:0, 3+1:0:0:0:0, 1+3:0:0:0:0, 1+1:0:0:0:0, 1+0:0:0:0:0, 3+2:0:0:0:0, 4+3:0:0:0:1, 2+0:0:0:0:0, 2+2:2:0:0:0, 2+1:0:0:0:0,  , 3+2:0:0:0:1, 3+3:0:0:0:1, 0+0:0:0:0:0, 0+1:0:0:0:0, 1+2:0:0:0:0, 2+2:0:0:0:0, 1+1:0:0:0:0, 3+4:0:0:0:0, 2+3:0:0:0:1, 2+1:1:0:0:0, 2+1:0:0:0:0, 1+0:0:0:0:0, 2+1:0:0:0:0, 1+1:0:0:0:0, 2+0:0:0:0:0, 1+1:0:0:0:0, 1+2:0:0:0:0, 0+1:0:0:0:0, 1+1:0:0:0:0, 3+1:0:0:0:1, 4+1:0:0:0:1, 2+0:0:0:0:0, 3+2:0:0:0:0, 2+0:0:0:0:0, 1+1:0:0:0:0,  , 1+0:0:0:0:0, 3+3:0:0:0:0, 3+3:0:0:0:0,  , 1+3:0:0:0:0, 2+0:0:0:0:0, 3+1:0:0:0:1, 4+3:1:1:0:2, 1+1:0:0:0:0, 1+0:0:0:0:0, 1+1:0:0:0:0, 1+1:0:0:0:0, 1+0:0:0:0:0, 1+1:1:0:0:0, 1+1:0:0:0:0, 1+0:0:0:0:0, 1+1:0:0:0:0, 1+0:0:0:0:0, 1+0:0:0:0:0, 2+0:0:0:0:0, 1+1:0:0:0:0, 2+1:0:0:0:0, 0+0:0:0:0:0, 0+0:0:0:0:0, 0+0:0:0:0:0, 0+0:0:0:0:0, 253+193:12:4:0:21
E minor (1#), 0+1:0:0:0:0, 0+0:0:0:0:0, 0+1:0:0:0:0,  , 1+1:0:0:0:0, 0+0:0:0:0:0, 0+2:0:0:0:0,  , 0+1:0:0:0:0, 1+5:0:0:0:0, 0+2:0:0:0:0,  , 0+1:0:0:0:0, 0+0:0:0:0:0, 0+1:0:0:0:0,  , 1+1:0:0:0:0, 0+0:0:0:0:0, 0+2:0:0:0:0,  , 0+1:0:0:0:0, 1+5:0:0:0:0, 0+2:0:0:0:0,  , 2+3:1:1:0:2, 4+2:0:0:0:0, 1+3:0:0:0:0, 1+2:0:0:0:0, 1+3:0:0:0:0, 3+1:0:0:0:0, 0+2:0:0:0:0, 1+1:0:0:0:1, 2+3:0:0:0:0, 1+3:0:0:0:0, 0+3:0:0:0:0,  , 1+3:0:0:0:0, 0+1:0:0:0:0, 0+1:0:0:0:0, 2+1:0:0:0:0, 1+1:0:0:0:0, 0+1:0:0:0:0, 1+2:0:1:0:1, 0+0:0:0:0:0, 0+1:0:0:0:0, 3+6:0:0:0:1, 2+5:1:0:0:1, 0+1:0:0:0:0, 0+1:0:0:0:0, 1+0:0:0:0:0, 2+2:0:0:0:0, 0+1:0:0:0:0, 2+7:0:0:0:3, 3+1:0:0:0:0, 2+6:3:0:0:3, 4+1:0:0:0:0, 1+5:0:0:0:0, 3+8:0:2:0:0, 3+3:0:0:0:0, 1+0:0:0:0:0, 1+2:0:1:0:1, 0+0:0:0:0:0, 3+3:0:0:0:0, 1+2:0:0:0:0, 1+2:0:0:0:0, 2+1:0:0:0:0, 1+4:0:0:0:0, 1+2:0:0:0:0, 1+3:0:0:0:0, 3+5:0:2:0:2, 1+4:0:0:0:0, 1+0:0:0:0:0, 1+3:0:0:0:0, 0+1:0:0:0:0, 1+0:0:0:0:0, 0+0:0:0:0:0, 1+1:0:0:0:0, 0+1:0:0:0:0, 1+3:0:0:0:0, 0+1:0:0:0:0, 1+3:0:0:0:0, 2+4:0:0:0:0, 1+4:0:0:0:0, 0+2:0:0:0:0, 1+3:0:0:0:0, 0+4:0:0:0:0, 1+0:0:0:0:0, 0+0:0:0:0:0, 1+1:0:0:0:0, 1+0:0:0:0:0, 0+3:0:0:0:0, 1+0:0:0:0:0, 1+1:0:0:0:0, 3+2:0:0:0:0, 3+3:0:0:0:0, 1+1:0:0:0:0, 0+2:0:0:0:0, 2+1:0:0:0:0, 2+1:0:0:0:1, 0+0:0:0:0:0, 3+2:0:0:0:2, 2+0:0:0:0:0, 0+2:0:0:0:0, 0+0:0:0:0:0, 2+2:0:0:0:0, 4+4:1:0:0:1, 2+4:0:0:0:0,  , 0+3:0:0:0:0, 0+0:0:0:0:0, 2+1:0:0:0:0, 0+1:0:0:0:0, 1+1:0:0:0:0, 0+0:0:0:0:0, 1+5:0:2:0:2, 3+2:0:0:0:0, 0+1:0:0:0:0, 3+2:0:0:0:0, 1+3:0:0:0:0,  , 2+5:0:0:0:0, 3+3:1:0:0:0, 1+0:0:0:0:0, 0+1:0:0:0:0, 1+2:0:0:0:0, 1+2:0:0:0:0, 0+1:0:0:0:0, 1+0:0:0:0:0, 2+2:0:0:0:0, 3+2:0:0:0:0, 0+4:0:0:0:0, 0+0:0:0:0:0, 0+4:0:0:0:0, 1+0:0:0:0:0, 0+3:0:0:0:0, 1+0:0:0:0:0, 1+2:0:0:0:0, 1+1:0:0:0:0, 0+1:0:0:0:0, 1+0:0:0:0:0, 2+2:0:0:0:0, 1+2:0:0:0:0, 2+5:0:0:0:0, 1+1:0:0:0:0, 0+4:0:0:0:0,  , 0+3:0:0:0:0, 1+0:0:0:0:0, 3+3:0:0:0:0,  , 0+3:0:0:0:0, 0+0:0:0:0:0, 1+1:0:0:0:0, 5+4:0:1:0:1, 0+1:0:0:0:0, 0+0:0:0:0:0, 0+1:0:0:0:0, 2+2:0:0:0:0, 0+0:0:0:0:0, 2+2:0:0:0:0, 1+2:0:0:0:0, 0+0:0:0:0:0, 0+1:0:0:0:0, 0+0:0:0:0:0, 0+1:0:0:0:0, 1+3:0:0:0:0, 0+2:0:0:0:0, 2+2:0:0:0:1, 1+0:0:0:0:0, 1+0:0:0:0:0, 1+0:0:0:0:0, 1+0:0:0:0:0, 164+294:7:10:0:23
Bb major (2b), 1+0:0:0:0:0, 0+0:0:0:0:0, 0+0:0:0:0:0,  , 1+1:0:0:0:0, 0+0:0:0:0:0, 1+0:0:0:0:0,  , 2+0:0:0:0:0, 2+1:0:0:0:0, 1+0:0:0:0:0,  , 1+0:0:0:0:0, 0+0:0:0:0:0, 0+0:0:0:0:0,  , 1+1:0:0:0:0, 0+0:0:0:0:0, 1+0:0:0:0:0,  , 2+0:0:0:0:0, 2+1:0:0:0:0, 1+0:0:0:0:0,  , 4+2:1:1:0:1, 2+2:0:0:0:0, 1+1:1:0:0:0, 2+3:0:0:0:0, 1+0:0:0:0:0, 2+4:0:2:0:2, 3+0:0:0:0:0, 0+0:0:0:0:0, 5+2:0:0:0:2, 3+1:0:0:0:0, 3+0:0:0:0:0,  , 3+1:0:0:0:0, 1+0:0:0:0:0, 0+0:0:0:0:0, 2+1:0:0:0:0, 1+0:0:0:0:0, 1+0:0:0:0:0, 4+1:0:1:0:1, 0+0:0:0:0:0, 2+0:0:0:0:0, 5+5:0:0:0:3, 3+2:1:0:0:0, 0+0:0:0:0:0, 2+0:0:0:0:0, 1+0:0:0:0:0, 3+1:0:0:0:0, 1+0:0:0:0:0, 2+3:0:0:0:0, 1+1:0:0:0:0, 3+4:1:0:0:1, 2+1:1:0:0:1, 3+2:0:0:0:2, 5+3:0:0:0:2, 4+3:0:0:0:1, 1+1:0:0:0:0, 4+2:0:0:0:0, 1+0:0:0:0:0, 3+2:0:0:0:0, 2+1:0:0:0:0, 2+0:0:0:0:0, 1+1:0:0:0:0, 3+2:0:0:0:0, 2+1:0:0:0:0, 3+1:0:0:0:1, 5+3:0:0:0:1, 2+1:0:0:0:0, 1+0:0:0:0:0, 2+1:0:0:0:0, 0+0:0:0:0:0, 0+0:0:0:0:0, 0+0:0:0:0:0, 1+1:0:0:0:0, 0+0:0:0:0:0, 2+1:0:0:0:0, 0+0:0:0:0:0, 2+0:0:0:0:0, 3+1:0:0:0:0, 2+1:0:0:0:0, 0+0:0:0:0:0, 2+1:0:0:0:0, 0+0:0:0:0:0, 0+0:0:0:0:0, 0+0:0:0:0:0, 1+1:0:0:0:0, 0+0:0:0:0:0, 1+1:0:0:0:0, 0+0:0:0:0:0, 2+1:0:0:0:0, 4+1:0:0:0:1, 4+2:0:0:0:2, 2+1:0:0:0:0, 2+0:0:0:0:0, 2+1:0:0:0:0, 2+1:0:0:0:1, 2+1:0:0:0:0, 3+1:0:0:0:0, 1+1:0:0:0:0, 1+0:0:0:0:0, 2+0:0:0:0:0, 5+1:0:0:0:1, 5+4:1:0:0:1, 2+1:1:0:0:0,  , 2+0:0:0:0:0, 2+0:0:0:0:0, 4+1:0:0:0:0, 2+0:0:0:0:0, 2+0:0:0:0:0, 1+0:0:0:0:0, 3+2:0:2:0:2, 5+3:0:0:0:3, 3+0:0:0:0:0, 3+4:2:0:0:0, 3+1:0:0:0:0,  , 4+3:0:0:0:1, 3+2:0:0:0:0, 1+0:0:0:0:0, 1+0:0:0:0:0, 1+1:0:0:0:0, 2+3:0:0:0:0, 1+0:0:0:0:0, 2+1:1:0:0:0, 3+1:0:0:0:0, 3+3:1:0:0:0, 2+0:0:0:0:0, 1+0:0:0:0:0, 3+0:0:0:0:0, 2+0:0:0:0:0, 3+0:0:0:0:0, 2+0:0:0:0:0, 2+0:0:0:0:0, 1+0:0:0:0:0, 2+0:0:0:0:0, 2+1:1:0:0:0, 5+1:0:0:0:1, 3+3:0:0:0:0, 3+2:0:0:0:0, 3+0:0:0:0:0, 1+0:0:0:0:0,  , 1+0:0:0:0:0, 2+1:1:0:0:0, 3+1:0:0:0:0,  , 2+0:0:0:0:0, 2+0:0:0:0:0, 4+1:0:0:0:1, 5+3:1:1:0:2, 1+0:0:0:0:0, 1+0:0:0:0:0, 1+0:0:0:0:0, 1+1:0:0:0:0, 1+0:0:0:0:0, 1+1:0:0:0:0, 1+0:0:0:0:0, 1+0:0:0:0:0, 1+0:0:0:0:0, 2+0:0:0:0:0, 2+0:0:0:0:0, 3+1:0:0:0:0, 1+0:0:0:0:0, 3+1:0:0:0:1, 0+0:0:0:0:0, 0+0:0:0:0:0, 0+0:0:0:0:0, 0+0:0:0:0:0, 301+128:14:7:0:35
D major (2#), 1+0:0:0:0:0, 0+0:0:0:0:0, 0+0:0:0:0:0,  , 1+1:0:0:0:0, 0+0:0:0:0:0, 1+0:0:0:0:0,  , 0+0:0:0:0:0, 0+0:0:0:0:0, 1+0:0:0:0:0,  , 1+0:0:0:0:0, 0+0:0:0:0:0, 0+0:0:0:0:0,  , 1+1:0:0:0:0, 0+0:0:0:0:0, 1+0:0:0:0:0,  , 0+0:0:0:0:0, 0+0:0:0:0:0, 1+0:0:0:0:0,  , 3+2:1:1:0:1, 4+2:0:0:0:0, 1+1:0:0:0:1, 0+0:0:0:0:0, 1+1:0:0:0:0, 3+1:0:0:0:0, 1+0:0:0:0:0, 1+0:0:0:0:0, 3+2:0:0:0:2, 0+0:0:0:0:0, 1+0:0:0:0:0,  , 2+1:0:0:0:0, 0+0:0:0:0:0, 0+0:0:0:0:0, 2+1:0:0:0:0, 1+0:0:0:0:0, 0+0:0:0:0:0, 2+1:0:1:0:1, 0+0:0:0:0:0, 0+0:0:0:0:0, 2+4:0:0:0:0, 3+2:1:0:0:0, 1+0:0:0:0:0, 1+0:0:0:0:0, 1+0:0:0:0:0, 1+1:0:0:0:0, 1+0:0:0:0:0, 2+3:0:0:0:0, 3+1:0:0:0:0, 3+4:3:0:0:0, 3+2:0:0:0:0, 1+2:0:0:0:0, 2+3:0:2:0:3, 3+3:1:0:0:1, 1+0:0:0:0:0, 2+5:0:1:0:0, 0+0:0:0:0:0, 3+2:0:0:0:0, 2+1:0:0:0:0, 1+0:0:0:0:0, 2+1:0:0:0:0, 2+1:0:0:0:0, 1+0:0:0:0:0, 1+1:0:0:0:0, 2+3:0:2:0:2, 2+1:0:0:0:0, 2+1:0:0:0:0, 2+2:0:0:0:0, 1+1:0:0:0:0, 1+0:0:0:0:0, 1+1:0:0:0:0, 1+2:0:0:0:0, 1+0:0:0:0:0, 2+1:0:0:0:0, 1+0:0:0:0:0, 1+1:0:0:0:0, 1+1:0:0:0:0, 2+1:0:0:0:0, 1+0:0:0:0:0, 2+1:0:0:0:0, 1+0:0:0:0:0, 2+1:0:0:0:0, 1+2:0:0:0:0, 2+2:0:0:0:0, 2+1:0:0:0:0, 1+3:0:0:0:0, 2+1:0:0:0:0, 2+2:0:0:0:0, 2+3:0:0:0:0, 4+2:0:0:0:0, 1+1:0:0:0:0, 1+1:0:0:0:0, 2+1:0:0:0:0, 1+2:0:2:0:2, 1+1:0:0:0:0, 3+2:0:0:0:2, 2+0:0:0:0:0, 1+1:0:0:0:0, 1+0:0:0:0:0, 3+1:0:0:0:1, 3+2:1:0:0:0, 3+1:0:0:0:1,  , 1+0:0:0:0:0, 1+0:0:0:0:0, 3+1:0:0:0:0, 1+0:0:0:0:0, 1+2:0:0:0:0, 0+0:0:0:0:0, 2+2:0:2:0:2, 3+3:0:0:0:1, 0+0:0:0:0:0, 1+2:2:0:0:0, 2+1:0:0:0:0,  , 3+3:0:0:0:1, 4+3:1:0:0:0, 1+0:0:0:0:0, 1+1:0:0:0:0, 1+2:0:0:0:0, 1+3:0:0:0:0, 1+0:0:0:0:0, 2+1:0:0:0:1, 2+1:1:0:0:0, 1+1:1:0:0:0, 1+0:0:0:0:0, 0+0:0:0:0:0, 1+0:0:0:0:0, 1+1:0:0:0:0, 0+0:0:0:0:0, 1+1:0:0:0:0, 1+2:0:0:0:0, 1+0:0:0:0:0, 1+1:0:0:0:0, 2+1:0:0:0:1, 2+1:0:0:0:1, 0+0:0:0:0:0, 3+2:0:0:0:0, 0+0:0:0:0:0, 1+0:0:0:0:0,  , 0+0:0:0:0:0, 2+1:0:0:0:1, 4+1:0:0:0:0,  , 1+0:0:0:0:0, 1+0:0:0:0:0, 1+1:0:0:0:1, 3+3:1:1:0:2, 1+0:0:0:0:0, 0+0:0:0:0:0, 1+0:0:0:0:0, 1+1:0:1:0:1, 0+0:0:0:0:0, 1+1:0:1:0:1, 1+2:0:0:0:0, 0+0:0:0:0:0, 1+0:0:0:0:0, 0+0:0:0:0:0, 0+0:0:0:0:0, 0+0:0:0:0:0, 1+0:0:0:0:0, 1+1:0:0:0:0, 1+0:0:0:0:0, 1+0:0:0:0:0, 1+0:0:0:0:0, 1+0:0:0:0:0, 210+142:13:14:0:30
G minor (2b), 1+0:0:0:0:0, 0+0:0:0:0:0, 0+0:0:0:0:0,  , 1+1:0:0:0:0, 0+0:0:0:0:0, 1+0:0:0:0:0,  , 2+0:0:0:0:0, 2+1:0:0:0:0, 1+0:0:0:0:0,  , 1+0:0:0:0:0, 0+0:0:0:0:0, 0+0:0:0:0:0,  , 1+1:0:0:0:0, 0+0:0:0:0:0, 1+0:0:0:0:0,  , 2+0:0:0:0:0, 2+1:0:0:0:0, 1+0:0:0:0:0,  , 4+2:1:1:0:1, 2+2:0:0:0:0, 1+1:1:0:0:0, 2+0:0:0:0:0, 1+1:0:0:0:0, 2+3:0:2:0:2, 3+0:0:0:0:0, 0+0:0:0:0:0, 5+2:0:0:0:2, 3+1:0:0:0:0, 3+0:0:0:0:0,  , 3+1:0:0:0:0, 1+0:0:0:0:0, 0+0:0:0:0:0, 2+1:0:0:0:0, 1+0:0:0:0:0, 1+0:0:0:0:0, 4+1:0:1:0:1, 0+0:0:0:0:0, 2+0:0:0:0:0, 5+4:0:0:0:0, 3+2:1:0:0:0, 0+0:0:0:0:0, 2+0:0:0:0:0, 1+0:0:0:0:0, 3+1:0:0:0:0, 1+0:0:0:0:0, 2+3:0:0:0:0, 1+0:0:0:0:0, 3+4:0:0:0:0, 2+1:1:0:0:1, 3+2:0:0:0:2, 6+3:0:0:0:1, 4+2:1:0:0:0, 1+1:0:0:0:0, 3+1:0:1:0:1, 1+0:0:0:0:0, 2+2:0:1:0:1, 2+1:0:0:0:0, 2+2:0:0:0:0, 1+1:0:0:0:0, 3+1:0:0:0:1, 2+1:0:0:0:0, 3+1:0:0:0:0, 4+3:0:2:0:2, 2+1:0:0:0:0, 1+0:0:0:0:0, 2+1:0:0:0:0, 0+0:0:0:0:0, 0+1:0:0:0:0, 0+0:0:0:0:0, 1+2:0:0:0:0, 0+0:0:0:0:0, 2+1:0:0:0:0, 0+0:0:0:0:0, 2+1:0:0:0:0, 3+1:0:0:0:0, 2+1:0:0:0:0, 0+0:0:0:0:0, 2+1:0:0:0:0, 0+0:0:0:0:0, 0+1:0:0:0:0, 0+0:0:0:0:0, 1+2:0:0:0:0, 0+1:0:0:0:0, 1+0:0:0:0:0, 0+1:0:0:0:0, 2+1:0:0:0:0, 4+3:0:0:0:0, 4+2:0:0:0:2, 2+1:0:0:0:0, 2+0:0:0:0:0, 2+1:0:0:0:0, 2+1:0:0:0:1, 2+0:0:0:0:0, 3+1:0:0:0:0, 1+1:0:0:0:0, 1+0:0:0:0:0, 2+0:0:0:0:0, 5+1:0:0:0:1, 5+2:1:0:0:0, 2+1:1:0:0:0,  , 2+0:0:0:0:0, 2+0:0:0:0:0, 4+1:0:0:0:0, 2+0:0:0:0:0, 2+2:0:0:0:0, 1+0:0:0:0:0, 3+2:0:2:0:2, 5+3:0:0:0:3, 3+0:0:0:0:0, 3+4:2:0:0:0, 3+1:0:0:0:0,  , 4+3:0:0:0:1, 3+2:0:0:0:0, 1+0:0:0:0:0, 1+1:0:0:0:0, 1+1:0:0:0:0, 2+3:0:0:0:0, 1+0:0:0:0:0, 2+1:1:0:0:0, 3+1:1:0:0:0, 3+3:1:0:0:0, 2+0:0:0:0:0, 1+0:0:0:0:0, 3+0:0:0:0:0, 2+1:0:0:0:0, 3+0:0:0:0:0, 2+1:0:0:0:0, 2+2:0:0:0:0, 1+0:0:0:0:0, 2+0:0:0:0:0, 2+1:1:0:0:0, 5+1:0:0:0:1, 3+3:0:0:0:0, 3+2:0:0:0:0, 3+0:0:0:0:0, 1+0:0:0:0:0,  , 1+0:0:0:0:0, 2+1:1:0:0:0, 3+1:0:0:0:0,  , 2+0:0:0:0:0, 2+0:0:0:0:0, 4+1:0:0:0:1, 5+3:1:1:0:2, 1+0:0:0:0:0, 1+0:0:0:0:0, 1+0:0:0:0:0, 1+1:0:0:0:0, 1+0:0:0:0:0, 1+1:0:0:0:0, 1+2:0:0:0:0, 1+0:0:0:0:0, 1+0:0:0:0:0, 2+0:0:0:0:0, 2+0:0:0:0:0, 3+1:0:0:0:0, 1+0:0:0:0:0, 3+1:0:0:0:0, 0+0:0:0:0:0, 0+1:0:0:0:0, 0+1:0:0:0:0, 0+1:0:0:0:0, 299+139:15:11:0:29
B minor (2#), 1+1:0:0:0:0, 0+4:0:0:0:0, 0+1:0:0:0:0,  , 1+3:0:0:0:1, 0+4:0:0:0:0, 1+2:0:0:0:0,  , 0+2:0:0:0:0, 0+5:0:0:0:0, 1+2:0:0:0:0,  , 1+1:0:0:0:0, 0+4:0:0:0:0, 0+1:0:0:0:0,  , 1+3:0:0:0:1, 0+4:0:0:0:0, 1+2:0:0:0:0,  , 0+2:0:0:0:0, 0+5:0:0:0:0, 1+2:0:0:0:0,  , 3+3:1:1:0:2, 4+2:0:0:0:0, 1+1:0:0:0:0, 0+2:0:0:0:0, 1+3:0:0:0:0, 3+1:0:0:0:0, 1+2:0:0:0:0, 1+1:0:0:0:1, 3+3:0:0:0:0, 0+3:0:0:0:0, 1+3:0:0:0:0,  , 2+3:0:0:0:0, 0+0:0:0:0:0, 0+0:0:0:0:0, 1+0:0:0:0:0, 1+1:0:0:0:1, 0+0:0:0:0:0, 2+2:0:1:0:1, 0+3:0:0:0:0, 0+4:0:0:0:0, 2+6:0:0:0:1, 3+5:1:0:0:1, 1+1:0:0:0:0, 1+1:0:0:0:0, 1+1:0:0:0:1, 1+2:0:0:0:0, 1+1:0:0:0:0, 2+7:0:0:0:3, 4+1:0:0:0:0, 3+6:3:0:0:3, 3+1:0:0:0:0, 1+5:0:0:0:0, 2+8:0:2:0:0, 4+3:0:0:0:0, 1+0:0:0:0:0, 2+5:0:1:0:0, 0+0:0:0:0:0, 3+3:0:0:0:0, 2+2:0:0:0:0, 1+4:0:0:0:2, 2+0:0:0:0:0, 2+2:0:0:0:1, 1+1:0:0:0:0, 1+3:0:0:0:0, 2+5:0:2:0:2, 2+4:0:0:0:0, 2+0:0:0:0:0, 2+3:0:0:0:0, 1+1:0:0:0:0, 1+0:0:0:0:0, 1+1:0:0:0:0, 1+4:0:0:0:0, 1+1:0:0:0:0, 2+3:0:0:0:0, 1+1:0:0:0:0, 1+1:0:0:0:1, 1+4:0:0:0:0, 2+4:0:0:0:0, 1+2:0:0:0:0, 2+3:0:0:0:0, 1+4:0:0:0:0, 2+0:0:0:0:0, 1+3:0:0:0:0, 2+3:0:0:0:0, 2+0:0:0:0:0, 1+3:0:0:0:0, 2+0:0:0:0:0, 2+5:0:0:0:0, 2+5:0:0:0:1, 4+2:0:0:0:1, 1+1:0:0:0:1, 1+2:0:0:0:0, 2+1:0:0:0:0, 2+1:0:0:0:1, 1+0:0:0:0:0, 3+2:0:0:0:2, 2+0:0:0:0:0, 1+4:0:0:0:0, 1+0:0:0:0:0, 3+2:0:0:0:0, 3+4:1:0:0:1, 3+4:0:0:0:0,  , 1+3:0:0:0:0, 1+0:0:0:0:0, 3+1:0:0:0:0, 1+1:0:0:0:0, 1+2:0:0:0:2, 0+1:0:0:0:0, 2+5:0:2:0:2, 3+4:0:0:0:0, 0+1:0:0:0:0, 2+2:0:0:0:0, 2+3:0:0:0:0,  , 3+5:0:0:0:0, 4+3:1:0:0:0, 1+0:0:0:0:0, 1+0:0:0:0:0, 1+2:0:0:0:2, 1+3:0:0:0:0, 1+1:0:0:0:0, 2+0:0:0:0:0, 3+2:0:0:0:0, 2+2:0:0:0:0, 1+4:0:0:0:0, 0+0:0:0:0:0, 1+4:0:0:0:0, 1+2:0:0:0:1, 0+1:0:0:0:0, 1+2:0:0:0:1, 1+6:0:0:0:0, 1+1:0:0:0:0, 1+1:0:0:0:0, 2+0:0:0:0:0, 2+1:0:0:0:0, 0+2:0:0:0:0, 3+5:0:0:0:0, 0+1:0:0:0:0, 1+4:0:0:0:0,  , 0+3:0:0:0:0, 2+0:0:0:0:0, 4+3:0:0:0:0,  , 1+3:0:0:0:0, 1+0:0:0:0:0, 1+3:0:0:0:0, 4+4:0:1:0:1, 1+1:0:0:0:0, 0+0:0:0:0:0, 1+1:0:0:0:0, 1+2:0:1:0:0, 0+2:0:0:0:0, 1+2:0:1:0:0, 1+5:0:0:0:2, 0+1:0:0:0:0, 1+1:0:0:0:0, 0+0:0:0:0:0, 0+0:0:0:0:0, 0+3:0:0:0:0, 1+2:0:0:0:0, 1+1:0:0:0:0, 1+0:0:0:0:0, 1+0:0:0:0:0, 1+0:0:0:0:0, 1+0:0:0:0:0, 216+348:7:12:0:40
Eb major (3b), 2+1:1:0:0:1, 1+0:0:0:0:0, 1+0:0:0:0:0,  , 2+0:0:0:0:0, 1+0:0:0:0:0, 2+1:0:0:0:0,  , 3+0:0:0:0:0, 3+1:0:0:0:0, 2+1:0:0:0:0,  , 2+1:0:0:0:0, 1+0:0:0:0:0, 1+0:0:0:0:0,  , 2+0:0:0:0:0, 1+0:0:0:0:0, 2+1:0:0:0:0,  , 3+0:0:0:0:0, 3+1:0:0:0:0, 2+1:0:0:0:0,  , 6+3:0:0:0:0, 1+1:0:0:0:0, 2+0:0:0:0:0, 3+3:0:0:0:0, 1+0:0:0:0:0, 3+4:0:2:0:2, 4+1:0:0:0:0, 1+1:0:0:0:0, 6+3:0:0:0:2, 4+1:0:0:0:0, 4+1:0:0:0:0,  , 4+1:0:0:0:0, 1+0:0:0:0:0, 1+0:0:0:0:0, 2+1:0:0:0:0, 1+0:0:0:0:0, 1+0:0:0:0:0, 6+2:0:0:0:0, 1+0:0:0:0:0, 3+0:0:0:0:0, 6+5:0:0:0:3, 4+3:0:0:0:1, 0+0:0:0:0:0, 3+2:0:0:0:0, 1+0:0:0:0:0, 4+1:0:0:0:0, 2+0:0:0:0:0, 1+3:0:0:0:0, 0+0:0:0:0:0, 4+4:0:0:0:0, 1+1:1:0:0:1, 4+2:0:0:0:1, 6+3:0:0:0:2, 5+3:0:0:0:1, 1+1:0:0:0:0, 5+2:0:0:0:0, 2+0:0:0:0:0, 4+2:0:0:0:0, 2+1:0:0:0:1, 3+0:0:0:0:0, 1+1:0:0:0:0, 4+2:0:0:0:0, 3+1:0:0:0:0, 4+1:0:0:0:1, 6+3:0:0:0:2, 3+1:0:0:0:0, 2+0:0:0:0:0, 3+1:0:0:0:0, 1+0:0:0:0:0, 0+0:0:0:0:0, 1+0:0:0:0:0, 1+0:0:0:0:0, 1+0:0:0:0:0, 3+1:0:0:0:0, 1+0:0:0:0:0, 2+0:0:0:0:0, 4+1:0:0:0:1, 3+1:0:0:0:0, 1+0:0:0:0:0, 3+1:0:0:0:0, 1+0:0:0:0:0, 1+0:0:0:0:0, 1+0:0:0:0:0, 2+0:0:0:0:0, 0+0:0:0:0:0, 2+1:0:0:0:0, 1+0:0:0:0:0, 3+0:0:0:0:0, 5+1:0:0:0:1, 5+3:0:0:0:0, 2+1:0:0:0:0, 3+3:0:0:0:0, 2+1:0:0:0:0, 3+1:0:0:0:1, 3+1:0:0:0:0, 3+1:0:0:0:0, 0+1:0:0:0:0, 2+3:0:0:0:0, 2+1:0:0:0:0, 6+2:0:0:0:0, 6+4:3:0:0:3, 3+4:2:0:0:2,  , 3+3:0:0:0:0, 3+2:0:0:0:0, 5+1:0:0:0:0, 2+2:0:0:0:0, 2+0:0:0:0:0, 2+0:0:0:0:0, 5+2:0:0:0:0, 5+3:2:0:0:1, 4+0:0:0:0:0, 4+4:2:0:0:0, 4+2:0:0:0:1,  , 5+5:0:0:0:2, 4+2:0:0:0:0, 1+0:0:0:0:0, 2+0:0:0:0:0, 1+0:0:0:0:0, 1+3:0:0:0:0, 2+1:0:0:0:0, 3+3:0:0:0:0, 3+1:0:0:0:0, 4+3:1:0:0:0, 3+2:0:0:0:0, 2+0:0:0:0:0, 4+2:0:0:0:0, 3+0:0:0:0:0, 4+0:0:0:0:0, 3+0:0:0:0:0, 2+0:0:0:0:0, 2+0:0:0:0:0, 3+4:0:0:0:0, 3+3:0:0:0:0, 5+2:0:0:0:0, 4+3:0:0:0:0, 4+2:0:0:0:0, 4+0:0:0:0:0, 2+2:0:0:0:0,  , 2+0:0:0:0:0, 3+2:0:0:0:0, 2+1:0:0:0:0,  , 3+3:0:0:0:0, 3+1:0:0:0:0, 5+1:0:0:0:1, 6+3:1:1:0:2, 2+1:0:0:0:0, 2+1:0:0:0:0, 2+2:0:0:0:0, 2+1:0:0:0:0, 2+1:0:0:0:0, 2+1:0:0:0:0, 2+0:0:0:0:0, 2+2:0:0:0:0, 2+2:0:0:0:0, 2+2:0:0:0:0, 2+0:0:0:0:0, 4+1:0:0:0:0, 2+2:0:0:0:0, 4+1:0:0:0:1, 0+0:0:0:0:0, 0+0:0:0:0:0, 0+0:0:0:0:0, 0+0:0:0:0:0, 419+190:13:3:0:34
A major (3#), 1+1:0:0:0:0, 0+0:0:0:0:0, 0+0:0:0:0:0,  , 2+1:0:0:0:0, 0+0:0:0:0:0, 1+1:0:0:0:0,  , 1+0:0:0:0:0, 1+0:0:0:0:0, 1+1:0:0:0:0,  , 1+1:0:0:0:0, 0+0:0:0:0:0, 0+0:0:0:0:0,  , 2+1:0:0:0:0, 0+0:0:0:0:0, 1+1:0:0:0:0,  , 1+0:0:0:0:0, 1+0:0:0:0:0, 1+1:0:0:0:0,  , 4+3:0:0:0:0, 3+3:0:0:0:0, 2+1:0:0:0:1, 0+0:0:0:0:0, 2+2:0:0:0:0, 3+1:0:0:0:0, 1+1:0:0:0:0, 1+1:0:0:0:1, 4+3:0:0:0:0, 1+0:0:0:0:0, 1+1:0:0:0:0,  , 2+2:0:0:0:0, 0+0:0:0:0:0, 0+0:0:0:0:0, 2+1:0:0:0:0, 2+1:0:0:0:0, 0+0:0:0:0:0, 2+2:0:1:0:1, 0+0:0:0:0:0, 1+0:0:0:0:0, 3+4:0:0:0:0, 3+2:0:0:0:0, 1+0:0:0:0:0, 1+2:0:0:0:0, 1+0:0:0:0:0, 1+1:0:0:0:0, 1+0:0:0:0:0, 3+7:0:0:0:3, 3+1:0:0:0:0, 4+6:0:0:0:2, 2+2:0:0:0:0, 2+2:0:0:0:0, 3+4:0:2:0:2, 4+3:0:0:0:0, 1+0:0:0:0:0, 3+2:0:1:0:1, 0+0:0:0:0:0, 4+3:0:0:0:0, 2+1:0:0:0:0, 2+2:0:0:0:0, 2+1:0:0:0:0, 1+1:0:0:0:0, 0+0:0:0:0:0, 2+1:0:0:0:0, 3+3:0:2:0:2, 2+1:0:0:0:0, 2+0:0:0:0:0, 2+1:0:0:0:0, 1+0:0:0:0:0, 1+0:0:0:0:0, 1+0:0:0:0:0, 2+1:0:0:0:0, 1+0:0:0:0:0, 2+1:0:0:0:0, 1+0:0:0:0:0, 2+1:0:0:0:0, 2+2:0:0:0:0, 2+2:0:0:0:0, 1+0:0:0:0:0, 2+1:0:0:0:0, 1+0:0:0:0:0, 2+0:0:0:0:0, 1+0:0:0:0:0, 3+1:0:0:0:0, 2+0:0:0:0:0, 1+1:0:0:0:0, 2+0:0:0:0:0, 3+1:0:0:0:0, 3+2:0:0:0:0, 3+2:0:0:0:0, 2+1:0:0:0:0, 1+1:0:0:0:0, 2+1:0:0:0:0, 2+1:0:0:0:1, 2+0:0:0:0:0, 4+2:0:0:0:2, 1+0:0:0:0:0, 2+2:0:0:0:0, 1+0:0:0:0:0, 4+1:0:0:0:1, 4+2:1:0:0:0, 3+1:0:0:0:1,  , 1+1:0:0:0:0, 1+1:0:0:0:0, 2+2:0:0:0:0, 2+3:0:0:0:0, 2+1:0:0:0:0, 0+0:0:0:0:0, 2+3:0:2:0:2, 4+3:0:0:0:1, 1+0:0:0:0:0, 2+2:2:0:0:0, 2+1:0:0:0:0,  , 3+2:0:0:0:0, 5+3:1:0:0:0, 1+0:0:0:0:0, 2+1:0:0:0:0, 2+2:0:0:0:0, 2+2:0:0:0:0, 1+1:0:0:0:0, 3+4:0:0:0:0, 3+3:0:0:0:1, 2+4:1:0:0:0, 1+1:0:0:0:0, 0+0:0:0:0:0, 1+1:0:0:0:0, 1+0:0:0:0:0, 0+0:0:0:0:0, 1+0:0:0:0:0, 2+2:0:0:0:0, 2+1:0:0:0:0, 2+1:0:0:0:0, 3+1:0:0:0:1, 3+1:0:0:0:1, 1+0:0:0:0:0, 3+2:0:0:0:0, 0+0:0:0:0:0, 1+1:0:0:0:0,  , 0+0:0:0:0:0, 3+3:0:0:0:0, 5+3:0:0:0:0,  , 2+4:0:0:0:0, 1+1:0:0:0:0, 2+1:0:0:0:1, 4+3:1:1:0:2, 1+1:0:0:0:0, 1+0:0:0:0:0, 2+1:0:0:0:0, 2+1:0:1:0:1, 1+0:0:0:0:0, 2+1:0:1:0:1, 2+2:0:0:0:0, 1+0:0:0:0:0, 2+1:0:0:0:0, 1+0:0:0:0:0, 1+0:0:0:0:0, 1+0:0:0:0:0, 2+1:0:0:0:0, 1+1:0:0:0:0, 1+0:0:0:0:0, 1+0:0:0:0:0, 1+0:0:0:0:0, 1+0:0:0:0:0, 275+181:6:11:0:29
C minor (3b), 2+1:0:0:0:0, 1+0:0:0:0:0, 1+0:0:0:0:0,  , 2+0:0:0:0:0, 1+0:0:0:0:0, 2+1:0:0:0:0,  , 3+0:0:0:0:0, 3+1:0:0:0:0, 2+1:0:0:0:0,  , 2+1:0:0:0:0, 1+0:0:0:0:0, 1+0:0:0:0:0,  , 2+0:0:0:0:0, 1+0:0:0:0:0, 2+1:0:0:0:0,  , 3+0:0:0:0:0, 3+1:0:0:0:0, 2+1:0:0:0:0,  , 6+3:0:0:0:0, 1+1:0:0:0:0, 2+1:1:0:0:0, 3+3:0:0:0:0, 1+0:0:0:0:0, 3+4:0:2:0:2, 4+0:0:0:0:0, 1+0:0:0:0:0, 6+2:0:0:0:2, 4+1:0:0:0:0, 4+1:0:0:0:0,  , 4+1:0:0:0:0, 1+0:0:0:0:0, 1+0:0:0:0:0, 2+1:0:0:0:0, 1+0:0:0:0:0, 1+0:0:0:0:0, 6+2:0:0:0:0, 1+0:0:0:0:0, 3+0:0:0:0:0, 6+5:0:0:0:3, 4+2:1:0:0:0, 0+0:0:0:0:0, 3+2:0:0:0:0, 1+0:0:0:0:0, 4+1:0:0:0:0, 2+0:0:0:0:0, 1+3:0:0:0:0, 0+0:0:0:0:0, 4+4:0:0:0:0, 1+1:1:0:0:1, 4+2:0:0:0:1, 6+3:0:0:0:2, 5+3:0:0:0:1, 1+1:0:0:0:0, 5+2:0:0:0:0, 2+0:0:0:0:0, 4+2:0:0:0:0, 2+1:0:0:0:1, 3+0:0:0:0:0, 1+1:0:0:0:0, 4+2:0:0:0:0, 3+1:0:0:0:0, 4+1:0:0:0:1, 6+3:0:0:0:2, 3+1:0:0:0:0, 2+0:0:0:0:0, 3+1:0:0:0:0, 1+0:0:0:0:0, 0+0:0:0:0:0, 1+0:0:0:0:0, 1+0:0:0:0:0, 1+0:0:0:0:0, 3+1:0:0:0:0, 1+0:0:0:0:0, 2+0:0:0:0:0, 4+1:0:0:0:0, 3+1:0:0:0:0, 1+0:0:0:0:0, 3+1:0:0:0:0, 1+0:0:0:0:0, 1+0:0:0:0:0, 1+0:0:0:0:0, 2+0:0:0:0:0, 0+0:0:0:0:0, 2+1:0:0:0:0, 1+0:0:0:0:0, 3+0:0:0:0:0, 5+1:0:0:0:1, 5+3:0:0:0:0, 2+1:0:0:0:0, 3+0:0:0:0:0, 2+1:0:0:0:0, 3+1:0:0:0:1, 3+1:0:0:0:0, 3+1:0:0:0:0, 0+1:0:0:0:0, 2+3:0:0:0:0, 2+1:0:0:0:0, 6+2:0:0:0:0, 6+4:1:0:0:1, 3+1:1:0:0:0,  , 3+0:0:0:0:0, 3+0:0:0:0:0, 5+1:0:0:0:0, 2+2:0:0:0:0, 2+0:0:0:0:0, 2+0:0:0:0:0, 5+2:0:0:0:0, 5+3:2:0:0:1, 4+0:0:0:0:0, 4+4:2:0:0:0, 4+1:0:0:0:0,  , 5+3:0:0:0:1, 4+2:0:0:0:0, 1+0:0:0:0:0, 2+0:0:0:0:0, 1+0:0:0:0:0, 1+3:0:0:0:0, 2+1:0:0:0:0, 3+3:0:0:0:0, 3+1:0:0:0:0, 4+3:1:0:0:0, 3+0:0:0:0:0, 2+0:0:0:0:0, 4+2:0:0:0:0, 3+0:0:0:0:0, 4+0:0:0:0:0, 3+0:0:0:0:0, 2+0:0:0:0:0, 2+0:0:0:0:0, 3+4:0:0:0:0, 3+3:0:0:0:0, 5+1:0:0:0:1, 4+3:0:0:0:0, 4+2:0:0:0:0, 4+2:0:0:0:0, 2+2:0:0:0:0,  , 2+0:0:0:0:0, 3+1:1:0:0:0, 2+1:0:0:0:0,  , 3+3:0:0:0:0, 3+1:0:0:0:0, 5+1:0:0:0:1, 6+3:1:1:0:2, 2+0:0:0:0:0, 2+0:0:0:0:0, 2+0:0:0:0:0, 2+1:0:0:0:0, 2+0:0:0:0:0, 2+1:0:0:0:0, 2+0:0:0:0:0, 2+0:0:0:0:0, 2+0:0:0:0:0, 2+0:0:0:0:0, 2+0:0:0:0:0, 4+1:0:0:0:0, 2+0:0:0:0:0, 4+1:0:0:0:1, 0+0:0:0:0:0, 0+0:0:0:0:0, 0+0:0:0:0:0, 0+0:0:0:0:0, 419+158:12:3:0:26
F# minor (3#), 1+1:0:0:0:1, 0+0:0:0:0:0, 0+0:0:0:0:0,  , 2+3:0:0:0:1, 0+0:0:0:0:0, 1+1:0:0:0:1,  , 1+2:0:0:0:0, 1+5:0:0:0:0, 1+1:0:0:0:1,  , 1+1:0:0:0:1, 0+0:0:0:0:0, 0+0:0:0:0:0,  , 2+3:0:0:0:1, 0+0:0:0:0:0, 1+1:0:0:0:1,  , 1+2:0:0:0:0, 1+5:0:0:0:0, 1+1:0:0:0:1,  , 3+3:1:0:0:3, 3+2:0:0:0:0, 2+1:0:0:0:0, 0+2:0:0:0:0, 2+1:0:0:0:1, 3+2:0:0:0:0, 1+2:0:0:0:1, 2+1:0:0:0:0, 4+5:0:0:0:0, 1+3:0:0:0:0, 1+2:0:0:0:1,  , 3+2:0:0:0:1, 0+0:0:0:0:0, 0+0:0:0:0:0, 1+0:0:0:0:0, 2+1:0:0:0:1, 0+0:0:0:0:0, 2+2:0:0:0:1, 0+0:0:0:0:0, 1+4:0:0:0:0, 3+6:0:0:0:1, 3+5:0:0:0:0, 1+1:0:0:0:0, 1+1:0:0:0:0, 1+0:0:0:0:0, 1+1:0:0:0:0, 1+0:0:0:0:0, 3+7:0:0:0:3, 3+1:0:0:0:0, 4+6:2:0:0:2, 2+1:0:0:0:0, 2+5:0:0:0:0, 3+8:0:2:0:0, 3+3:1:0:0:1, 1+0:0:0:0:0, 3+5:0:1:0:0, 0+1:0:0:0:0, 4+3:0:0:0:0, 2+2:0:0:0:0, 2+4:0:0:0:2, 2+0:0:0:0:0, 1+2:0:0:0:1, 0+1:0:0:0:0, 2+3:0:0:0:0, 3+5:0:2:0:2, 2+4:0:0:0:0, 2+0:0:0:0:0, 2+3:0:0:0:0, 1+1:0:0:0:0, 1+0:0:0:0:0, 1+0:0:0:0:0, 2+1:0:0:0:0, 1+0:0:0:0:0, 2+3:0:0:0:0, 1+1:0:0:0:0, 2+1:0:0:0:1, 2+4:0:0:0:0, 2+3:0:0:0:1, 1+2:0:0:0:0, 2+3:0:0:0:0, 1+4:0:0:0:0, 2+0:0:0:0:0, 1+0:0:0:0:0, 3+1:0:0:0:0, 2+0:0:0:0:0, 1+3:0:0:0:0, 2+0:0:0:0:0, 3+1:0:0:0:0, 3+5:0:0:0:1, 3+2:0:0:0:1, 2+1:0:0:0:1, 1+2:0:0:0:0, 2+1:0:0:0:0, 2+1:0:0:0:1, 2+0:0:0:0:0, 4+2:0:0:0:2, 1+0:0:0:0:0, 2+4:0:0:0:0, 1+1:0:0:0:0, 4+2:0:0:0:0, 4+4:1:0:0:1, 3+4:0:0:0:0,  , 1+4:0:0:0:0, 1+1:0:0:0:1, 2+4:0:0:0:1, 2+1:0:0:0:0, 2+2:0:0:0:2, 0+0:0:0:0:0, 2+2:0:0:0:1, 4+4:0:0:0:0, 1+1:0:0:0:0, 3+2:0:0:0:0, 2+2:0:0:0:1,  , 3+3:0:0:0:1, 5+3:0:0:0:1, 2+3:0:0:0:0, 2+0:0:0:0:0, 2+2:0:0:0:2, 2+3:0:0:0:0, 1+3:0:0:0:0, 3+0:0:0:0:0, 4+2:0:0:0:0, 3+2:0:0:0:0, 1+1:0:0:0:1, 0+0:0:0:0:0, 1+2:0:0:0:1, 1+1:0:0:0:0, 0+1:0:0:0:0, 1+1:0:0:0:0, 2+2:0:0:0:0, 2+1:0:0:0:0, 2+1:0:0:0:0, 3+0:0:0:0:0, 3+1:0:0:0:0, 1+2:0:0:0:0, 3+1:0:0:0:1, 0+1:0:0:0:0, 1+1:0:0:0:1,  , 0+1:0:0:0:0, 3+0:0:0:0:0, 5+3:0:0:0:0,  , 2+3:0:0:0:0, 1+0:0:0:0:0, 2+3:0:0:0:0, 5+4:0:1:0:1, 1+3:0:0:0:0, 1+1:0:0:0:0, 2+4:0:0:0:0, 2+2:0:1:0:0, 1+2:0:0:0:0, 2+2:0:1:0:0, 2+5:0:0:0:2, 1+1:0:0:0:0, 2+5:0:0:0:0, 1+0:0:0:0:0, 1+0:0:0:0:0, 1+3:0:0:0:0, 2+2:0:0:0:0, 1+1:0:0:0:0, 1+0:0:0:0:0, 1+0:0:0:0:0, 1+0:0:0:0:0, 1+0:0:0:0:0, 279+299:5:8:0:55
Ab major (4b), 3+1:1:0:0:1, 1+0:0:0:0:0, 2+0:0:0:0:0,  , 3+1:0:0:0:0, 1+0:0:0:0:0, 3+1:1:0:0:1,  , 4+0:0:0:0:0, 3+1:0:0:0:0, 3+1:0:0:0:0,  , 3+1:0:0:0:0, 1+0:0:0:0:0, 2+0:0:0:0:0,  , 3+1:0:0:0:0, 1+0:0:0:0:0, 3+1:1:0:0:1,  , 4+0:0:0:0:0, 3+1:0:0:0:0, 3+1:0:0:0:0,  , 7+3:0:0:0:0, 2+1:0:0:0:0, 3+1:1:0:0:0, 4+0:0:0:0:0, 2+1:0:0:0:0, 6+2:0:0:0:1, 5+0:0:0:0:0, 2+0:0:0:0:0, 7+2:0:0:0:2, 5+0:0:0:0:0, 5+0:0:0:0:0,  , 5+1:0:0:0:0, 2+0:0:0:0:0, 2+0:0:0:0:0, 2+0:0:0:0:0, 2+2:0:0:0:0, 2+0:0:0:0:0, 7+2:0:0:0:0, 1+0:0:0:0:0, 4+0:0:0:0:0, 7+4:0:0:0:0, 5+2:1:0:0:0, 1+0:0:0:0:0, 4+2:0:0:0:0, 2+0:0:0:0:0, 3+1:0:0:0:0, 3+0:0:0:0:0, 2+1:0:0:0:1, 1+0:0:0:0:0, 5+4:1:0:0:1, 2+1:1:0:0:1, 5+2:0:0:0:1, 6+3:0:0:0:2, 6+3:0:0:0:1, 1+1:0:0:0:0, 6+2:0:0:0:0, 2+0:0:0:0:0, 4+2:0:0:0:0, 2+1:0:0:0:0, 4+2:0:0:0:0, 1+1:0:0:0:0, 5+2:0:0:0:0, 4+1:0:0:0:0, 5+1:0:0:0:0, 6+3:0:2:0:2, 4+1:0:0:0:0, 3+0:0:0:0:0, 4+1:0:0:0:0, 2+0:0:0:0:0, 1+0:0:0:0:0, 2+0:0:0:0:0, 2+1:0:0:0:0, 2+0:0:0:0:0, 4+1:0:0:0:0, 2+0:0:0:0:0, 3+1:0:0:0:0, 5+1:1:0:0:1, 4+1:0:0:0:0, 2+0:0:0:0:0, 4+1:0:0:0:0, 2+0:0:0:0:0, 2+0:0:0:0:0, 2+0:0:0:0:0, 3+1:0:0:0:0, 1+0:0:0:0:0, 3+1:0:0:0:0, 2+0:0:0:0:0, 4+1:0:0:0:0, 6+1:0:0:0:1, 6+2:0:0:0:2, 2+1:0:0:0:0, 4+3:0:0:0:0, 3+1:0:0:0:0, 4+1:0:0:0:1, 3+1:0:0:0:0, 4+3:0:0:0:0, 0+0:0:0:0:0, 3+3:3:0:0:3, 2+1:0:0:0:0, 7+1:0:0:0:1, 6+2:1:0:0:0, 4+4:2:0:0:2,  , 4+3:0:0:0:0, 3+2:0:0:0:0, 5+1:0:0:0:0, 3+2:0:0:0:0, 3+2:0:0:0:0, 2+0:0:0:0:0, 5+2:0:2:0:2, 5+3:2:0:0:3, 5+0:0:0:0:0, 5+2:2:0:0:0, 5+1:0:0:0:0,  , 6+3:0:0:0:1, 4+2:0:0:0:0, 2+0:0:0:0:0, 2+0:0:0:0:0, 2+1:0:0:0:0, 1+3:0:0:0:0, 3+0:0:0:0:0, 3+1:1:0:0:0, 4+1:0:0:0:0, 4+3:1:0:0:0, 4+0:0:0:0:0, 2+0:0:0:0:0, 5+2:0:0:0:0, 4+0:0:0:0:0, 5+0:0:0:0:0, 4+0:0:0:0:0, 3+2:0:0:0:0, 3+0:0:0:0:0, 4+4:0:0:0:0, 3+1:1:0:0:0, 6+1:0:0:0:1, 4+0:0:0:0:0, 5+2:0:0:0:0, 4+0:0:0:0:0, 3+0:0:0:0:0,  , 3+0:0:0:0:0, 3+2:0:0:0:0, 3+3:0:0:0:2,  , 4+3:0:0:0:0, 3+0:0:0:0:0, 6+1:0:0:0:1, 6+3:1:1:0:2, 3+0:0:0:0:0, 2+0:0:0:0:0, 3+0:0:0:0:0, 2+1:0:0:0:0, 2+0:0:0:0:0, 2+1:0:0:0:0, 3+0:0:0:0:0, 2+0:0:0:0:0, 3+0:0:0:0:0, 2+0:0:0:0:0, 3+0:0:0:0:0, 4+0:0:0:0:0, 3+0:0:0:0:0, 4+1:0:0:0:0, 0+0:0:0:0:0, 0+0:0:0:0:0, 0+0:0:0:0:0, 0+0:0:0:0:0, 531+158:22:5:0:38
E major (4#), 2+1:0:0:0:0, 0+0:0:0:0:0, 1+1:0:0:0:0,  , 3+2:0:0:0:0, 0+0:0:0:0:0, 2+2:0:0:0:0,  , 2+1:0:0:0:0, 1+1:0:0:0:0, 2+2:0:0:0:0,  , 2+1:0:0:0:0, 0+0:0:0:0:0, 1+1:0:0:0:0,  , 3+2:0:0:0:0, 0+0:0:0:0:0, 2+2:0:0:0:0,  , 2+1:0:0:0:0, 1+1:0:0:0:0, 2+2:0:0:0:0,  , 4+3:1:1:0:2, 4+2:0:0:0:0, 3+3:0:0:0:0, 1+2:0:0:0:0, 3+3:0:0:0:0, 2+1:0:0:0:0, 2+2:0:0:0:0, 1+1:0:0:0:0, 5+3:0:0:0:0, 2+2:0:0:0:0, 2+3:0:0:0:0,  , 3+3:0:0:0:0, 1+1:0:0:0:0, 1+1:0:0:0:0, 2+1:0:0:0:0, 3+1:0:0:0:0, 1+1:0:0:0:0, 3+2:0:1:0:1, 0+0:0:0:0:0, 2+1:0:0:0:0, 4+6:0:0:0:1, 4+5:0:0:0:0, 2+1:0:0:0:0, 2+1:0:0:0:0, 2+0:0:0:0:0, 2+1:0:0:0:0, 2+0:0:0:0:0, 4+7:0:0:0:3, 4+1:0:0:0:0, 5+6:2:0:0:2, 3+2:0:0:0:0, 3+2:0:0:0:0, 2+4:0:2:0:2, 5+3:0:0:0:0, 1+0:0:0:0:0, 4+2:0:1:0:1, 0+0:0:0:0:0, 4+3:0:0:0:0, 3+2:0:0:0:0, 3+3:0:0:0:0, 1+4:0:0:0:0, 2+1:0:0:0:0, 1+0:0:0:0:0, 3+1:0:0:0:0, 4+5:0:2:0:2, 3+4:0:0:0:0, 3+0:0:0:0:0, 3+3:0:0:0:0, 2+1:0:0:0:0, 2+0:0:0:0:0, 2+1:0:0:0:0, 3+4:0:0:0:0, 2+1:0:0:0:0, 3+3:0:0:0:0, 2+1:0:0:0:0, 3+3:0:0:0:0, 3+2:0:0:0:0, 3+4:0:0:0:0, 2+2:0:0:0:0, 3+3:0:0:0:0, 2+4:0:0:0:0, 3+0:0:0:0:0, 2+3:0:0:0:0, 4+3:0:0:0:0, 3+0:0:0:0:0, 2+3:0:0:0:0, 3+0:0:0:0:0, 4+5:0:0:0:0, 4+5:0:0:0:1, 4+3:0:0:0:0, 2+1:0:0:0:0, 2+2:0:0:0:0, 3+1:0:0:0:0, 3+1:0:0:0:1, 2+0:0:0:0:0, 5+5:0:0:0:0, 1+0:0:0:0:0, 3+2:0:0:0:0, 1+0:0:0:0:0, 5+2:0:0:0:0, 4+4:1:0:0:1, 4+4:0:0:0:0,  , 2+3:0:0:0:0, 1+0:0:0:0:0, 2+2:0:0:0:0, 3+1:0:0:0:0, 3+6:0:0:0:0, 0+0:0:0:0:0, 3+5:0:2:0:2, 3+2:0:0:0:0, 2+1:0:0:0:0, 3+5:2:0:0:2, 3+3:0:0:0:0,  , 4+5:0:0:0:0, 5+3:0:0:0:0, 2+0:0:0:0:0, 2+0:0:0:0:0, 3+4:0:0:0:0, 2+2:0:0:0:0, 2+1:0:0:0:0, 2+0:0:0:0:0, 5+2:0:0:0:0, 2+3:1:0:0:1, 2+4:0:0:0:0, 0+0:0:0:0:0, 2+4:0:0:0:0, 2+2:0:0:0:0, 1+3:0:0:0:0, 2+3:0:0:0:0, 3+6:0:0:0:0, 3+1:0:0:0:0, 3+1:0:0:0:0, 2+0:0:0:0:0, 4+2:0:0:0:0, 1+3:0:0:0:0, 4+5:0:0:0:0, 0+0:0:0:0:0, 2+4:0:0:0:0,  , 1+3:0:0:0:0, 2+0:0:0:0:0, 6+3:0:0:0:0,  , 3+3:0:0:0:0, 1+0:0:0:0:0, 3+1:0:0:0:0, 3+4:1:1:0:2, 2+1:0:0:0:0, 1+0:0:0:0:0, 3+1:0:0:0:0, 2+1:0:1:0:1, 1+0:0:0:0:0, 2+1:0:1:0:1, 3+3:0:0:0:0, 1+0:0:0:0:0, 3+1:0:0:0:0, 1+0:0:0:0:0, 2+1:0:0:0:0, 1+1:0:0:0:0, 3+2:0:0:0:0, 2+1:0:0:0:0, 1+0:0:0:0:0, 1+0:0:0:0:0, 1+0:0:0:0:0, 1+0:0:0:0:0, 381+309:8:12:0:26
F minor (4b), 3+1:0:0:0:0, 1+0:0:0:0:0, 2+0:0:0:0:0,  , 3+1:0:0:0:0, 1+0:0:0:0:0, 3+1:0:0:0:0,  , 4+0:0:0:0:0, 3+1:0:0:0:0, 3+1:0:0:0:0,  , 3+1:0:0:0:0, 1+0:0:0:0:0, 2+0:0:0:0:0,  , 3+1:0:0:0:0, 1+0:0:0:0:0, 3+1:0:0:0:0,  , 4+0:0:0:0:0, 3+1:0:0:0:0, 3+1:0:0:0:0,  , 7+3:0:0:0:0, 2+1:0:0:0:0, 3+1:1:0:0:1, 4+0:0:0:0:0, 2+0:0:0:0:0, 6+2:0:0:0:1, 5+1:0:0:0:0, 2+1:0:0:0:0, 7+3:0:0:0:2, 5+1:0:0:0:0, 5+1:0:0:0:0,  , 5+1:0:0:0:0, 2+2:0:0:0:0, 2+0:0:0:0:0, 2+1:0:0:0:0, 2+0:0:0:0:0, 2+0:0:0:0:0, 7+2:0:0:0:0, 1+0:0:0:0:0, 4+0:0:0:0:0, 7+5:0:0:0:3, 5+3:0:0:0:1, 1+0:0:0:0:0, 4+2:0:0:0:0, 2+0:0:0:0:0, 3+1:0:0:0:0, 3+0:0:0:0:0, 2+3:0:0:0:0, 1+0:0:0:0:0, 5+4:0:0:0:0, 2+1:1:0:0:1, 5+2:0:0:0:1, 6+3:0:0:0:2, 6+3:0:0:0:1, 1+1:0:0:0:0, 6+2:0:0:0:0, 2+0:0:0:0:0, 4+2:0:0:0:0, 2+1:0:0:0:0, 4+0:0:0:0:0, 1+1:0:0:0:0, 5+2:0:0:0:0, 4+1:0:0:0:0, 5+1:0:0:0:1, 7+3:0:0:0:2, 4+2:0:0:0:1, 3+0:0:0:0:0, 4+1:0:0:0:0, 2+0:0:0:0:0, 1+0:0:0:0:0, 2+0:0:0:0:0, 2+1:0:0:0:0, 2+0:0:0:0:0, 4+1:0:0:0:0, 2+0:0:0:0:0, 3+1:0:0:0:0, 5+1:1:0:0:1, 4+1:0:0:0:0, 2+0:0:0:0:0, 4+1:0:0:0:0, 2+0:0:0:0:0, 2+0:0:0:0:0, 2+0:0:0:0:0, 3+1:0:0:0:0, 1+0:0:0:0:0, 3+1:0:0:0:0, 2+0:0:0:0:0, 4+1:0:0:0:0, 6+1:0:0:0:1, 6+3:0:0:0:0, 2+1:0:0:0:0, 4+3:0:0:0:0, 3+1:0:0:0:0, 4+1:0:0:0:1, 3+1:0:0:0:0, 4+1:0:0:0:0, 0+1:0:0:0:0, 3+3:0:0:0:0, 2+1:0:0:0:0, 7+2:0:0:0:0, 6+4:2:0:0:2, 4+4:2:0:0:2,  , 4+3:0:0:0:0, 3+2:0:0:0:0, 5+1:0:0:0:0, 3+2:0:0:0:0, 3+0:0:0:0:0, 2+0:0:0:0:0, 6+2:0:0:0:0, 5+3:2:0:0:1, 5+2:0:0:0:0, 5+3:2:0:0:2, 5+2:2:0:0:2,  , 6+5:4:0:0:4, 4+2:0:0:0:0, 2+0:0:0:0:0, 2+0:0:0:0:0, 2+1:0:0:0:0, 1+3:0:0:0:0, 3+1:0:0:0:0, 3+3:0:0:0:0, 4+1:0:0:0:0, 4+3:2:0:0:2, 4+2:0:0:0:0, 2+0:0:0:0:0, 5+2:0:0:0:0, 4+0:0:0:0:0, 5+0:0:0:0:0, 4+0:0:0:0:0, 3+0:0:0:0:0, 3+0:0:0:0:0, 4+4:0:0:0:0, 3+3:0:0:0:0, 6+1:0:0:0:1, 4+0:0:0:0:0, 5+2:0:0:0:0, 4+0:0:0:0:0, 3+2:0:0:0:0,  , 3+1:0:0:0:0, 3+2:0:0:0:0, 3+1:0:0:0:0,  , 4+3:0:0:0:0, 3+1:0:0:0:0, 6+1:0:0:0:1, 6+3:1:1:0:2, 3+1:0:0:0:0, 2+1:0:0:0:0, 3+2:0:0:0:0, 2+1:0:0:0:0, 2+1:0:0:0:0, 2+1:0:0:0:0, 3+0:0:0:0:0, 2+2:0:0:0:0, 3+2:0:0:0:0, 2+2:0:0:0:0, 3+0:0:0:0:0, 4+1:0:0:0:0, 3+2:0:0:0:0, 4+1:0:0:0:0, 0+0:0:0:0:0, 0+0:0:0:0:0, 0+0:0:0:0:0, 0+0:0:0:0:0, 533+194:20:1:0:39
C# minor (4#), 2+1:0:0:0:1, 0+0:0:0:0:0, 1+0:0:0:0:0,  , 3+3:0:0:0:1, 0+0:0:0:0:0, 2+1:0:0:0:1,  , 2+2:0:0:0:0, 1+5:0:0:0:0, 2+1:0:0:0:1,  , 2+1:0:0:0:1, 0+0:0:0:0:0, 1+0:0:0:0:0,  , 3+3:0:0:0:1, 0+0:0:0:0:0, 2+1:0:0:0:1,  , 2+2:0:0:0:0, 1+5:0:0:0:0, 2+1:0:0:0:1,  , 4+3:1:0:0:3, 4+2:0:0:0:0, 3+1:0:0:0:0, 1+2:0:0:0:0, 3+3:0:0:0:0, 2+1:0:0:0:0, 2+2:0:0:0:0, 1+1:0:0:0:0, 5+3:0:0:0:0, 2+3:0:0:0:0, 2+2:0:0:0:1,  , 4+2:0:0:0:1, 1+0:0:0:0:0, 1+0:0:0:0:0, 1+0:0:0:0:0, 3+1:0:0:0:1, 1+0:0:0:0:0, 3+2:0:0:0:1, 0+0:0:0:0:0, 2+4:0:0:0:0, 4+6:0:0:0:1, 4+5:0:0:0:0, 2+1:0:0:0:0, 2+1:0:0:0:0, 3+1:0:0:0:0, 2+1:0:0:0:1, 2+1:0:0:0:0, 4+7:0:0:0:3, 4+1:0:0:0:0, 5+6:2:0:0:2, 3+1:0:0:0:0, 3+5:0:0:0:0, 2+4:0:2:0:2, 5+3:0:0:0:0, 1+0:0:0:0:0, 4+2:0:1:0:1, 0+0:0:0:0:0, 4+3:0:0:0:0, 3+2:0:0:0:0, 3+4:0:0:0:2, 1+0:0:0:0:0, 2+2:0:0:0:1, 1+1:0:0:0:0, 3+3:0:0:0:0, 4+5:0:2:0:2, 3+4:0:0:0:0, 3+3:0:0:0:0, 3+3:0:0:0:0, 2+1:0:0:0:0, 2+0:0:0:0:0, 2+1:0:0:0:0, 3+4:0:0:0:0, 2+1:0:0:0:0, 3+3:0:0:0:0, 2+1:0:0:0:0, 3+3:0:0:0:0, 3+4:0:0:0:0, 3+4:0:0:0:0, 2+2:0:0:0:0, 3+3:0:0:0:0, 2+4:0:0:0:0, 3+0:0:0:0:0, 2+3:0:0:0:0, 4+3:0:0:0:0, 3+0:0:0:0:0, 2+3:0:0:0:0, 3+0:0:0:0:0, 4+5:0:0:0:0, 4+5:0:0:0:1, 4+2:0:0:0:1, 2+1:0:0:0:1, 2+2:0:0:0:0, 3+1:0:0:0:0, 2+3:0:2:0:2, 2+0:0:0:0:0, 5+2:0:0:0:2, 1+0:0:0:0:0, 3+2:0:0:0:0, 1+0:0:0:0:0, 5+2:0:0:0:0, 4+4:1:0:0:1, 4+4:0:0:0:0,  , 2+3:0:0:0:0, 1+0:0:0:0:0, 2+2:0:0:0:0, 3+1:0:0:0:0, 3+6:0:0:0:0, 0+0:0:0:0:0, 3+5:0:2:0:2, 3+2:0:0:0:0, 2+1:0:0:0:0, 4+2:0:0:0:0, 3+2:0:0:0:1,  , 4+3:0:0:0:1, 5+3:0:0:0:1, 3+3:0:0:0:0, 2+0:0:0:0:0, 3+4:0:0:0:0, 2+3:0:0:0:0, 2+1:0:0:0:0, 2+0:0:0:0:0, 5+2:0:0:0:0, 3+2:0:0:0:0, 2+1:0:0:0:1, 0+0:0:0:0:0, 2+2:0:0:0:1, 2+1:0:0:0:0, 1+1:0:0:0:0, 2+1:0:0:0:0, 3+2:0:0:0:2, 3+2:0:0:0:1, 3+1:0:0:0:0, 2+0:0:0:0:0, 4+2:0:0:0:0, 1+2:0:0:0:0, 4+1:0:0:0:1, 0+1:0:0:0:0, 2+1:0:0:0:1,  , 1+0:0:0:0:0, 3+2:0:0:0:1, 6+4:0:0:0:0,  , 3+3:0:0:0:0, 1+0:0:0:0:0, 3+1:0:0:0:0, 3+4:1:1:0:2, 2+1:0:0:0:0, 1+0:0:0:0:0, 3+1:0:0:0:0, 2+1:0:1:0:1, 1+0:0:0:0:0, 2+1:0:1:0:1, 3+3:0:0:0:0, 1+0:0:0:0:0, 3+1:0:0:0:0, 1+0:0:0:0:0, 2+1:0:0:0:0, 1+3:0:0:0:0, 3+2:0:0:0:0, 2+1:0:0:0:0, 1+0:0:0:0:0, 1+0:0:0:0:0, 1+0:0:0:0:0, 1+0:0:0:0:0, 385+298:5:12:0:55
Db major (5b), 3+1:1:0:0:1, 1+0:0:0:0:0, 2+0:0:0:0:0,  , 4+1:0:0:0:0, 1+0:0:0:0:0, 3+1:1:0:0:1,  , 5+0:0:0:0:0, 4+1:0:0:0:0, 3+0:0:0:0:0,  , 3+0:0:0:0:0, 1+0:0:0:0:0, 2+0:0:0:0:0,  , 4+1:0:0:0:0, 1+0:0:0:0:0, 3+1:1:0:0:1,  , 5+0:0:0:0:0, 4+1:0:0:0:0, 3+0:0:0:0:0,  , 6+2:1:1:0:1, 3+2:0:0:0:0, 4+1:1:0:0:0, 4+0:0:0:0:0, 3+0:0:0:0:0, 6+2:0:0:0:1, 5+0:0:0:0:0, 2+0:0:0:0:0, 8+2:0:0:0:2, 6+1:0:0:0:0, 5+0:0:0:0:0,  , 5+1:0:0:0:0, 2+0:0:0:0:0, 2+0:0:0:0:0, 1+0:0:0:0:0, 3+0:0:0:0:0, 2+0:0:0:0:0, 6+1:0:1:0:1, 1+0:0:0:0:0, 5+0:0:0:0:0, 8+4:0:0:0:0, 6+2:0:0:0:1, 1+0:0:0:0:0, 4+0:0:0:0:0, 2+0:0:0:0:0, 3+1:0:0:0:0, 3+0:0:0:0:0, 3+1:0:0:0:1, 2+0:0:0:0:0, 6+4:1:0:0:1, 3+1:1:0:0:1, 6+2:0:0:0:1, 7+3:0:0:0:2, 6+3:0:0:0:1, 1+0:0:0:0:0, 6+1:0:1:0:1, 2+0:0:0:0:0, 5+2:0:0:0:0, 2+1:1:0:0:1, 5+0:0:0:0:0, 1+1:0:0:0:0, 5+1:0:0:0:1, 4+1:0:0:0:0, 6+1:0:0:0:1, 7+3:0:2:0:2, 4+1:0:0:0:0, 3+0:0:0:0:0, 4+1:0:0:0:0, 2+0:0:0:0:0, 1+0:0:0:0:0, 2+0:0:0:0:0, 3+1:0:0:0:0, 2+0:0:0:0:0, 4+1:1:0:0:1, 2+0:0:0:0:0, 4+0:0:0:0:0, 6+1:0:0:0:0, 4+1:0:0:0:0, 2+0:0:0:0:0, 4+1:1:0:0:1, 2+0:0:0:0:0, 2+0:0:0:0:0, 2+0:0:0:0:0, 4+1:0:0:0:0, 1+0:0:0:0:0, 3+1:1:0:0:1, 2+0:0:0:0:0, 5+1:0:0:0:0, 7+1:0:0:0:1, 6+2:0:0:0:2, 1+2:1:0:0:1, 4+0:0:0:0:0, 3+1:0:0:0:0, 3+1:0:0:0:1, 4+1:0:0:0:0, 5+3:0:0:0:0, 0+1:0:0:0:0, 4+3:3:0:0:3, 2+0:0:0:0:0, 8+1:0:0:0:1, 7+2:1:0:0:0, 4+1:1:0:0:0,  , 4+0:0:0:0:0, 3+0:0:0:0:0, 5+1:0:0:0:1, 4+0:0:0:0:0, 4+0:0:0:0:0, 2+0:0:0:0:0, 5+2:0:2:0:2, 6+3:2:0:0:1, 6+0:0:0:0:0, 6+4:2:0:0:0, 5+1:0:0:0:0,  , 6+3:0:0:0:1, 3+2:0:0:0:1, 2+0:0:0:0:0, 3+0:0:0:0:0, 3+0:0:0:0:0, 2+3:0:0:0:0, 3+0:0:0:0:0, 4+1:1:0:0:0, 5+1:0:0:0:0, 5+3:1:0:0:0, 4+0:0:0:0:0, 2+0:0:0:0:0, 5+0:0:0:0:0, 4+0:0:0:0:0, 5+0:0:0:0:0, 4+0:0:0:0:0, 4+0:0:0:0:0, 4+0:0:0:0:0, 5+0:0:0:0:0, 4+1:1:0:0:0, 7+1:0:0:0:1, 5+3:0:0:0:0, 5+2:0:0:0:0, 4+0:0:0:0:0, 3+0:0:0:0:0,  , 3+0:0:0:0:0, 4+1:1:0:0:0, 4+1:0:0:0:0,  , 5+0:0:0:0:0, 3+0:0:0:0:0, 7+1:0:0:0:1, 7+3:1:1:0:2, 3+0:0:0:0:0, 3+0:0:0:0:0, 4+0:0:0:0:0, 2+1:0:0:0:1, 3+0:0:0:0:0, 2+1:0:0:0:1, 4+0:0:0:0:0, 3+0:0:0:0:0, 4+0:0:0:0:0, 3+0:0:0:0:0, 4+0:0:0:0:0, 5+1:0:0:0:0, 4+0:0:0:0:0, 4+1:0:0:0:0, 0+0:0:0:0:0, 0+0:0:0:0:0, 0+0:0:0:0:0, 0+0:0:0:0:0, 593+121:26:8:0:46
B major (5#), 3+4:0:0:0:0, 1+4:0:0:0:0, 2+1:0:0:0:0,  , 4+3:0:0:0:1, 1+4:0:0:0:0, 3+3:0:0:0:0,  , 3+2:0:0:0:0, 2+5:0:0:0:0, 3+3:0:0:0:0,  , 3+4:0:0:0:0, 1+4:0:0:0:0, 2+1:0:0:0:0,  , 4+3:0:0:0:1, 1+4:0:0:0:0, 3+3:0:0:0:0,  , 3+2:0:0:0:0, 2+5:0:0:0:0, 3+3:0:0:0:0,  , 6+6:0:1:0:0, 5+2:0:0:0:0, 4+1:0:0:0:0, 2+2:0:0:0:0, 3+1:0:0:0:1, 3+1:0:0:0:0, 3+2:0:0:0:0, 2+1:0:0:0:0, 6+3:0:0:0:0, 3+3:0:0:0:0, 3+4:0:0:0:0,  , 4+3:0:0:0:1, 1+0:0:0:0:0, 2+1:0:0:0:0, 1+0:0:0:0:0, 3+1:0:0:0:1, 1+0:0:0:0:0, 4+5:0:1:0:0, 1+3:0:0:0:0, 3+4:0:0:0:0, 5+6:0:0:0:1, 5+5:0:0:0:0, 2+1:0:0:0:0, 3+1:0:0:0:0, 2+1:0:0:0:1, 3+2:0:0:0:0, 3+1:0:0:0:0, 4+7:0:0:0:3, 4+1:0:0:0:0, 6+6:2:0:0:2, 3+1:0:0:0:0, 4+5:0:0:0:0, 3+8:0:2:0:0, 5+3:1:0:0:1, 0+0:0:0:0:0, 5+5:0:1:0:0, 1+1:0:0:0:0, 4+4:0:1:0:0, 3+2:0:0:0:0, 4+4:0:0:0:2, 1+0:0:0:0:0, 3+2:0:0:0:1, 2+1:0:0:0:0, 4+3:0:0:0:0, 5+5:0:2:0:2, 4+2:0:0:0:0, 4+3:0:0:0:0, 4+3:0:0:0:0, 3+1:0:0:0:0, 2+0:0:0:0:0, 3+1:0:0:0:0, 3+2:0:0:0:2, 3+1:0:0:0:0, 4+3:0:0:0:0, 3+1:0:0:0:0, 3+1:0:0:0:1, 4+4:0:0:0:0, 4+3:0:0:0:1, 3+2:0:0:0:0, 4+3:0:0:0:0, 3+4:0:0:0:0, 4+0:0:0:0:0, 3+3:0:0:0:0, 5+3:0:0:0:0, 3+0:0:0:0:0, 3+3:0:0:0:0, 4+0:0:0:0:0, 5+5:0:0:0:0, 5+5:0:0:0:1, 5+2:0:0:0:1, 2+1:0:0:0:1, 3+2:0:0:0:0, 3+1:0:0:0:0, 3+4:0:2:0:0, 3+2:0:0:0:0, 5+2:0:0:0:2, 0+0:0:0:0:0, 4+4:0:0:0:0, 1+1:0:0:0:0, 6+2:0:0:0:0, 5+4:1:0:0:1, 5+4:0:0:0:0,  , 3+3:0:0:0:0, 2+0:0:0:0:0, 3+2:0:0:0:0, 3+1:0:0:0:0, 3+2:0:0:0:2, 1+1:0:0:0:0, 4+4:0:2:0:0, 4+4:0:0:0:0, 3+1:0:0:0:0, 5+2:0:0:0:0, 4+4:0:0:0:0,  , 5+3:0:0:0:1, 4+3:0:0:0:1, 2+1:0:0:0:1, 3+0:0:0:0:0, 3+2:0:0:0:2, 2+3:0:0:0:0, 3+3:0:0:0:0, 3+0:0:0:0:0, 5+2:0:0:0:0, 4+2:0:0:0:0, 3+3:0:0:0:0, 1+1:0:0:0:0, 3+3:0:0:0:0, 3+2:0:0:0:1, 2+1:0:0:0:0, 3+2:0:0:0:1, 3+2:0:0:0:2, 4+2:0:0:0:1, 4+3:0:0:0:0, 3+0:0:0:0:0, 4+1:0:0:0:0, 2+2:0:0:0:0, 5+4:0:0:0:1, 1+1:0:0:0:0, 3+3:0:0:0:0,  , 2+1:0:0:0:0, 3+0:0:0:0:0, 6+4:1:0:0:1,  , 4+3:0:0:0:0, 2+0:0:0:0:0, 4+3:0:0:0:0, 5+4:0:1:0:1, 3+3:0:0:0:0, 2+1:0:0:0:0, 4+4:0:0:0:0, 3+2:0:1:0:0, 2+2:0:0:0:0, 3+2:0:1:0:0, 4+5:0:0:0:2, 2+1:0:0:0:0, 4+5:0:0:0:0, 1+0:0:0:0:0, 2+0:0:0:0:0, 2+3:0:0:0:0, 4+2:0:0:0:0, 3+2:0:0:0:1, 1+0:0:0:0:0, 1+0:0:0:0:0, 1+0:0:0:0:0, 1+0:0:0:0:0, 501+378:5:15:0:46
Bb minor (5b), 3+1:1:0:0:1, 1+0:0:0:0:0, 2+0:0:0:0:0,  , 4+1:0:0:0:0, 1+0:0:0:0:0, 3+1:1:0:0:1,  , 5+0:0:0:0:0, 4+1:0:0:0:0, 3+1:1:0:0:1,  , 3+1:1:0:0:1, 1+0:0:0:0:0, 2+0:0:0:0:0,  , 4+1:0:0:0:0, 1+0:0:0:0:0, 3+1:1:0:0:1,  , 5+0:0:0:0:0, 4+1:0:0:0:0, 3+0:0:0:0:0,  , 6+2:1:1:0:1, 3+2:0:0:0:0, 4+1:1:0:0:0, 4+0:0:0:0:0, 3+1:0:0:0:0, 4+3:0:2:0:3, 5+0:0:0:0:0, 2+0:0:0:0:0, 8+2:0:0:0:2, 6+1:0:0:0:0, 5+0:0:0:0:0,  , 5+1:0:0:0:0, 2+0:0:0:0:0, 2+0:0:0:0:0, 1+0:0:0:0:0, 3+2:0:0:0:0, 2+0:0:0:0:0, 6+1:0:1:0:1, 1+0:0:0:0:0, 5+0:0:0:0:0, 8+4:0:0:0:0, 6+2:0:0:0:1, 1+0:0:0:0:0, 4+0:0:0:0:0, 2+0:0:0:0:0, 3+1:0:0:0:0, 3+0:0:0:0:0, 3+0:0:0:0:0, 2+0:0:0:0:0, 6+4:0:0:0:0, 3+1:1:0:0:1, 6+2:0:0:0:1, 7+3:0:0:0:2, 6+3:0:0:0:1, 1+1:0:0:0:0, 6+1:0:1:0:1, 2+0:0:0:0:0, 4+2:0:1:0:1, 2+1:1:0:0:1, 5+0:0:0:0:0, 1+1:0:0:0:0, 5+2:0:0:0:0, 4+1:0:0:0:0, 6+1:0:0:0:0, 7+3:0:2:0:2, 4+1:0:0:0:0, 3+0:0:0:0:0, 4+1:1:0:0:1, 2+0:0:0:0:0, 1+0:0:0:0:0, 2+0:0:0:0:0, 3+1:0:0:0:0, 2+0:0:0:0:0, 4+1:1:0:0:1, 2+0:0:0:0:0, 4+1:0:0:0:0, 6+1:0:0:0:0, 4+1:0:0:0:0, 2+0:0:0:0:0, 4+1:1:0:0:1, 2+0:0:0:0:0, 2+0:0:0:0:0, 2+0:0:0:0:0, 4+1:0:0:0:0, 1+0:0:0:0:0, 3+1:1:0:0:1, 2+0:0:0:0:0, 5+1:0:0:0:0, 7+1:0:0:0:1, 6+2:0:0:0:2, 1+2:1:0:0:1, 4+0:0:0:0:0, 3+1:0:0:0:0, 3+1:0:0:0:1, 4+1:0:0:0:0, 5+3:0:0:0:0, 0+1:0:0:0:0, 4+3:3:0:0:3, 2+0:0:0:0:0, 8+1:0:0:0:1, 7+4:1:0:0:1, 4+4:1:0:0:3,  , 4+0:0:0:0:0, 3+0:0:0:0:0, 5+1:0:0:0:1, 4+0:0:0:0:0, 4+0:0:0:0:0, 2+0:0:0:0:0, 5+2:0:2:0:2, 6+3:2:0:0:1, 6+0:0:0:0:0, 6+4:2:0:0:0, 5+1:0:0:0:0,  , 6+3:0:0:0:1, 3+2:0:0:0:0, 2+0:0:0:0:0, 3+0:0:0:0:0, 3+1:0:0:0:0, 2+3:0:0:0:0, 3+0:0:0:0:0, 4+1:1:0:0:0, 5+1:0:0:0:0, 5+3:1:0:0:0, 4+0:0:0:0:0, 2+0:0:0:0:0, 5+0:0:0:0:0, 4+0:0:0:0:0, 5+0:0:0:0:0, 4+0:0:0:0:0, 4+2:0:0:0:0, 4+0:0:0:0:0, 5+0:0:0:0:0, 4+1:1:0:0:0, 7+1:0:0:0:1, 5+3:0:0:0:0, 5+2:0:0:0:0, 4+0:0:0:0:0, 3+0:0:0:0:0,  , 3+0:0:0:0:0, 4+1:1:0:0:0, 4+1:0:0:0:0,  , 5+0:0:0:0:0, 3+0:0:0:0:0, 7+1:0:0:0:1, 7+3:1:1:0:2, 3+0:0:0:0:0, 3+0:0:0:0:0, 4+0:0:0:0:0, 3+1:0:0:0:0, 3+0:0:0:0:0, 2+1:0:0:0:0, 4+1:0:0:0:0, 3+0:0:0:0:0, 4+0:0:0:0:0, 3+0:0:0:0:0, 4+0:0:0:0:0, 5+1:0:0:0:0, 4+0:0:0:0:0, 4+1:0:0:0:0, 0+0:0:0:0:0, 0+0:0:0:0:0, 0+0:0:0:0:0, 0+0:0:0:0:0, 591+138:28:11:0:49
G# minor (5#), 3+1:0:0:0:1, 1+0:0:0:0:0, 2+0:0:0:0:0,  , 4+3:0:0:0:1, 1+4:0:0:0:0, 3+3:0:0:0:0,  , 3+2:0:0:0:0, 2+5:0:0:0:0, 3+3:0:0:0:0,  , 3+4:0:0:0:0, 1+4:0:0:0:0, 2+1:0:0:0:0,  , 4+3:0:0:0:1, 1+4:0:0:0:0, 3+3:0:0:0:0,  , 3+2:0:0:0:0, 2+5:0:0:0:0, 3+3:0:0:0:0,  , 6+6:0:1:0:0, 5+2:0:0:0:0, 4+1:0:0:0:0, 2+2:0:0:0:0, 3+1:0:0:0:1, 3+2:0:0:0:0, 3+2:0:0:0:1, 2+1:0:0:0:0, 6+5:0:0:0:0, 3+3:0:0:0:0, 3+4:0:0:0:0,  , 4+3:0:0:0:1, 1+0:0:0:0:0, 2+0:0:0:0:0, 1+0:0:0:0:0, 3+1:0:0:0:1, 1+0:0:0:0:0, 4+5:0:1:0:0, 1+3:0:0:0:0, 3+4:0:0:0:0, 5+6:0:0:0:1, 5+5:0:0:0:0, 2+1:0:0:0:0, 3+6:0:0:0:0, 2+1:0:0:0:1, 3+2:0:0:0:0, 3+1:0:0:0:0, 4+7:0:0:0:3, 4+1:0:0:0:0, 6+6:2:0:0:2, 3+1:0:0:0:0, 4+5:0:0:0:0, 3+8:0:2:0:0, 5+3:1:0:0:1, 0+0:0:0:0:0, 5+5:0:1:0:0, 1+1:0:0:0:0, 4+4:0:1:0:0, 3+2:0:0:0:0, 4+4:0:0:0:2, 1+0:0:0:0:0, 3+2:0:0:0:1, 2+1:0:0:0:0, 4+3:0:0:0:0, 5+5:0:2:0:2, 4+4:0:0:0:0, 4+0:0:0:0:0, 4+3:0:0:0:0, 3+1:0:0:0:0, 2+0:0:0:0:0, 3+1:0:0:0:0, 3+2:0:0:0:2, 3+1:0:0:0:0, 4+3:0:0:0:1, 3+1:0:0:0:0, 3+1:0:0:0:1, 4+4:0:0:0:0, 4+3:0:0:0:1, 3+2:0:0:0:0, 4+5:0:0:0:1, 3+4:0:0:0:0, 4+0:0:0:0:0, 3+3:0:0:0:0, 5+1:0:0:0:0, 3+0:0:0:0:0, 3+3:0:0:0:0, 4+0:0:0:0:0, 5+5:0:0:0:0, 5+5:0:0:0:1, 5+2:0:0:0:1, 2+1:0:0:0:1, 3+3:0:0:0:0, 4+2:0:0:0:0, 3+0:0:0:0:0, 3+2:0:0:0:0, 5+2:0:0:0:2, 0+0:0:0:0:0, 4+4:0:0:0:0, 1+1:0:0:0:0, 6+3:0:0:0:0, 5+4:1:0:0:1, 5+4:0:0:0:0,  , 3+4:0:0:0:0, 2+3:0:0:0:0, 3+4:0:0:0:1, 3+1:0:0:0:0, 3+2:0:0:0:2, 1+1:0:0:0:0, 4+2:0:0:0:1, 4+2:0:0:0:2, 3+1:0:0:0:0, 5+2:0:0:0:0, 4+4:0:0:0:0,  , 5+3:0:0:0:1, 4+3:0:0:0:1, 3+3:0:0:0:0, 3+0:0:0:0:0, 3+2:0:0:0:2, 2+3:0:0:0:0, 3+3:0:0:0:0, 3+0:0:0:0:0, 5+2:0:0:0:0, 4+2:0:0:0:0, 3+3:0:0:0:0, 1+1:0:0:0:0, 3+3:0:0:0:0, 3+2:0:0:0:1, 2+1:0:0:0:0, 3+2:0:0:0:1, 3+2:0:0:0:2, 4+2:0:0:0:1, 4+3:0:0:0:0, 3+0:0:0:0:0, 4+1:0:0:0:0, 2+2:0:0:0:0, 5+4:0:0:0:1, 1+1:0:0:0:0, 3+3:0:0:0:0,  , 2+1:0:0:0:0, 3+0:0:0:0:0, 7+3:0:0:0:0,  , 4+3:0:0:0:0, 2+4:0:0:0:0, 4+3:0:0:0:0, 5+4:0:1:0:1, 3+3:0:0:0:0, 2+1:0:0:0:0, 4+4:0:0:0:0, 3+2:0:1:0:0, 2+2:0:0:0:0, 3+2:0:1:0:0, 4+5:0:0:0:2, 2+1:0:0:0:0, 4+5:0:0:0:0, 1+0:0:0:0:0, 2+0:0:0:0:0, 2+3:0:0:0:0, 4+2:0:0:0:0, 3+1:0:0:0:0, 1+0:0:0:0:0, 1+0:0:0:0:0, 1+0:0:0:0:0, 1+0:0:0:0:0, 504+381:4:11:0:51
Gb major (6b), 4+1:0:0:0:0, 1+0:0:0:0:0, 2+0:0:0:0:0,  , 4+0:0:0:0:0, 1+0:0:0:0:0, 4+1:0:0:0:0,  , 5+0:0:0:0:0, 4+1:0:0:0:0, 4+1:0:0:0:0,  , 4+1:0:0:0:0, 1+0:0:0:0:0, 2+0:0:0:0:0,  , 4+0:0:0:0:0, 1+0:0:0:0:0, 4+1:0:0:0:0,  , 5+0:0:0:0:0, 4+1:0:0:0:0, 4+1:0:0:0:0,  , 7+3:0:0:0:1, 3+1:0:0:0:0, 4+1:1:0:0:0, 4+0:0:0:0:0, 3+0:0:0:0:0, 6+2:0:0:0:1, 6+0:0:0:0:0, 2+0:0:0:0:0, 9+2:0:0:0:2, 6+1:0:0:0:0, 6+1:0:0:0:0,  , 6+1:0:0:0:0, 2+0:0:0:0:0, 2+0:0:0:0:0, 0+0:0:0:0:0, 3+0:0:0:0:0, 2+0:0:0:0:0, 7+2:0:0:0:1, 1+0:0:0:0:0, 5+0:0:0:0:0, 8+4:0:0:0:0, 7+2:0:0:0:1, 2+0:0:0:0:0, 5+2:0:0:0:0, 2+0:0:0:0:0, 4+1:0:0:0:0, 4+0:0:0:0:0, 3+1:0:0:0:1, 3+0:0:0:0:0, 7+4:1:0:0:1, 3+1:1:0:0:1, 6+2:0:0:0:1, 7+3:0:0:0:2, 7+3:0:0:0:1, 0+0:0:0:0:0, 8+2:0:0:0:0, 2+0:0:0:0:0, 3+3:0:1:0:1, 3+1:0:0:0:0, 5+0:0:0:0:0, 1+1:0:0:0:0, 6+2:0:0:0:0, 4+1:0:0:0:0, 6+1:0:0:0:1, 7+3:0:2:0:2, 5+1:0:0:0:0, 4+0:0:0:0:0, 5+1:0:0:0:0, 3+0:0:0:0:0, 1+0:0:0:0:0, 3+0:0:0:0:0, 3+0:0:0:0:0, 3+0:0:0:0:0, 5+1:0:0:0:0, 3+0:0:0:0:0, 4+0:0:0:0:0, 6+1:0:0:0:0, 5+1:0:0:0:0, 3+0:0:0:0:0, 5+1:0:0:0:0, 3+0:0:0:0:0, 3+0:0:0:0:0, 3+0:0:0:0:0, 5+0:0:0:0:0, 2+0:0:0:0:0, 4+1:0:0:0:0, 3+0:0:0:0:0, 6+0:0:0:0:0, 7+1:0:0:0:1, 7+2:0:0:0:2, 1+2:1:0:0:1, 5+0:0:0:0:0, 3+1:0:0:0:0, 3+1:0:0:0:1, 5+1:0:0:0:0, 5+1:0:0:0:0, 0+1:0:0:0:0, 5+3:0:0:0:0, 3+0:0:0:0:0, 9+1:0:0:0:1, 7+2:1:0:0:0, 5+1:1:0:0:0,  , 5+0:0:0:0:0, 4+0:0:0:0:0, 6+1:0:0:0:1, 5+2:0:0:0:0, 4+0:0:0:0:0, 2+0:0:0:0:0, 6+2:0:2:0:2, 6+3:2:0:0:1, 6+0:0:0:0:0, 6+4:2:0:0:0, 6+1:0:0:0:0,  , 7+3:0:0:0:1, 4+2:0:0:0:0, 2+0:0:0:0:0, 4+0:0:0:0:0, 3+0:0:0:0:0, 2+3:0:0:0:0, 4+0:0:0:0:0, 5+1:1:0:0:0, 6+1:0:0:0:0, 5+3:1:0:0:0, 5+0:0:0:0:0, 2+0:0:0:0:0, 6+2:0:0:0:0, 4+0:0:0:0:0, 5+0:0:0:0:0, 4+0:0:0:0:0, 4+0:0:0:0:0, 4+0:0:0:0:0, 6+0:0:0:0:0, 5+1:1:0:0:0, 7+1:0:0:0:1, 5+3:0:0:0:0, 6+2:0:0:0:0, 4+0:0:0:0:0, 4+0:0:0:0:0,  , 3+0:0:0:0:0, 5+1:1:0:0:0, 5+1:0:0:0:0,  , 6+0:0:0:0:0, 4+0:0:0:0:0, 7+1:0:0:0:1, 7+3:1:1:0:2, 4+0:0:0:0:0, 3+0:0:0:0:0, 5+0:0:0:0:0, 2+1:0:0:0:1, 3+0:0:0:0:0, 2+1:0:0:0:1, 4+0:0:0:0:0, 3+0:0:0:0:0, 5+0:0:0:0:0, 3+0:0:0:0:0, 4+0:0:0:0:0, 5+1:0:0:0:0, 5+0:0:0:0:0, 4+1:0:0:0:0, 0+0:0:0:0:0, 0+0:0:0:0:0, 0+0:0:0:0:0, 0+0:0:0:0:0, 665+128:15:6:0:34
F# major (6#), 3+1:0:0:0:1, 1+0:0:0:0:0, 2+0:0:0:0:0,  , 4+3:0:0:0:1, 1+0:0:0:0:0, 3+1:0:0:0:1,  , 4+2:0:0:0:0, 3+5:0:0:0:0, 3+1:0:0:0:1,  , 3+1:0:0:0:1, 1+0:0:0:0:0, 2+0:0:0:0:0,  , 4+3:0:0:0:1, 1+0:0:0:0:0, 3+1:0:0:0:1,  , 4+2:0:0:0:0, 3+5:0:0:0:0, 3+1:0:0:0:1,  , 4+3:1:0:0:3, 4+2:0:0:0:0, 4+1:0:0:0:0, 2+0:0:0:0:0, 3+1:0:0:0:1, 4+2:0:0:0:0, 4+2:0:0:0:1, 2+1:0:0:0:0, 7+5:0:0:0:1, 4+3:0:0:0:0, 4+2:0:0:0:1,  , 4+2:0:0:0:1, 1+0:0:0:0:0, 2+0:0:0:0:0, 0+0:0:0:0:0, 3+1:0:0:0:1, 1+0:0:0:0:0, 5+2:0:0:0:1, 1+0:0:0:0:0, 4+4:0:0:0:0, 6+6:0:0:0:1, 5+2:0:0:0:1, 2+0:0:0:0:0, 3+3:0:0:0:3, 2+1:0:0:0:0, 3+1:0:0:0:1, 3+1:0:0:0:1, 4+7:0:0:0:3, 4+1:0:0:0:0, 5+6:2:1:0:3, 2+1:0:0:0:0, 5+5:0:0:0:0, 4+8:0:2:0:0, 6+3:1:0:0:1, 0+0:0:0:0:0, 4+5:0:1:0:0, 1+0:0:0:0:0, 3+4:0:1:0:1, 3+2:0:0:0:0, 5+4:0:0:0:2, 0+0:0:0:0:0, 4+2:0:0:0:1, 3+1:0:0:0:0, 5+3:0:0:0:0, 6+5:0:2:0:2, 4+1:0:0:0:1, 4+2:1:1:0:2, 3+1:0:0:0:1, 3+0:0:0:0:0, 2+0:0:0:0:0, 3+0:0:0:0:0, 3+1:0:0:0:0, 3+1:0:0:0:0, 3+3:0:1:0:0, 3+1:0:0:0:0, 4+1:0:0:0:1, 5+4:0:0:0:0, 3+3:0:1:0:0, 3+2:0:0:0:0, 3+5:0:1:0:0, 3+4:0:0:0:0, 4+0:0:0:0:0, 3+0:0:0:0:0, 5+1:0:0:0:0, 3+0:0:0:0:0, 3+3:0:0:0:0, 4+0:0:0:0:0, 6+1:0:0:0:0, 6+5:0:0:0:1, 5+2:0:0:0:1, 1+2:0:0:0:0, 3+1:0:0:0:1, 3+2:0:0:0:0, 2+0:0:0:0:0, 4+2:0:0:0:0, 4+2:0:1:0:1, 0+0:0:0:0:0, 4+4:0:0:0:0, 1+1:0:0:0:1, 7+6:0:0:0:1, 6+6:1:0:0:1, 5+2:0:0:0:1,  , 3+1:0:0:0:1, 2+1:0:0:0:1, 4+4:0:0:0:1, 4+1:0:0:0:0, 4+2:0:0:0:2, 1+0:0:0:0:0, 5+2:0:0:0:1, 5+4:0:0:0:0, 4+1:0:0:0:0, 6+2:0:0:0:0, 5+2:0:0:0:1,  , 6+3:0:0:0:1, 3+3:0:0:0:1, 2+3:3:3:0:3, 4+0:0:0:0:0, 3+2:0:0:0:2, 2+3:0:0:0:0, 3+1:0:0:0:1, 4+2:0:0:0:1, 6+2:0:0:0:0, 5+2:0:0:0:0, 3+1:0:0:0:1, 1+0:0:0:0:0, 4+2:0:0:0:1, 3+1:1:1:0:1, 3+1:0:0:0:0, 3+1:1:1:0:1, 4+2:0:0:0:2, 5+2:0:0:0:1, 5+3:0:0:0:0, 3+0:0:0:0:0, 5+1:0:0:0:0, 3+2:0:0:0:0, 4+1:0:0:0:1, 2+1:0:0:0:0, 3+1:0:0:0:1,  , 2+0:0:0:0:0, 3+0:0:0:0:0, 7+3:0:0:0:0,  , 5+2:0:0:0:0, 2+1:0:0:0:1, 5+3:0:0:0:0, 6+4:0:1:0:1, 3+1:0:0:0:1, 2+1:0:0:0:0, 4+4:0:0:0:0, 2+2:0:1:0:0, 2+2:0:0:0:0, 2+2:0:1:0:0, 4+5:0:0:0:2, 2+1:0:0:0:0, 4+5:0:0:0:0, 2+0:0:0:0:0, 3+0:0:0:0:0, 3+3:0:0:0:0, 4+2:0:0:0:0, 3+1:1:1:0:1, 0+0:0:0:0:0, 0+0:0:0:0:0, 0+0:0:0:0:0, 0+0:0:0:0:0, 532+299:12:21:0:82
Eb minor (6b), 4+1:1:0:0:1, 1+0:0:0:0:0, 2+0:0:0:0:0,  , 4+1:0:0:0:0, 1+0:0:0:0:0, 4+1:1:0:0:1,  , 5+0:0:0:0:0, 4+1:0:0:0:0, 4+1:0:0:0:0,  , 4+1:0:0:0:0, 1+0:0:0:0:0, 2+0:0:0:0:0,  , 4+1:0:0:0:0, 1+0:0:0:0:0, 4+1:1:0:0:1,  , 5+0:0:0:0:0, 4+1:0:0:0:0, 4+1:0:0:0:0,  , 7+3:0:0:0:1, 3+1:0:0:0:0, 4+1:1:0:0:0, 4+0:0:0:0:0, 3+0:0:0:0:0, 6+2:0:0:0:1, 6+0:0:0:0:0, 2+0:0:0:0:0, 9+2:0:0:0:2, 6+1:0:0:0:0, 6+1:0:0:0:0,  , 6+1:0:0:0:0, 2+0:0:0:0:0, 2+0:0:0:0:0, 0+0:0:0:0:0, 3+0:0:0:0:0, 2+0:0:0:0:0, 7+2:0:0:0:1, 1+0:0:0:0:0, 5+0:0:0:0:0, 8+4:0:0:0:0, 7+2:0:0:0:1, 2+0:0:0:0:0, 5+2:0:0:0:0, 2+0:0:0:0:0, 4+1:0:0:0:0, 4+0:0:0:0:0, 3+1:0:0:0:1, 3+0:0:0:0:0, 7+4:1:0:0:1, 3+1:1:0:0:1, 6+2:0:0:0:1, 7+3:0:0:0:2, 7+3:0:0:0:1, 0+0:0:0:0:0, 8+2:0:0:0:0, 2+0:0:0:0:0, 3+3:0:1:0:1, 3+1:0:0:0:0, 5+0:0:0:0:0, 1+1:0:0:0:0, 6+2:0:0:0:0, 4+1:0:0:0:0, 6+1:0:0:0:1, 7+3:0:2:0:2, 5+1:0:0:0:0, 4+0:0:0:0:0, 5+1:0:0:0:0, 3+0:0:0:0:0, 1+0:0:0:0:0, 3+0:0:0:0:0, 3+1:0:0:0:0, 3+0:0:0:0:0, 5+1:1:0:0:1, 3+0:0:0:0:0, 4+0:0:0:0:0, 6+1:0:0:0:0, 5+1:0:0:0:0, 3+0:0:0:0:0, 5+1:1:0:0:1, 3+0:0:0:0:0, 3+0:0:0:0:0, 3+0:0:0:0:0, 5+0:0:0:0:0, 2+0:0:0:0:0, 4+1:0:0:0:0, 3+0:0:0:0:0, 6+0:0:0:0:0, 7+1:0:0:0:1, 7+2:0:0:0:2, 1+2:1:0:0:1, 5+0:0:0:0:0, 3+1:0:0:0:0, 3+1:0:0:0:1, 5+1:0:0:0:0, 5+1:0:0:0:0, 0+1:0:0:0:0, 5+3:0:0:0:0, 3+0:0:0:0:0, 9+1:0:0:0:1, 7+2:1:0:0:0, 5+1:1:0:0:0,  , 5+0:0:0:0:0, 4+0:0:0:0:0, 6+1:0:0:0:1, 5+2:0:0:0:0, 4+0:0:0:0:0, 2+0:0:0:0:0, 6+2:0:2:0:2, 6+3:2:0:0:1, 6+0:0:0:0:0, 6+4:2:0:0:0, 6+1:0:0:0:0,  , 7+3:0:0:0:1, 4+2:0:0:0:1, 2+0:0:0:0:0, 4+0:0:0:0:0, 3+0:0:0:0:0, 2+3:0:0:0:0, 4+0:0:0:0:0, 5+1:1:0:0:0, 6+1:0:0:0:0, 5+3:1:0:0:0, 5+0:0:0:0:0, 2+0:0:0:0:0, 6+2:0:0:0:0, 4+0:0:0:0:0, 5+0:0:0:0:0, 4+0:0:0:0:0, 4+0:0:0:0:0, 4+0:0:0:0:0, 6+0:0:0:0:0, 5+1:1:0:0:0, 7+1:0:0:0:1, 5+3:0:0:0:0, 6+2:0:0:0:0, 4+0:0:0:0:0, 4+0:0:0:0:0,  , 3+0:0:0:0:0, 4+2:0:0:0:1, 5+3:0:0:0:2,  , 6+3:0:0:0:0, 4+0:0:0:0:0, 7+1:0:0:0:1, 7+3:1:1:0:2, 4+0:0:0:0:0, 3+0:0:0:0:0, 5+0:0:0:0:0, 2+1:0:0:0:1, 3+0:0:0:0:0, 2+1:0:0:0:1, 4+0:0:0:0:0, 3+0:0:0:0:0, 5+0:0:0:0:0, 3+0:0:0:0:0, 4+0:0:0:0:0, 5+1:0:0:0:0, 5+0:0:0:0:0, 4+1:0:0:0:0, 0+0:0:0:0:0, 0+0:0:0:0:0, 0+0:0:0:0:0, 0+0:0:0:0:0, 664+137:19:6:0:43
D# minor (6#), 3+1:0:0:0:1, 1+0:0:0:0:0, 2+0:0:0:0:0,  , 4+3:0:0:0:1, 1+0:0:0:0:0, 3+1:0:0:0:1,  , 4+2:0:0:0:0, 3+5:0:0:0:0, 3+1:0:0:0:1,  , 3+1:0:0:0:1, 1+0:0:0:0:0, 2+0:0:0:0:0,  , 4+3:0:0:0:1, 1+0:0:0:0:0, 3+1:0:0:0:1,  , 4+2:0:0:0:0, 3+5:0:0:0:0, 3+1:0:0:0:1,  , 4+3:1:0:0:3, 4+2:0:0:0:0, 4+1:0:0:0:0, 2+0:0:0:0:0, 3+1:0:0:0:1, 4+2:0:0:0:0, 4+2:0:0:0:1, 2+1:0:0:0:0, 7+5:0:0:0:1, 4+3:0:0:0:0, 4+2:0:0:0:1,  , 4+2:0:0:0:1, 1+0:0:0:0:0, 2+0:0:0:0:0, 0+0:0:0:0:0, 3+1:0:0:0:1, 1+0:0:0:0:0, 5+2:0:0:0:1, 1+0:0:0:0:0, 4+4:0:0:0:0, 6+6:0:0:0:1, 5+5:0:0:0:0, 2+1:0:0:0:0, 3+1:0:0:0:0, 3+0:0:0:0:0, 3+1:0:0:0:0, 3+0:0:0:0:0, 4+7:0:0:0:3, 4+1:0:0:0:0, 5+6:2:1:0:3, 2+1:0:0:0:0, 5+5:0:0:0:0, 4+6:0:2:0:2, 6+3:1:0:0:2, 0+0:0:0:0:0, 4+2:0:0:0:1, 1+0:0:0:0:0, 3+4:0:1:0:1, 3+2:0:0:0:0, 5+4:0:0:0:2, 0+0:0:0:0:0, 4+2:0:0:0:1, 3+1:0:0:0:0, 5+3:0:0:0:0, 6+5:0:2:0:2, 4+4:0:0:0:0, 5+0:0:0:0:0, 3+3:0:1:0:1, 3+1:0:0:0:0, 2+0:0:0:0:0, 3+0:0:0:0:0, 3+1:0:0:0:0, 3+0:0:0:0:0, 3+3:0:1:0:1, 3+1:0:0:0:0, 4+1:0:0:0:1, 5+4:0:0:0:0, 3+4:0:1:0:1, 3+2:0:0:0:0, 3+3:0:1:0:1, 3+4:0:0:0:0, 4+0:0:0:0:0, 3+0:0:0:0:0, 5+1:0:0:0:0, 3+0:0:0:0:0, 3+3:0:0:0:0, 4+0:0:0:0:0, 6+1:0:0:0:0, 6+5:0:0:0:1, 5+2:0:0:0:1, 1+2:0:0:0:0, 3+1:0:0:0:1, 4+1:0:0:0:0, 4+1:0:0:0:1, 4+0:0:0:0:0, 4+2:0:1:0:1, 0+0:0:0:0:0, 4+4:0:0:0:0, 1+0:0:0:0:0, 7+2:0:0:0:0, 6+4:1:0:0:1, 5+2:0:0:0:1,  , 3+1:0:0:0:1, 2+1:0:0:0:1, 4+4:0:0:0:1, 4+1:0:0:0:0, 4+2:0:0:0:2, 1+0:0:0:0:0, 5+2:0:0:0:1, 5+2:0:0:0:2, 4+6:0:0:0:0, 5+6:2:0:0:2, 5+2:0:0:0:1,  , 6+3:0:0:0:1, 3+3:0:0:0:1, 2+3:3:3:0:3, 4+0:0:0:0:0, 3+2:0:0:0:2, 2+3:0:0:0:0, 3+1:0:0:0:1, 4+2:0:0:0:1, 6+2:0:0:0:0, 5+2:0:0:0:0, 3+1:0:0:0:1, 1+0:0:0:0:0, 4+2:0:0:0:1, 3+1:1:1:0:1, 3+1:0:0:0:0, 3+1:1:1:0:1, 4+2:0:0:0:0, 5+1:0:0:0:0, 5+1:0:0:0:0, 3+0:0:0:0:0, 5+1:0:0:0:0, 3+2:0:0:0:0, 4+1:0:0:0:1, 2+1:0:0:0:0, 3+1:0:0:0:1,  , 2+0:0:0:0:0, 3+0:0:0:0:0, 7+3:0:0:0:0,  , 5+3:0:0:0:0, 2+0:0:0:0:0, 5+3:0:0:0:0, 6+4:0:1:0:1, 3+1:0:0:0:1, 2+1:0:0:0:0, 4+4:0:0:0:0, 2+2:0:1:0:0, 2+2:0:0:0:0, 2+2:0:1:0:0, 4+5:0:0:0:2, 2+1:0:0:0:0, 4+5:0:0:0:0, 2+0:0:0:0:0, 3+0:0:0:0:0, 3+3:0:0:0:0, 4+2:0:0:0:0, 3+1:1:1:0:1, 0+0:0:0:0:0, 0+0:0:0:0:0, 0+0:0:0:0:0, 0+0:0:0:0:0, 536+291:13:20:0:79
Cb major (7b), 4+1:0:0:0:0, 1+0:0:0:0:0, 2+0:0:0:0:0,  , 5+1:0:0:0:0, 1+0:0:0:0:0, 4+1:0:0:0:0,  , 5+0:0:0:0:0, 4+1:0:0:0:0, 4+1:0:0:0:0,  , 4+1:0:0:0:0, 1+0:0:0:0:0, 2+0:0:0:0:0,  , 5+1:0:0:0:0, 1+0:0:0:0:0, 4+1:0:0:0:0,  , 5+0:0:0:0:0, 4+1:0:0:0:0, 4+1:0:0:0:0,  , 7+3:0:0:0:1, 4+1:0:0:0:0, 4+1:1:0:0:0, 4+0:0:0:0:0, 4+0:0:0:0:0, 3+4:0:2:0:2, 6+0:0:0:0:0, 2+0:0:0:0:0, 9+2:0:0:0:2, 6+0:0:0:0:0, 6+0:0:0:0:0,  , 6+1:0:0:0:0, 2+0:0:0:0:0, 2+0:0:0:0:0, 1+0:0:0:0:0, 4+0:0:0:0:0, 2+0:0:0:0:0, 7+2:0:0:0:1, 1+0:0:0:0:0, 5+0:0:0:0:0, 8+4:0:0:0:0, 7+2:0:0:0:1, 2+0:0:0:0:0, 5+2:0:0:0:0, 3+0:0:0:0:0, 4+1:0:0:0:0, 4+0:0:0:0:0, 4+3:0:0:0:0, 4+0:0:0:0:0, 7+4:0:0:0:0, 4+1:1:0:0:1, 6+2:0:0:0:1, 8+3:0:0:0:2, 7+3:0:0:0:1, 0+0:0:0:0:0, 8+2:0:0:0:0, 2+0:0:0:0:0, 4+3:0:1:0:1, 3+1:0:0:0:0, 6+0:0:0:0:0, 2+1:0:0:0:0, 6+2:0:0:0:0, 4+1:0:0:0:0, 6+1:0:0:0:0, 7+3:0:2:0:2, 5+1:0:0:0:0, 5+0:0:0:0:0, 5+1:0:0:0:0, 3+0:0:0:0:0, 2+0:0:0:0:0, 3+0:0:0:0:0, 4+1:0:0:0:0, 3+0:0:0:0:0, 5+1:0:0:0:0, 3+0:0:0:0:0, 5+0:0:0:0:0, 6+1:0:0:0:0, 5+1:0:0:0:0, 3+0:0:0:0:0, 5+1:0:0:0:0, 3+0:0:0:0:0, 4+0:0:0:0:0, 3+0:0:0:0:0, 6+1:0:0:0:0, 3+0:0:0:0:0, 4+1:0:0:0:0, 4+0:0:0:0:0, 7+0:0:0:0:0, 8+1:0:0:0:1, 7+2:0:0:0:2, 3+1:0:0:0:0, 5+3:0:0:0:0, 4+1:0:0:0:0, 4+1:0:0:0:1, 5+1:0:0:0:0, 6+1:0:0:0:0, 0+1:0:0:0:0, 5+3:0:0:0:0, 3+0:0:0:0:0, 9+1:0:0:0:1, 7+2:1:0:0:0, 5+4:1:0:0:1,  , 5+3:0:0:0:0, 3+2:0:0:0:2, 6+1:0:0:0:1, 5+2:0:0:0:0, 5+0:0:0:0:0, 2+0:0:0:0:0, 6+2:0:2:0:2, 6+3:2:0:0:3, 6+0:0:0:0:0, 6+2:2:0:0:0, 6+1:0:0:0:0,  , 7+3:0:0:0:1, 5+2:0:0:0:0, 3+0:0:0:0:0, 4+0:0:0:0:0, 4+0:0:0:0:0, 2+3:0:0:0:0, 4+0:0:0:0:0, 5+1:1:0:0:0, 6+1:0:0:0:0, 5+3:1:0:0:0, 5+0:0:0:0:0, 2+0:0:0:0:0, 6+2:0:0:0:0, 5+0:0:0:0:0, 5+0:0:0:0:0, 5+0:0:0:0:0, 5+0:0:0:0:0, 5+0:0:0:0:0, 6+4:0:0:0:0, 5+1:1:0:0:0, 7+1:0:0:0:1, 5+0:0:0:0:0, 6+2:0:0:0:0, 4+0:0:0:0:0, 4+0:0:0:0:0,  , 3+0:0:0:0:0, 5+1:1:0:0:0, 6+1:0:0:0:0,  , 6+0:0:0:0:0, 4+0:0:0:0:0, 7+1:0:0:0:1, 7+3:1:1:0:2, 4+0:0:0:0:0, 3+0:0:0:0:0, 5+0:0:0:0:0, 3+1:0:0:0:1, 3+0:0:0:0:0, 3+1:0:0:0:1, 5+0:0:0:0:0, 3+0:0:0:0:0, 5+0:0:0:0:0, 3+0:0:0:0:0, 4+0:0:0:0:0, 5+0:0:0:0:0, 5+0:0:0:0:0, 5+1:0:0:0:0, 1+0:0:0:0:0, 1+0:0:0:0:0, 1+0:0:0:0:0, 1+0:0:0:0:0, 707+142:13:8:0:36
C# major (7#), 3+1:0:0:0:1, 1+0:0:0:0:0, 2+0:0:0:0:0,  , 5+3:0:0:0:1, 1+0:0:0:0:0, 3+1:0:0:0:1,  , 5+2:0:0:0:0, 3+2:0:0:0:0, 3+1:0:0:0:1,  , 3+1:0:0:0:1, 1+0:0:0:0:0, 2+0:0:0:0:0,  , 5+3:0:0:0:1, 1+0:0:0:0:0, 3+1:0:0:0:1,  , 5+2:0:0:0:0, 3+2:0:0:0:0, 3+1:0:0:0:1,  , 5+3:1:0:0:3, 4+2:0:0:0:0, 4+1:0:0:0:0, 2+0:0:0:0:0, 4+1:0:0:0:1, 5+2:0:0:0:0, 5+2:0:0:0:1, 2+1:0:0:0:0, 8+3:0:0:0:0, 4+3:0:0:0:0, 5+2:0:0:0:1,  , 4+2:0:0:0:1, 1+0:0:0:0:0, 2+0:0:0:0:0, 1+0:0:0:0:0, 4+1:0:0:0:1, 2+0:0:0:0:0, 6+2:0:0:0:1, 1+0:0:0:0:0, 5+4:0:0:0:0, 6+6:0:0:0:1, 5+5:0:0:0:0, 2+1:0:0:0:0, 4+3:0:0:0:3, 2+1:0:0:0:0, 4+1:0:0:0:1, 4+1:0:0:0:0, 5+7:0:0:0:3, 4+1:0:0:0:0, 5+6:2:1:0:3, 2+1:0:0:0:0, 6+5:0:0:0:0, 5+6:0:2:0:2, 6+3:1:0:0:2, 1+0:0:0:0:0, 5+2:0:0:0:1, 2+0:0:0:0:0, 4+4:0:1:0:1, 4+2:0:0:0:0, 6+4:0:0:0:2, 1+0:0:0:0:0, 4+2:0:0:0:1, 3+1:0:0:0:0, 6+3:0:0:0:0, 5+5:0:2:0:2, 4+4:0:0:0:0, 5+0:0:0:0:0, 3+3:0:1:0:1, 3+1:0:0:0:0, 2+0:0:0:0:0, 3+1:0:0:0:0, 4+4:0:0:0:0, 3+1:0:0:0:0, 3+3:0:1:0:1, 3+1:0:0:0:0, 5+3:0:0:0:0, 4+4:0:1:0:1, 3+4:0:1:0:1, 3+2:0:0:0:0, 3+3:0:1:0:1, 3+4:0:0:0:0, 4+0:0:0:0:0, 3+3:0:0:0:0, 6+1:0:0:0:0, 3+0:0:0:0:0, 3+3:0:0:0:0, 4+0:0:0:0:0, 7+5:0:0:0:0, 7+5:0:0:0:1, 5+2:0:0:0:1, 1+2:0:0:0:0, 4+1:0:0:0:1, 4+1:0:0:0:0, 5+1:0:0:0:1, 4+0:0:0:0:0, 5+2:0:1:0:1, 0+0:0:0:0:0, 4+2:0:0:0:0, 2+0:0:0:0:0, 8+2:0:0:0:0, 6+4:1:0:0:1, 5+4:1:0:0:1,  , 4+3:0:0:0:0, 3+1:0:0:0:0, 4+2:0:1:0:1, 4+1:0:0:0:0, 5+2:0:0:0:2, 2+0:0:0:0:0, 5+2:0:0:0:1, 5+2:0:0:0:2, 5+6:0:0:0:0, 5+6:2:0:0:2, 5+2:0:0:0:1,  , 6+3:0:0:0:1, 3+3:0:1:0:0, 2+3:3:3:0:3, 4+0:0:0:0:0, 4+4:0:0:0:0, 3+3:0:0:0:0, 3+1:0:0:0:0, 4+0:0:0:0:0, 7+2:0:0:0:0, 5+2:0:0:0:0, 4+1:0:0:0:1, 2+1:0:0:0:0, 5+2:0:0:0:1, 4+1:1:1:0:1, 4+1:0:0:0:0, 4+1:1:1:0:1, 5+2:0:0:0:0, 5+1:0:0:0:0, 5+1:0:0:0:0, 4+0:0:0:0:0, 6+1:0:0:0:0, 4+2:0:0:0:0, 4+1:0:0:0:1, 2+0:0:0:0:0, 3+1:0:0:0:1,  , 2+0:0:0:0:0, 4+0:0:0:0:0, 8+3:0:0:0:0,  , 5+3:0:0:0:0, 3+0:0:0:0:0, 6+1:0:0:0:0, 5+4:0:1:0:1, 3+1:0:0:0:0, 2+0:0:0:0:0, 4+1:0:0:0:0, 2+1:0:1:0:1, 2+0:0:0:0:0, 2+3:0:1:0:1, 5+2:0:0:0:0, 2+0:0:0:0:0, 4+1:0:0:0:0, 2+0:0:0:0:0, 4+1:0:0:0:0, 3+2:0:0:0:0, 4+2:0:0:0:0, 4+1:1:1:0:1, 0+0:0:0:0:0, 0+0:0:0:0:0, 0+0:0:0:0:0, 0+0:0:0:0:0, 596+285:14:23:0:74
Ab minor (7b), 4+1:0:0:0:0, 1+0:0:0:0:0, 2+0:0:0:0:0,  , 5+1:0:0:0:0, 1+0:0:0:0:0, 4+1:0:0:0:0,  , 5+0:0:0:0:0, 4+1:0:0:0:0, 4+1:0:0:0:0,  , 4+1:0:0:0:0, 1+0:0:0:0:0, 2+0:0:0:0:0,  , 5+1:0:0:0:0, 1+0:0:0:0:0, 4+1:0:0:0:0,  , 5+0:0:0:0:0, 4+1:0:0:0:0, 4+1:0:0:0:0,  , 7+3:0:0:0:1, 4+1:0:0:0:0, 4+1:1:0:0:0, 4+0:0:0:0:0, 4+0:0:0:0:0, 3+4:0:2:0:2, 6+0:0:0:0:0, 2+0:0:0:0:0, 9+2:0:0:0:2, 6+0:0:0:0:0, 6+0:0:0:0:0,  , 6+1:0:0:0:0, 2+0:0:0:0:0, 2+0:0:0:0:0, 1+0:0:0:0:0, 4+0:0:0:0:0, 2+0:0:0:0:0, 7+2:0:0:0:1, 1+0:0:0:0:0, 5+0:0:0:0:0, 8+4:0:0:0:0, 7+2:0:0:0:1, 2+0:0:0:0:0, 5+2:0:0:0:0, 3+0:0:0:0:0, 4+1:0:0:0:0, 4+0:0:0:0:0, 4+1:0:0:0:1, 4+0:0:0:0:0, 7+4:1:0:0:1, 4+1:1:0:0:1, 6+2:0:0:0:1, 8+3:0:0:0:2, 7+3:0:0:0:1, 0+0:0:0:0:0, 8+2:0:0:0:0, 2+0:0:0:0:0, 4+3:0:1:0:1, 3+1:0:0:0:0, 6+0:0:0:0:0, 2+1:0:0:0:0, 6+2:0:0:0:0, 4+1:0:0:0:0, 6+1:0:0:0:0, 7+3:0:2:0:2, 5+1:0:0:0:0, 5+0:0:0:0:0, 5+1:0:0:0:0, 3+0:0:0:0:0, 2+0:0:0:0:0, 3+0:0:0:0:0, 4+1:0:0:0:0, 3+0:0:0:0:0, 5+1:0:0:0:0, 3+0:0:0:0:0, 5+0:0:0:0:0, 6+1:0:0:0:0, 5+1:0:0:0:0, 3+0:0:0:0:0, 5+1:0:0:0:0, 3+0:0:0:0:0, 4+0:0:0:0:0, 3+0:0:0:0:0, 6+1:0:0:0:0, 3+0:0:0:0:0, 4+1:0:0:0:0, 4+0:0:0:0:0, 7+0:0:0:0:0, 8+1:0:0:0:1, 7+2:0:0:0:2, 3+1:0:0:0:0, 5+3:0:0:0:0, 4+1:0:0:0:0, 4+1:0:0:0:1, 5+1:0:0:0:0, 6+3:0:0:0:0, 0+0:0:0:0:0, 5+3:0:0:0:0, 3+0:0:0:0:0, 9+1:0:0:0:1, 7+2:1:0:0:0, 5+4:1:0:0:1,  , 5+3:0:0:0:0, 3+2:0:0:0:2, 6+1:0:0:0:1, 5+2:0:0:0:0, 5+0:0:0:0:0, 2+0:0:0:0:0, 6+2:0:2:0:2, 6+3:2:0:0:3, 6+0:0:0:0:0, 6+2:2:0:0:0, 6+1:0:0:0:0,  , 7+3:0:0:0:1, 5+2:0:0:0:0, 3+0:0:0:0:0, 4+0:0:0:0:0, 4+0:0:0:0:0, 2+3:0:0:0:0, 4+0:0:0:0:0, 5+1:1:0:0:0, 6+1:0:0:0:0, 5+3:1:0:0:0, 5+0:0:0:0:0, 2+0:0:0:0:0, 6+2:0:0:0:0, 5+0:0:0:0:0, 5+0:0:0:0:0, 5+0:0:0:0:0, 5+0:0:0:0:0, 5+0:0:0:0:0, 6+4:0:0:0:0, 5+1:1:0:0:0, 7+1:0:0:0:1, 5+0:0:0:0:0, 6+2:0:0:0:0, 4+0:0:0:0:0, 4+0:0:0:0:0,  , 3+0:0:0:0:0, 4+2:0:0:0:1, 6+3:0:0:0:2,  , 6+3:0:0:0:0, 4+0:0:0:0:0, 7+1:0:0:0:1, 7+3:1:1:0:2, 4+0:0:0:0:0, 3+0:0:0:0:0, 5+0:0:0:0:0, 3+1:0:0:0:1, 3+0:0:0:0:0, 3+1:0:0:0:1, 5+0:0:0:0:0, 3+0:0:0:0:0, 5+0:0:0:0:0, 3+0:0:0:0:0, 4+0:0:0:0:0, 5+0:0:0:0:0, 5+0:0:0:0:0, 5+1:0:0:0:0, 1+0:0:0:0:0, 1+0:0:0:0:0, 1+0:0:0:0:0, 1+0:0:0:0:0, 706+147:13:8:0:41
A# minor (7#), 3+1:0:0:0:1, 1+0:0:0:0:0, 2+0:0:0:0:0,  , 5+3:0:0:0:1, 1+0:0:0:0:0, 3+1:0:0:0:1,  , 5+2:0:0:0:0, 3+5:0:0:0:0, 3+1:0:0:0:1,  , 3+1:0:0:0:1, 1+0:0:0:0:0, 2+0:0:0:0:0,  , 5+3:0:0:0:1, 1+0:0:0:0:0, 3+1:0:0:0:1,  , 5+2:0:0:0:0, 3+5:0:0:0:0, 3+1:0:0:0:1,  , 5+3:1:0:0:3, 4+2:0:0:0:0, 4+1:0:0:0:0, 2+2:0:0:0:0, 4+3:0:0:0:0, 5+1:0:0:0:0, 5+2:0:0:0:0, 2+1:0:0:0:0, 8+3:0:0:0:0, 4+3:0:0:0:0, 5+2:0:0:0:1,  , 4+2:0:0:0:1, 1+0:0:0:0:0, 2+0:0:0:0:0, 1+0:0:0:0:0, 4+1:0:0:0:1, 2+0:0:0:0:0, 6+2:0:0:0:1, 1+0:0:0:0:0, 5+4:0:0:0:0, 6+6:0:0:0:1, 5+5:0:0:0:0, 2+1:0:0:0:0, 4+1:0:0:0:0, 3+0:0:0:0:0, 4+1:0:0:0:0, 4+0:0:0:0:0, 5+7:0:0:0:3, 4+1:0:0:0:0, 5+6:2:1:0:3, 2+1:0:0:0:0, 6+5:0:0:0:0, 5+4:0:2:0:2, 7+3:0:0:0:0, 1+0:0:0:0:0, 5+2:0:1:0:1, 2+0:0:0:0:0, 4+4:0:1:0:1, 4+2:0:0:0:0, 6+4:0:0:0:2, 1+0:0:0:0:0, 4+2:0:0:0:1, 3+1:0:0:0:0, 6+3:0:0:0:0, 5+5:0:2:0:2, 4+4:0:0:0:0, 5+0:0:0:0:0, 3+3:0:1:0:1, 3+1:0:0:0:0, 2+0:0:0:0:0, 3+1:0:0:0:0, 4+4:0:0:0:0, 3+1:0:0:0:0, 3+3:0:1:0:1, 3+1:0:0:0:0, 5+3:0:0:0:0, 4+4:0:1:0:1, 3+4:0:1:0:1, 3+2:0:0:0:0, 3+3:0:1:0:1, 3+4:0:0:0:0, 4+0:0:0:0:0, 3+3:0:0:0:0, 6+1:0:0:0:0, 3+0:0:0:0:0, 3+3:0:0:0:0, 4+0:0:0:0:0, 7+5:0:0:0:0, 7+5:0:0:0:1, 5+2:0:0:0:1, 1+2:0:0:0:0, 4+1:0:0:0:1, 4+1:0:0:0:0, 5+1:0:0:0:1, 4+0:0:0:0:0, 5+2:0:1:0:1, 0+0:0:0:0:0, 4+2:0:0:0:0, 2+0:0:0:0:0, 8+2:0:0:0:0, 6+4:1:0:0:1, 5+4:1:0:0:1,  , 4+3:0:0:0:0, 3+0:0:0:0:0, 4+2:0:1:0:1, 4+1:0:0:0:0, 5+6:0:0:0:0, 2+0:0:0:0:0, 5+5:0:2:0:2, 5+2:0:0:0:0, 5+1:0:0:0:0, 6+2:0:0:0:0, 5+2:0:0:0:1,  , 6+3:0:0:0:1, 3+3:0:1:0:0, 2+3:3:3:0:3, 4+0:0:0:0:0, 4+4:0:0:0:0, 3+3:0:0:0:0, 3+1:0:0:0:0, 4+0:0:0:0:0, 7+2:0:0:0:0, 5+2:0:0:0:0, 4+1:0:0:0:1, 2+1:0:0:0:0, 5+2:0:0:0:1, 4+1:1:1:0:1, 4+1:0:0:0:0, 4+1:1:1:0:1, 5+2:0:0:0:0, 5+1:0:0:0:0, 5+1:0:0:0:0, 4+0:0:0:0:0, 6+2:0:0:0:0, 4+2:0:0:0:0, 4+1:0:0:0:1, 2+0:0:0:0:0, 3+1:0:0:0:1,  , 2+0:0:0:0:0, 4+0:0:0:0:0, 8+3:0:0:0:0,  , 5+3:0:0:0:0, 3+0:0:0:0:0, 6+1:0:0:0:0, 5+4:0:1:0:1, 3+1:0:0:0:0, 2+0:0:0:0:0, 4+1:0:0:0:0, 2+1:0:1:0:1, 2+0:0:0:0:0, 2+3:0:1:0:1, 5+2:0:0:0:0, 2+0:0:0:0:0, 4+1:0:0:0:0, 2+0:0:0:0:0, 4+1:0:0:0:0, 3+3:0:0:0:0, 4+2:0:0:0:0, 4+1:1:1:0:1, 0+0:0:0:0:0, 0+0:0:0:0:0, 0+0:0:0:0:0, 0+0:0:0:0:0, 599+287:11:26:0:61
