 , 0, 1, 2, 3, 4, 5, 6, 7, 8, 9, 10, 11, 12, 13, 14, 15, 16, 17, 18, 19, 20, 21, 22, 23, 24, 25, 26, 27, 28, 29, 30, 31, 32, 33, 34, 35, 36, 37, 38, 39, 40, 41, 42, 43, 44, 45, 46, 47, 48, 49, 50, 51, 52, 53, 54, 55, 56, 57, 58, 59, 60, 61, 62, 63, 64, 65, 66, 67, 68, 69, 70, 71, 72, 73, 74, 75, 76, 77, 78, 79, 80, 81, 82, 83, 84, 85, 86, 87, 88, 89, 90, 91, 92, 93, 94, 95, 96, rowcost
C major (0), 1, 0, 2, 2, 2, 4, 4, 0, 1, 3, 2, 3, 2, 3, 0,  , 1, 2, 0, 4, 0, 1, 1, 3, 1, 1, 1,  , 3, 0, 3, 0, 1, 4, 3, 3, 2, 4, 2, 2, 0, 1, 1, 4, 2, 3, 2,  , 3, 4, 0, 2, 3, 1, 2, 5, 1, 0, 1, 1, 1, 1, 3, 2, 1, 4, 2, 1, 2, 3, 1,  , 1, 1, 0, 1, 2, 2, 2,  , 5, 5, 4, 0, 3, 4, 1,  , 2, 2, 2, 3, 2, 4, 4, 4, 3, 185
A minor (0), 1, 0, 4, 4, 2, 4, 4, 0, 1, 3, 4, 5, 2, 3, 0,  , 1, 2, 0, 5, 0, 1, 1, 5, 1, 1, 1,  , 2, 0, 3, 0, 1, 5, 4, 5, 4, 4, 2, 2, 0, 1, 1, 4, 4, 4, 2,  , 4, 6, 0, 2, 2, 1, 3, 4, 1, 0, 1, 3, 1, 1, 4, 3, 1, 4, 4, 2, 3, 3, 1,  , 1, 1, 0, 1, 2, 3, 3,  , 5, 5, 4, 0, 3, 2, 1,  , 3, 2, 4, 5, 2, 4, 4, 5, 3, 220
A minor mel (0), 1, 0, 4, 4, 2, 4, 4, 0, 1, 3, 4, 5, 2, 3, 0,  , 1, 2, 0, 5, 0, 1, 1, 5, 1, 1, 1,  , 2, 0, 3, 0, 1, 5, 4, 5, 4, 4, 2, 2, 0, 1, 1, 4, 4, 4, 2,  , 4, 6, 0, 2, 2, 1, 3, 4, 1, 0, 1, 3, 1, 1, 4, 3, 1, 4, 4, 2, 3, 3, 1,  , 1, 1, 0, 1, 2, 3, 3,  , 5, 5, 4, 0, 3, 2, 1,  , 3, 2, 4, 5, 2, 4, 4, 5, 3, 220
C major blues (0), 1, 0, 2, 2, 2, 4, 4, 0, 1, 3, 2, 3, 2, 3, 0,  , 1, 2, 0, 4, 0, 1, 1, 3, 1, 1, 1,  , 3, 0, 3, 0, 1, 4, 3, 3, 2, 4, 2, 2, 0, 1, 1, 4, 2, 3, 2,  , 3, 4, 0, 2, 3, 1, 2, 5, 1, 0, 1, 1, 1, 1, 3, 2, 1, 4, 2, 1, 2, 3, 1,  , 1, 1, 0, 1, 2, 2, 2,  , 5, 5, 4, 0, 3, 4, 1,  , 2, 2, 2, 3, 2, 4, 4, 4, 3, 185
A minor blues (0), 1, 0, 4, 4, 2, 4, 4, 0, 1, 3, 4, 5, 2, 3, 0,  , 1, 2, 0, 5, 0, 1, 1, 5, 1, 1, 1,  , 2, 0, 3, 0, 1, 5, 4, 5, 4, 4, 2, 2, 0, 1, 1, 4, 4, 4, 2,  , 4, 6, 0, 2, 2, 1, 3, 4, 1, 0, 1, 3, 1, 1, 4, 3, 1, 4, 4, 2, 3, 3, 1,  , 1, 1, 0, 1, 2, 3, 3,  , 5, 5, 4, 0, 3, 2, 1,  , 3, 2, 4, 5, 2, 4, 4, 5, 3, 220
C dorian (0), 1, 0, 2, 2, 2, 4, 4, 0, 1, 3, 2, 3, 2, 3, 0,  , 1, 2, 0, 4, 0, 1, 1, 3, 1, 1, 1,  , 3, 0, 3, 0, 1, 4, 3, 3, 2, 4, 2, 2, 0, 1, 1, 4, 2, 3, 2,  , 3, 4, 0, 2, 3, 1, 2, 5, 1, 0, 1, 1, 1, 1, 3, 2, 1, 4, 2, 1, 2, 3, 1,  , 1, 1, 0, 1, 2, 2, 2,  , 5, 5, 4, 0, 3, 4, 1,  , 2, 2, 2, 3, 2, 4, 4, 4, 3, 185
C phrygian (0), 1, 0, 2, 2, 2, 4, 4, 0, 1, 3, 2, 3, 2, 3, 0,  , 1, 2, 0, 4, 0, 1, 1, 3, 1, 1, 1,  , 3, 0, 3, 0, 1, 4, 3, 3, 2, 4, 2, 2, 0, 1, 1, 4, 2, 3, 2,  , 3, 4, 0, 2, 3, 1, 2, 5, 1, 0, 1, 1, 1, 1, 3, 2, 1, 4, 2, 1, 2, 3, 1,  , 1, 1, 0, 1, 2, 2, 2,  , 5, 5, 4, 0, 3, 4, 1,  , 2, 2, 2, 3, 2, 4, 4, 4, 3, 185
C lydian (0), 1, 0, 2, 2, 2, 4, 4, 0, 1, 3, 2, 3, 2, 3, 0,  , 1, 2, 0, 4, 0, 1, 1, 3, 1, 1, 1,  , 3, 0, 3, 0, 1, 4, 3, 3, 2, 4, 2, 2, 0, 1, 1, 4, 2, 3, 2,  , 3, 4, 0, 2, 3, 1, 2, 5, 1, 0, 1, 1, 1, 1, 3, 2, 1, 4, 2, 1, 2, 3, 1,  , 1, 1, 0, 1, 2, 2, 2,  , 5, 5, 4, 0, 3, 4, 1,  , 2, 2, 2, 3, 2, 4, 4, 4, 3, 185
C mixolydian (0), 1, 0, 2, 2, 2, 4, 4, 0, 1, 3, 2, 3, 2, 3, 0,  , 1, 2, 0, 4, 0, 1, 1, 3, 1, 1, 1,  , 3, 0, 3, 0, 1, 4, 3, 3, 2, 4, 2, 2, 0, 1, 1, 4, 2, 3, 2,  , 3, 4, 0, 2, 3, 1, 2, 5, 1, 0, 1, 1, 1, 1, 3, 2, 1, 4, 2, 1, 2, 3, 1,  , 1, 1, 0, 1, 2, 2, 2,  , 5, 5, 4, 0, 3, 4, 1,  , 2, 2, 2, 3, 2, 4, 4, 4, 3, 185
C aeolian (0), 1, 0, 2, 2, 2, 4, 4, 0, 1, 3, 2, 3, 2, 3, 0,  , 1, 2, 0, 4, 0, 1, 1, 3, 1, 1, 1,  , 3, 0, 3, 0, 1, 4, 3, 3, 2, 4, 2, 2, 0, 1, 1, 4, 2, 3, 2,  , 3, 4, 0, 2, 3, 1, 2, 5, 1, 0, 1, 1, 1, 1, 3, 2, 1, 4, 2, 1, 2, 3, 1,  , 1, 1, 0, 1, 2, 2, 2,  , 5, 5, 4, 0, 3, 4, 1,  , 2, 2, 2, 3, 2, 4, 4, 4, 3, 185
C locrian (0), 1, 0, 2, 2, 2, 4, 4, 0, 1, 3, 2, 3, 2, 3, 0,  , 1, 2, 0, 4, 0, 1, 1, 3, 1, 1, 1,  , 3, 0, 3, 0, 1, 4, 3, 3, 2, 4, 2, 2, 0, 1, 1, 4, 2, 3, 2,  , 3, 4, 0, 2, 3, 1, 2, 5, 1, 0, 1, 1, 1, 1, 3, 2, 1, 4, 2, 1, 2, 3, 1,  , 1, 1, 0, 1, 2, 2, 2,  , 5, 5, 4, 0, 3, 4, 1,  , 2, 2, 2, 3, 2, 4, 4, 4, 3, 185
F major (1b), 0, 0, 3, 1, 3, 3, 3, 0, 0, 3, 3, 2, 3, 2, 0,  , 2, 2, 1, 3, 1, 2, 0, 2, 0, 0, 0,  , 3, 0, 3, 0, 0, 3, 4, 2, 2, 3, 2, 1, 0, 1, 0, 3, 2, 2, 1,  , 4, 3, 1, 3, 2, 0, 1, 4, 0, 0, 0, 1, 1, 1, 2, 1, 0, 3, 3, 1, 1, 2, 0,  , 0, 0, 0, 1, 3, 1, 1,  , 5, 5, 3, 1, 2, 3, 1,  , 1, 2, 3, 2, 3, 3, 3, 2, 2, 152
G major (1#), 2, 0, 3, 2, 3, 5, 3, 0, 2, 2, 3, 2, 3, 4, 1,  , 0, 1, 1, 5, 1, 2, 2, 2, 2, 1, 2,  , 2, 1, 2, 1, 2, 4, 4, 2, 3, 4, 2, 1, 1, 2, 1, 3, 3, 4, 3,  , 2, 4, 0, 3, 3, 1, 3, 4, 2, 0, 2, 1, 1, 1, 4, 3, 2, 3, 3, 1, 3, 3, 1,  , 2, 1, 1, 2, 2, 3, 2,  , 2, 2, 4, 1, 4, 2, 1,  , 3, 2, 3, 2, 3, 5, 3, 3, 4, 206
D minor (1b), 0, 0, 4, 1, 3, 3, 2, 0, 0, 2, 4, 2, 3, 2, 0,  , 2, 1, 1, 4, 1, 2, 0, 2, 0, 0, 0,  , 2, 0, 2, 0, 0, 4, 5, 2, 3, 3, 2, 1, 0, 1, 0, 3, 3, 3, 1,  , 4, 5, 1, 2, 1, 0, 1, 5, 0, 0, 0, 1, 1, 1, 2, 1, 0, 3, 4, 1, 2, 2, 0,  , 0, 0, 0, 1, 3, 1, 1,  , 2, 2, 3, 1, 2, 1, 1,  , 1, 2, 4, 2, 3, 3, 2, 3, 2, 151
E minor (1#), 5, 0, 5, 4, 3, 4, 4, 0, 3, 3, 5, 4, 3, 4, 1,  , 0, 2, 1, 5, 1, 4, 3, 4, 2, 4, 2,  , 2, 1, 3, 1, 4, 5, 5, 5, 5, 2, 2, 3, 1, 2, 2, 4, 5, 5, 2,  , 3, 6, 0, 3, 4, 4, 4, 3, 2, 0, 2, 3, 1, 1, 6, 5, 5, 4, 5, 2, 6, 4, 3,  , 2, 4, 1, 2, 3, 4, 3,  , 5, 5, 1, 1, 5, 2, 1,  , 4, 2, 5, 4, 3, 4, 5, 4, 4, 285
D minor mel (1b), 1, 0, 2, 2, 2, 4, 4, 0, 1, 3, 2, 3, 2, 3, 0,  , 1, 2, 0, 4, 0, 1, 1, 3, 1, 1, 1,  , 3, 0, 3, 0, 1, 4, 3, 3, 2, 4, 2, 2, 0, 1, 1, 4, 2, 3, 2,  , 3, 4, 0, 2, 3, 1, 2, 5, 1, 0, 1, 1, 1, 1, 3, 2, 1, 4, 2, 1, 2, 3, 1,  , 1, 1, 0, 1, 2, 2, 2,  , 5, 5, 4, 0, 3, 4, 1,  , 2, 2, 2, 3, 2, 4, 4, 4, 3, 185
E minor mel (1#), 1, 0, 4, 4, 2, 4, 4, 0, 1, 3, 4, 5, 2, 3, 0,  , 1, 2, 0, 5, 0, 1, 1, 5, 1, 1, 1,  , 2, 0, 3, 0, 1, 5, 4, 5, 4, 4, 2, 2, 0, 1, 1, 4, 4, 4, 2,  , 4, 6, 0, 2, 2, 1, 3, 4, 1, 0, 1, 3, 1, 1, 4, 3, 1, 4, 4, 2, 3, 3, 1,  , 1, 1, 0, 1, 2, 3, 3,  , 5, 5, 4, 0, 3, 2, 1,  , 3, 2, 4, 5, 2, 4, 4, 5, 3, 220
F major blues (1b), 1, 0, 4, 4, 2, 4, 4, 0, 1, 3, 4, 5, 2, 3, 0,  , 1, 2, 0, 5, 0, 1, 1, 5, 1, 1, 1,  , 2, 0, 3, 0, 1, 5, 4, 5, 4, 4, 2, 2, 0, 1, 1, 4, 4, 4, 2,  , 4, 6, 0, 2, 2, 1, 3, 4, 1, 0, 1, 3, 1, 1, 4, 3, 1, 4, 4, 2, 3, 3, 1,  , 1, 1, 0, 1, 2, 3, 3,  , 5, 5, 4, 0, 3, 2, 1,  , 3, 2, 4, 5, 2, 4, 4, 5, 3, 220
G major blues (1#), 1, 0, 2, 2, 2, 4, 4, 0, 1, 3, 2, 3, 2, 3, 0,  , 1, 2, 0, 4, 0, 1, 1, 3, 1, 1, 1,  , 3, 0, 3, 0, 1, 4, 3, 3, 2, 4, 2, 2, 0, 1, 1, 4, 2, 3, 2,  , 3, 4, 0, 2, 3, 1, 2, 5, 1, 0, 1, 1, 1, 1, 3, 2, 1, 4, 2, 1, 2, 3, 1,  , 1, 1, 0, 1, 2, 2, 2,  , 5, 5, 4, 0, 3, 4, 1,  , 2, 2, 2, 3, 2, 4, 4, 4, 3, 185
D minor blues (1b), 1, 0, 4, 4, 2, 4, 4, 0, 1, 3, 4, 5, 2, 3, 0,  , 1, 2, 0, 5, 0, 1, 1, 5, 1, 1, 1,  , 2, 0, 3, 0, 1, 5, 4, 5, 4, 4, 2, 2, 0, 1, 1, 4, 4, 4, 2,  , 4, 6, 0, 2, 2, 1, 3, 4, 1, 0, 1, 3, 1, 1, 4, 3, 1, 4, 4, 2, 3, 3, 1,  , 1, 1, 0, 1, 2, 3, 3,  , 5, 5, 4, 0, 3, 2, 1,  , 3, 2, 4, 5, 2, 4, 4, 5, 3, 220
E minor blues (1#), 1, 0, 2, 2, 2, 4, 4, 0, 1, 3, 2, 3, 2, 3, 0,  , 1, 2, 0, 4, 0, 1, 1, 3, 1, 1, 1,  , 3, 0, 3, 0, 1, 4, 3, 3, 2, 4, 2, 2, 0, 1, 1, 4, 2, 3, 2,  , 3, 4, 0, 2, 3, 1, 2, 5, 1, 0, 1, 1, 1, 1, 3, 2, 1, 4, 2, 1, 2, 3, 1,  , 1, 1, 0, 1, 2, 2, 2,  , 5, 5, 4, 0, 3, 4, 1,  , 2, 2, 2, 3, 2, 4, 4, 4, 3, 185
F dorian (1b), 1, 0, 2, 2, 2, 4, 4, 0, 1, 3, 2, 3, 2, 3, 0,  , 1, 2, 0, 4, 0, 1, 1, 3, 1, 1, 1,  , 3, 0, 3, 0, 1, 4, 3, 3, 2, 4, 2, 2, 0, 1, 1, 4, 2, 3, 2,  , 3, 4, 0, 2, 3, 1, 2, 5, 1, 0, 1, 1, 1, 1, 3, 2, 1, 4, 2, 1, 2, 3, 1,  , 1, 1, 0, 1, 2, 2, 2,  , 5, 5, 4, 0, 3, 4, 1,  , 2, 2, 2, 3, 2, 4, 4, 4, 3, 185
G dorian (1#), 1, 0, 2, 2, 2, 4, 4, 0, 1, 3, 2, 3, 2, 3, 0,  , 1, 2, 0, 4, 0, 1, 1, 3, 1, 1, 1,  , 3, 0, 3, 0, 1, 4, 3, 3, 2, 4, 2, 2, 0, 1, 1, 4, 2, 3, 2,  , 3, 4, 0, 2, 3, 1, 2, 5, 1, 0, 1, 1, 1, 1, 3, 2, 1, 4, 2, 1, 2, 3, 1,  , 1, 1, 0, 1, 2, 2, 2,  , 5, 5, 4, 0, 3, 4, 1,  , 2, 2, 2, 3, 2, 4, 4, 4, 3, 185
F phrygian (1b), 1, 0, 2, 2, 2, 4, 4, 0, 1, 3, 2, 3, 2, 3, 0,  , 1, 2, 0, 4, 0, 1, 1, 3, 1, 1, 1,  , 3, 0, 3, 0, 1, 4, 3, 3, 2, 4, 2, 2, 0, 1, 1, 4, 2, 3, 2,  , 3, 4, 0, 2, 3, 1, 2, 5, 1, 0, 1, 1, 1, 1, 3, 2, 1, 4, 2, 1, 2, 3, 1,  , 1, 1, 0, 1, 2, 2, 2,  , 5, 5, 4, 0, 3, 4, 1,  , 2, 2, 2, 3, 2, 4, 4, 4, 3, 185
G phrygian (1#), 1, 0, 2, 2, 2, 4, 4, 0, 1, 3, 2, 3, 2, 3, 0,  , 1, 2, 0, 4, 0, 1, 1, 3, 1, 1, 1,  , 3, 0, 3, 0, 1, 4, 3, 3, 2, 4, 2, 2, 0, 1, 1, 4, 2, 3, 2,  , 3, 4, 0, 2, 3, 1, 2, 5, 1, 0, 1, 1, 1, 1, 3, 2, 1, 4, 2, 1, 2, 3, 1,  , 1, 1, 0, 1, 2, 2, 2,  , 5, 5, 4, 0, 3, 4, 1,  , 2, 2, 2, 3, 2, 4, 4, 4, 3, 185
F lydian (1b), 1, 0, 2, 2, 2, 4, 4, 0, 1, 3, 2, 3, 2, 3, 0,  , 1, 2, 0, 4, 0, 1, 1, 3, 1, 1, 1,  , 3, 0, 3, 0, 1, 4, 3, 3, 2, 4, 2, 2, 0, 1, 1, 4, 2, 3, 2,  , 3, 4, 0, 2, 3, 1, 2, 5, 1, 0, 1, 1, 1, 1, 3, 2, 1, 4, 2, 1, 2, 3, 1,  , 1, 1, 0, 1, 2, 2, 2,  , 5, 5, 4, 0, 3, 4, 1,  , 2, 2, 2, 3, 2, 4, 4, 4, 3, 185
G lydian (1#), 0, 0, 3, 1, 3, 3, 3, 0, 0, 3, 3, 2, 3, 2, 0,  , 2, 2, 1, 3, 1, 2, 0, 2, 0, 0, 0,  , 3, 0, 3, 0, 0, 3, 4, 2, 2, 3, 2, 1, 0, 1, 0, 3, 2, 2, 1,  , 4, 3, 1, 3, 2, 0, 1, 4, 0, 0, 0, 1, 1, 1, 2, 1, 0, 3, 3, 1, 1, 2, 0,  , 0, 0, 0, 1, 3, 1, 1,  , 5, 5, 3, 1, 2, 3, 1,  , 1, 2, 3, 2, 3, 3, 3, 2, 2, 152
F mixolydian (1b), 2, 0, 3, 2, 3, 5, 3, 0, 2, 2, 3, 2, 3, 4, 1,  , 0, 1, 1, 5, 1, 2, 2, 2, 2, 1, 2,  , 2, 1, 2, 1, 2, 4, 4, 2, 3, 4, 2, 1, 1, 2, 1, 3, 3, 4, 3,  , 2, 4, 0, 3, 3, 1, 3, 4, 2, 0, 2, 1, 1, 1, 4, 3, 2, 3, 3, 1, 3, 3, 1,  , 2, 1, 1, 2, 2, 3, 2,  , 2, 2, 4, 1, 4, 2, 1,  , 3, 2, 3, 2, 3, 5, 3, 3, 4, 206
G mixolydian (1#), 0, 0, 4, 1, 3, 3, 2, 0, 0, 2, 4, 2, 3, 2, 0,  , 2, 1, 1, 4, 1, 2, 0, 2, 0, 0, 0,  , 2, 0, 2, 0, 0, 4, 5, 2, 3, 3, 2, 1, 0, 1, 0, 3, 3, 3, 1,  , 4, 5, 1, 2, 1, 0, 1, 5, 0, 0, 0, 1, 1, 1, 2, 1, 0, 3, 4, 1, 2, 2, 0,  , 0, 0, 0, 1, 3, 1, 1,  , 2, 2, 3, 1, 2, 1, 1,  , 1, 2, 4, 2, 3, 3, 2, 3, 2, 151
F aeolian (1b), 5, 0, 5, 4, 3, 4, 4, 0, 3, 3, 5, 4, 3, 4, 1,  , 0, 2, 1, 5, 1, 4, 3, 4, 2, 4, 2,  , 2, 1, 3, 1, 4, 5, 5, 5, 5, 2, 2, 3, 1, 2, 2, 4, 5, 5, 2,  , 3, 6, 0, 3, 4, 4, 4, 3, 2, 0, 2, 3, 1, 1, 6, 5, 5, 4, 5, 2, 6, 4, 3,  , 2, 4, 1, 2, 3, 4, 3,  , 5, 5, 1, 1, 5, 2, 1,  , 4, 2, 5, 4, 3, 4, 5, 4, 4, 285
G aeolian (1#), 1, 0, 2, 2, 2, 4, 4, 0, 1, 3, 2, 3, 2, 3, 0,  , 1, 2, 0, 4, 0, 1, 1, 3, 1, 1, 1,  , 3, 0, 3, 0, 1, 4, 3, 3, 2, 4, 2, 2, 0, 1, 1, 4, 2, 3, 2,  , 3, 4, 0, 2, 3, 1, 2, 5, 1, 0, 1, 1, 1, 1, 3, 2, 1, 4, 2, 1, 2, 3, 1,  , 1, 1, 0, 1, 2, 2, 2,  , 5, 5, 4, 0, 3, 4, 1,  , 2, 2, 2, 3, 2, 4, 4, 4, 3, 185
F locrian (1b), 1, 0, 4, 4, 2, 4, 4, 0, 1, 3, 4, 5, 2, 3, 0,  , 1, 2, 0, 5, 0, 1, 1, 5, 1, 1, 1,  , 2, 0, 3, 0, 1, 5, 4, 5, 4, 4, 2, 2, 0, 1, 1, 4, 4, 4, 2,  , 4, 6, 0, 2, 2, 1, 3, 4, 1, 0, 1, 3, 1, 1, 4, 3, 1, 4, 4, 2, 3, 3, 1,  , 1, 1, 0, 1, 2, 3, 3,  , 5, 5, 4, 0, 3, 2, 1,  , 3, 2, 4, 5, 2, 4, 4, 5, 3, 220
G locrian (1#), 1, 0, 4, 4, 2, 4, 4, 0, 1, 3, 4, 5, 2, 3, 0,  , 1, 2, 0, 5, 0, 1, 1, 5, 1, 1, 1,  , 2, 0, 3, 0, 1, 5, 4, 5, 4, 4, 2, 2, 0, 1, 1, 4, 4, 4, 2,  , 4, 6, 0, 2, 2, 1, 3, 4, 1, 0, 1, 3, 1, 1, 4, 3, 1, 4, 4, 2, 3, 3, 1,  , 1, 1, 0, 1, 2, 3, 3,  , 5, 5, 4, 0, 3, 2, 1,  , 3, 2, 4, 5, 2, 4, 4, 5, 3, 220
Bb major (2b), 1, 0, 2, 2, 2, 4, 4, 0, 1, 3, 2, 3, 2, 3, 0,  , 1, 2, 0, 4, 0, 1, 1, 3, 1, 1, 1,  , 3, 0, 3, 0, 1, 4, 3, 3, 2, 4, 2, 2, 0, 1, 1, 4, 2, 3, 2,  , 3, 4, 0, 2, 3, 1, 2, 5, 1, 0, 1, 1, 1, 1, 3, 2, 1, 4, 2, 1, 2, 3, 1,  , 1, 1, 0, 1, 2, 2, 2,  , 5, 5, 4, 0, 3, 4, 1,  , 2, 2, 2, 3, 2, 4, 4, 4, 3, 185
D major (2#), 1, 0, 4, 4, 2, 4, 4, 0, 1, 3, 4, 5, 2, 3, 0,  , 1, 2, 0, 5, 0, 1, 1, 5, 1, 1, 1,  , 2, 0, 3, 0, 1, 5, 4, 5, 4, 4, 2, 2, 0, 1, 1, 4, 4, 4, 2,  , 4, 6, 0, 2, 2, 1, 3, 4, 1, 0, 1, 3, 1, 1, 4, 3, 1, 4, 4, 2, 3, 3, 1,  , 1, 1, 0, 1, 2, 3, 3,  , 5, 5, 4, 0, 3, 2, 1,  , 3, 2, 4, 5, 2, 4, 4, 5, 3, 220
G minor (2b), 1, 0, 2, 2, 2, 4, 4, 0, 1, 3, 2, 3, 2, 3, 0,  , 1, 2, 0, 4, 0, 1, 1, 3, 1, 1, 1,  , 3, 0, 3, 0, 1, 4, 3, 3, 2, 4, 2, 2, 0, 1, 1, 4, 2, 3, 2,  , 3, 4, 0, 2, 3, 1, 2, 5, 1, 0, 1, 1, 1, 1, 3, 2, 1, 4, 2, 1, 2, 3, 1,  , 1, 1, 0, 1, 2, 2, 2,  , 5, 5, 4, 0, 3, 4, 1,  , 2, 2, 2, 3, 2, 4, 4, 4, 3, 185
B minor (2#), 1, 0, 2, 2, 2, 4, 4, 0, 1, 3, 2, 3, 2, 3, 0,  , 1, 2, 0, 4, 0, 1, 1, 3, 1, 1, 1,  , 3, 0, 3, 0, 1, 4, 3, 3, 2, 4, 2, 2, 0, 1, 1, 4, 2, 3, 2,  , 3, 4, 0, 2, 3, 1, 2, 5, 1, 0, 1, 1, 1, 1, 3, 2, 1, 4, 2, 1, 2, 3, 1,  , 1, 1, 0, 1, 2, 2, 2,  , 5, 5, 4, 0, 3, 4, 1,  , 2, 2, 2, 3, 2, 4, 4, 4, 3, 185
G minor mel (2b), 1, 0, 2, 2, 2, 4, 4, 0, 1, 3, 2, 3, 2, 3, 0,  , 1, 2, 0, 4, 0, 1, 1, 3, 1, 1, 1,  , 3, 0, 3, 0, 1, 4, 3, 3, 2, 4, 2, 2, 0, 1, 1, 4, 2, 3, 2,  , 3, 4, 0, 2, 3, 1, 2, 5, 1, 0, 1, 1, 1, 1, 3, 2, 1, 4, 2, 1, 2, 3, 1,  , 1, 1, 0, 1, 2, 2, 2,  , 5, 5, 4, 0, 3, 4, 1,  , 2, 2, 2, 3, 2, 4, 4, 4, 3, 185
B minor mel (2#), 1, 0, 2, 2, 2, 4, 4, 0, 1, 3, 2, 3, 2, 3, 0,  , 1, 2, 0, 4, 0, 1, 1, 3, 1, 1, 1,  , 3, 0, 3, 0, 1, 4, 3, 3, 2, 4, 2, 2, 0, 1, 1, 4, 2, 3, 2,  , 3, 4, 0, 2, 3, 1, 2, 5, 1, 0, 1, 1, 1, 1, 3, 2, 1, 4, 2, 1, 2, 3, 1,  , 1, 1, 0, 1, 2, 2, 2,  , 5, 5, 4, 0, 3, 4, 1,  , 2, 2, 2, 3, 2, 4, 4, 4, 3, 185
Bb major blues (2b), 1, 0, 2, 2, 2, 4, 4, 0, 1, 3, 2, 3, 2, 3, 0,  , 1, 2, 0, 4, 0, 1, 1, 3, 1, 1, 1,  , 3, 0, 3, 0, 1, 4, 3, 3, 2, 4, 2, 2, 0, 1, 1, 4, 2, 3, 2,  , 3, 4, 0, 2, 3, 1, 2, 5, 1, 0, 1, 1, 1, 1, 3, 2, 1, 4, 2, 1, 2, 3, 1,  , 1, 1, 0, 1, 2, 2, 2,  , 5, 5, 4, 0, 3, 4, 1,  , 2, 2, 2, 3, 2, 4, 4, 4, 3, 185
D major blues (2#), 1, 0, 2, 2, 2, 4, 4, 0, 1, 3, 2, 3, 2, 3, 0,  , 1, 2, 0, 4, 0, 1, 1, 3, 1, 1, 1,  , 3, 0, 3, 0, 1, 4, 3, 3, 2, 4, 2, 2, 0, 1, 1, 4, 2, 3, 2,  , 3, 4, 0, 2, 3, 1, 2, 5, 1, 0, 1, 1, 1, 1, 3, 2, 1, 4, 2, 1, 2, 3, 1,  , 1, 1, 0, 1, 2, 2, 2,  , 5, 5, 4, 0, 3, 4, 1,  , 2, 2, 2, 3, 2, 4, 4, 4, 3, 185
G minor blues (2b), 0, 0, 3, 1, 3, 3, 3, 0, 0, 3, 3, 2, 3, 2, 0,  , 2, 2, 1, 3, 1, 2, 0, 2, 0, 0, 0,  , 3, 0, 3, 0, 0, 3, 4, 2, 2, 3, 2, 1, 0, 1, 0, 3, 2, 2, 1,  , 4, 3, 1, 3, 2, 0, 1, 4, 0, 0, 0, 1, 1, 1, 2, 1, 0, 3, 3, 1, 1, 2, 0,  , 0, 0, 0, 1, 3, 1, 1,  , 5, 5, 3, 1, 2, 3, 1,  , 1, 2, 3, 2, 3, 3, 3, 2, 2, 152
B minor blues (2#), 2, 0, 3, 2, 3, 5, 3, 0, 2, 2, 3, 2, 3, 4, 1,  , 0, 1, 1, 5, 1, 2, 2, 2, 2, 1, 2,  , 2, 1, 2, 1, 2, 4, 4, 2, 3, 4, 2, 1, 1, 2, 1, 3, 3, 4, 3,  , 2, 4, 0, 3, 3, 1, 3, 4, 2, 0, 2, 1, 1, 1, 4, 3, 2, 3, 3, 1, 3, 3, 1,  , 2, 1, 1, 2, 2, 3, 2,  , 2, 2, 4, 1, 4, 2, 1,  , 3, 2, 3, 2, 3, 5, 3, 3, 4, 206
Bb dorian (2b), 0, 0, 4, 1, 3, 3, 2, 0, 0, 2, 4, 2, 3, 2, 0,  , 2, 1, 1, 4, 1, 2, 0, 2, 0, 0, 0,  , 2, 0, 2, 0, 0, 4, 5, 2, 3, 3, 2, 1, 0, 1, 0, 3, 3, 3, 1,  , 4, 5, 1, 2, 1, 0, 1, 5, 0, 0, 0, 1, 1, 1, 2, 1, 0, 3, 4, 1, 2, 2, 0,  , 0, 0, 0, 1, 3, 1, 1,  , 2, 2, 3, 1, 2, 1, 1,  , 1, 2, 4, 2, 3, 3, 2, 3, 2, 151
D dorian (2#), 5, 0, 5, 4, 3, 4, 4, 0, 3, 3, 5, 4, 3, 4, 1,  , 0, 2, 1, 5, 1, 4, 3, 4, 2, 4, 2,  , 2, 1, 3, 1, 4, 5, 5, 5, 5, 2, 2, 3, 1, 2, 2, 4, 5, 5, 2,  , 3, 6, 0, 3, 4, 4, 4, 3, 2, 0, 2, 3, 1, 1, 6, 5, 5, 4, 5, 2, 6, 4, 3,  , 2, 4, 1, 2, 3, 4, 3,  , 5, 5, 1, 1, 5, 2, 1,  , 4, 2, 5, 4, 3, 4, 5, 4, 4, 285
Bb phrygian (2b), 1, 0, 2, 2, 2, 4, 4, 0, 1, 3, 2, 3, 2, 3, 0,  , 1, 2, 0, 4, 0, 1, 1, 3, 1, 1, 1,  , 3, 0, 3, 0, 1, 4, 3, 3, 2, 4, 2, 2, 0, 1, 1, 4, 2, 3, 2,  , 3, 4, 0, 2, 3, 1, 2, 5, 1, 0, 1, 1, 1, 1, 3, 2, 1, 4, 2, 1, 2, 3, 1,  , 1, 1, 0, 1, 2, 2, 2,  , 5, 5, 4, 0, 3, 4, 1,  , 2, 2, 2, 3, 2, 4, 4, 4, 3, 185
D phrygian (2#), 1, 0, 4, 4, 2, 4, 4, 0, 1, 3, 4, 5, 2, 3, 0,  , 1, 2, 0, 5, 0, 1, 1, 5, 1, 1, 1,  , 2, 0, 3, 0, 1, 5, 4, 5, 4, 4, 2, 2, 0, 1, 1, 4, 4, 4, 2,  , 4, 6, 0, 2, 2, 1, 3, 4, 1, 0, 1, 3, 1, 1, 4, 3, 1, 4, 4, 2, 3, 3, 1,  , 1, 1, 0, 1, 2, 3, 3,  , 5, 5, 4, 0, 3, 2, 1,  , 3, 2, 4, 5, 2, 4, 4, 5, 3, 220
Bb lydian (2b), 1, 0, 4, 4, 2, 4, 4, 0, 1, 3, 4, 5, 2, 3, 0,  , 1, 2, 0, 5, 0, 1, 1, 5, 1, 1, 1,  , 2, 0, 3, 0, 1, 5, 4, 5, 4, 4, 2, 2, 0, 1, 1, 4, 4, 4, 2,  , 4, 6, 0, 2, 2, 1, 3, 4, 1, 0, 1, 3, 1, 1, 4, 3, 1, 4, 4, 2, 3, 3, 1,  , 1, 1, 0, 1, 2, 3, 3,  , 5, 5, 4, 0, 3, 2, 1,  , 3, 2, 4, 5, 2, 4, 4, 5, 3, 220
D lydian (2#), 1, 0, 2, 2, 2, 4, 4, 0, 1, 3, 2, 3, 2, 3, 0,  , 1, 2, 0, 4, 0, 1, 1, 3, 1, 1, 1,  , 3, 0, 3, 0, 1, 4, 3, 3, 2, 4, 2, 2, 0, 1, 1, 4, 2, 3, 2,  , 3, 4, 0, 2, 3, 1, 2, 5, 1, 0, 1, 1, 1, 1, 3, 2, 1, 4, 2, 1, 2, 3, 1,  , 1, 1, 0, 1, 2, 2, 2,  , 5, 5, 4, 0, 3, 4, 1,  , 2, 2, 2, 3, 2, 4, 4, 4, 3, 185
Bb mixolydian (2b), 1, 0, 4, 4, 2, 4, 4, 0, 1, 3, 4, 5, 2, 3, 0,  , 1, 2, 0, 5, 0, 1, 1, 5, 1, 1, 1,  , 2, 0, 3, 0, 1, 5, 4, 5, 4, 4, 2, 2, 0, 1, 1, 4, 4, 4, 2,  , 4, 6, 0, 2, 2, 1, 3, 4, 1, 0, 1, 3, 1, 1, 4, 3, 1, 4, 4, 2, 3, 3, 1,  , 1, 1, 0, 1, 2, 3, 3,  , 5, 5, 4, 0, 3, 2, 1,  , 3, 2, 4, 5, 2, 4, 4, 5, 3, 220
D mixolydian (2#), 1, 0, 2, 2, 2, 4, 4, 0, 1, 3, 2, 3, 2, 3, 0,  , 1, 2, 0, 4, 0, 1, 1, 3, 1, 1, 1,  , 3, 0, 3, 0, 1, 4, 3, 3, 2, 4, 2, 2, 0, 1, 1, 4, 2, 3, 2,  , 3, 4, 0, 2, 3, 1, 2, 5, 1, 0, 1, 1, 1, 1, 3, 2, 1, 4, 2, 1, 2, 3, 1,  , 1, 1, 0, 1, 2, 2, 2,  , 5, 5, 4, 0, 3, 4, 1,  , 2, 2, 2, 3, 2, 4, 4, 4, 3, 185
Bb aeolian (2b), 1, 0, 2, 2, 2, 4, 4, 0, 1, 3, 2, 3, 2, 3, 0,  , 1, 2, 0, 4, 0, 1, 1, 3, 1, 1, 1,  , 3, 0, 3, 0, 1, 4, 3, 3, 2, 4, 2, 2, 0, 1, 1, 4, 2, 3, 2,  , 3, 4, 0, 2, 3, 1, 2, 5, 1, 0, 1, 1, 1, 1, 3, 2, 1, 4, 2, 1, 2, 3, 1,  , 1, 1, 0, 1, 2, 2, 2,  , 5, 5, 4, 0, 3, 4, 1,  , 2, 2, 2, 3, 2, 4, 4, 4, 3, 185
D aeolian (2#), 1, 0, 2, 2, 2, 4, 4, 0, 1, 3, 2, 3, 2, 3, 0,  , 1, 2, 0, 4, 0, 1, 1, 3, 1, 1, 1,  , 3, 0, 3, 0, 1, 4, 3, 3, 2, 4, 2, 2, 0, 1, 1, 4, 2, 3, 2,  , 3, 4, 0, 2, 3, 1, 2, 5, 1, 0, 1, 1, 1, 1, 3, 2, 1, 4, 2, 1, 2, 3, 1,  , 1, 1, 0, 1, 2, 2, 2,  , 5, 5, 4, 0, 3, 4, 1,  , 2, 2, 2, 3, 2, 4, 4, 4, 3, 185
Bb locrian (2b), 1, 0, 2, 2, 2, 4, 4, 0, 1, 3, 2, 3, 2, 3, 0,  , 1, 2, 0, 4, 0, 1, 1, 3, 1, 1, 1,  , 3, 0, 3, 0, 1, 4, 3, 3, 2, 4, 2, 2, 0, 1, 1, 4, 2, 3, 2,  , 3, 4, 0, 2, 3, 1, 2, 5, 1, 0, 1, 1, 1, 1, 3, 2, 1, 4, 2, 1, 2, 3, 1,  , 1, 1, 0, 1, 2, 2, 2,  , 5, 5, 4, 0, 3, 4, 1,  , 2, 2, 2, 3, 2, 4, 4, 4, 3, 185
D locrian (2#), 1, 0, 2, 2, 2, 4, 4, 0, 1, 3, 2, 3, 2, 3, 0,  , 1, 2, 0, 4, 0, 1, 1, 3, 1, 1, 1,  , 3, 0, 3, 0, 1, 4, 3, 3, 2, 4, 2, 2, 0, 1, 1, 4, 2, 3, 2,  , 3, 4, 0, 2, 3, 1, 2, 5, 1, 0, 1, 1, 1, 1, 3, 2, 1, 4, 2, 1, 2, 3, 1,  , 1, 1, 0, 1, 2, 2, 2,  , 5, 5, 4, 0, 3, 4, 1,  , 2, 2, 2, 3, 2, 4, 4, 4, 3, 185
Eb major (3b), 1, 0, 2, 2, 2, 4, 4, 0, 1, 3, 2, 3, 2, 3, 0,  , 1, 2, 0, 4, 0, 1, 1, 3, 1, 1, 1,  , 3, 0, 3, 0, 1, 4, 3, 3, 2, 4, 2, 2, 0, 1, 1, 4, 2, 3, 2,  , 3, 4, 0, 2, 3, 1, 2, 5, 1, 0, 1, 1, 1, 1, 3, 2, 1, 4, 2, 1, 2, 3, 1,  , 1, 1, 0, 1, 2, 2, 2,  , 5, 5, 4, 0, 3, 4, 1,  , 2, 2, 2, 3, 2, 4, 4, 4, 3, 185
A major (3#), 0, 0, 3, 1, 3, 3, 3, 0, 0, 3, 3, 2, 3, 2, 0,  , 2, 2, 1, 3, 1, 2, 0, 2, 0, 0, 0,  , 3, 0, 3, 0, 0, 3, 4, 2, 2, 3, 2, 1, 0, 1, 0, 3, 2, 2, 1,  , 4, 3, 1, 3, 2, 0, 1, 4, 0, 0, 0, 1, 1, 1, 2, 1, 0, 3, 3, 1, 1, 2, 0,  , 0, 0, 0, 1, 3, 1, 1,  , 5, 5, 3, 1, 2, 3, 1,  , 1, 2, 3, 2, 3, 3, 3, 2, 2, 152
C minor (3b), 2, 0, 3, 2, 3, 5, 3, 0, 2, 2, 3, 2, 3, 4, 1,  , 0, 1, 1, 5, 1, 2, 2, 2, 2, 1, 2,  , 2, 1, 2, 1, 2, 4, 4, 2, 3, 4, 2, 1, 1, 2, 1, 3, 3, 4, 3,  , 2, 4, 0, 3, 3, 1, 3, 4, 2, 0, 2, 1, 1, 1, 4, 3, 2, 3, 3, 1, 3, 3, 1,  , 2, 1, 1, 2, 2, 3, 2,  , 2, 2, 4, 1, 4, 2, 1,  , 3, 2, 3, 2, 3, 5, 3, 3, 4, 206
F# minor (3#), 0, 0, 4, 1, 3, 3, 2, 0, 0, 2, 4, 2, 3, 2, 0,  , 2, 1, 1, 4, 1, 2, 0, 2, 0, 0, 0,  , 2, 0, 2, 0, 0, 4, 5, 2, 3, 3, 2, 1, 0, 1, 0, 3, 3, 3, 1,  , 4, 5, 1, 2, 1, 0, 1, 5, 0, 0, 0, 1, 1, 1, 2, 1, 0, 3, 4, 1, 2, 2, 0,  , 0, 0, 0, 1, 3, 1, 1,  , 2, 2, 3, 1, 2, 1, 1,  , 1, 2, 4, 2, 3, 3, 2, 3, 2, 151
C minor mel (3b), 5, 0, 5, 4, 3, 4, 4, 0, 3, 3, 5, 4, 3, 4, 1,  , 0, 2, 1, 5, 1, 4, 3, 4, 2, 4, 2,  , 2, 1, 3, 1, 4, 5, 5, 5, 5, 2, 2, 3, 1, 2, 2, 4, 5, 5, 2,  , 3, 6, 0, 3, 4, 4, 4, 3, 2, 0, 2, 3, 1, 1, 6, 5, 5, 4, 5, 2, 6, 4, 3,  , 2, 4, 1, 2, 3, 4, 3,  , 5, 5, 1, 1, 5, 2, 1,  , 4, 2, 5, 4, 3, 4, 5, 4, 4, 285
F# minor mel (3#), 1, 0, 2, 2, 2, 4, 4, 0, 1, 3, 2, 3, 2, 3, 0,  , 1, 2, 0, 4, 0, 1, 1, 3, 1, 1, 1,  , 3, 0, 3, 0, 1, 4, 3, 3, 2, 4, 2, 2, 0, 1, 1, 4, 2, 3, 2,  , 3, 4, 0, 2, 3, 1, 2, 5, 1, 0, 1, 1, 1, 1, 3, 2, 1, 4, 2, 1, 2, 3, 1,  , 1, 1, 0, 1, 2, 2, 2,  , 5, 5, 4, 0, 3, 4, 1,  , 2, 2, 2, 3, 2, 4, 4, 4, 3, 185
Eb major blues (3b), 1, 0, 4, 4, 2, 4, 4, 0, 1, 3, 4, 5, 2, 3, 0,  , 1, 2, 0, 5, 0, 1, 1, 5, 1, 1, 1,  , 2, 0, 3, 0, 1, 5, 4, 5, 4, 4, 2, 2, 0, 1, 1, 4, 4, 4, 2,  , 4, 6, 0, 2, 2, 1, 3, 4, 1, 0, 1, 3, 1, 1, 4, 3, 1, 4, 4, 2, 3, 3, 1,  , 1, 1, 0, 1, 2, 3, 3,  , 5, 5, 4, 0, 3, 2, 1,  , 3, 2, 4, 5, 2, 4, 4, 5, 3, 220
A major blues (3#), 1, 0, 4, 4, 2, 4, 4, 0, 1, 3, 4, 5, 2, 3, 0,  , 1, 2, 0, 5, 0, 1, 1, 5, 1, 1, 1,  , 2, 0, 3, 0, 1, 5, 4, 5, 4, 4, 2, 2, 0, 1, 1, 4, 4, 4, 2,  , 4, 6, 0, 2, 2, 1, 3, 4, 1, 0, 1, 3, 1, 1, 4, 3, 1, 4, 4, 2, 3, 3, 1,  , 1, 1, 0, 1, 2, 3, 3,  , 5, 5, 4, 0, 3, 2, 1,  , 3, 2, 4, 5, 2, 4, 4, 5, 3, 220
C minor blues (3b), 1, 0, 2, 2, 2, 4, 4, 0, 1, 3, 2, 3, 2, 3, 0,  , 1, 2, 0, 4, 0, 1, 1, 3, 1, 1, 1,  , 3, 0, 3, 0, 1, 4, 3, 3, 2, 4, 2, 2, 0, 1, 1, 4, 2, 3, 2,  , 3, 4, 0, 2, 3, 1, 2, 5, 1, 0, 1, 1, 1, 1, 3, 2, 1, 4, 2, 1, 2, 3, 1,  , 1, 1, 0, 1, 2, 2, 2,  , 5, 5, 4, 0, 3, 4, 1,  , 2, 2, 2, 3, 2, 4, 4, 4, 3, 185
F# minor blues (3#), 1, 0, 4, 4, 2, 4, 4, 0, 1, 3, 4, 5, 2, 3, 0,  , 1, 2, 0, 5, 0, 1, 1, 5, 1, 1, 1,  , 2, 0, 3, 0, 1, 5, 4, 5, 4, 4, 2, 2, 0, 1, 1, 4, 4, 4, 2,  , 4, 6, 0, 2, 2, 1, 3, 4, 1, 0, 1, 3, 1, 1, 4, 3, 1, 4, 4, 2, 3, 3, 1,  , 1, 1, 0, 1, 2, 3, 3,  , 5, 5, 4, 0, 3, 2, 1,  , 3, 2, 4, 5, 2, 4, 4, 5, 3, 220
Eb dorian (3b), 1, 0, 2, 2, 2, 4, 4, 0, 1, 3, 2, 3, 2, 3, 0,  , 1, 2, 0, 4, 0, 1, 1, 3, 1, 1, 1,  , 3, 0, 3, 0, 1, 4, 3, 3, 2, 4, 2, 2, 0, 1, 1, 4, 2, 3, 2,  , 3, 4, 0, 2, 3, 1, 2, 5, 1, 0, 1, 1, 1, 1, 3, 2, 1, 4, 2, 1, 2, 3, 1,  , 1, 1, 0, 1, 2, 2, 2,  , 5, 5, 4, 0, 3, 4, 1,  , 2, 2, 2, 3, 2, 4, 4, 4, 3, 185
A dorian (3#), 1, 0, 2, 2, 2, 4, 4, 0, 1, 3, 2, 3, 2, 3, 0,  , 1, 2, 0, 4, 0, 1, 1, 3, 1, 1, 1,  , 3, 0, 3, 0, 1, 4, 3, 3, 2, 4, 2, 2, 0, 1, 1, 4, 2, 3, 2,  , 3, 4, 0, 2, 3, 1, 2, 5, 1, 0, 1, 1, 1, 1, 3, 2, 1, 4, 2, 1, 2, 3, 1,  , 1, 1, 0, 1, 2, 2, 2,  , 5, 5, 4, 0, 3, 4, 1,  , 2, 2, 2, 3, 2, 4, 4, 4, 3, 185
Eb phrygian (3b), 1, 0, 2, 2, 2, 4, 4, 0, 1, 3, 2, 3, 2, 3, 0,  , 1, 2, 0, 4, 0, 1, 1, 3, 1, 1, 1,  , 3, 0, 3, 0, 1, 4, 3, 3, 2, 4, 2, 2, 0, 1, 1, 4, 2, 3, 2,  , 3, 4, 0, 2, 3, 1, 2, 5, 1, 0, 1, 1, 1, 1, 3, 2, 1, 4, 2, 1, 2, 3, 1,  , 1, 1, 0, 1, 2, 2, 2,  , 5, 5, 4, 0, 3, 4, 1,  , 2, 2, 2, 3, 2, 4, 4, 4, 3, 185
A phrygian (3#), 1, 0, 2, 2, 2, 4, 4, 0, 1, 3, 2, 3, 2, 3, 0,  , 1, 2, 0, 4, 0, 1, 1, 3, 1, 1, 1,  , 3, 0, 3, 0, 1, 4, 3, 3, 2, 4, 2, 2, 0, 1, 1, 4, 2, 3, 2,  , 3, 4, 0, 2, 3, 1, 2, 5, 1, 0, 1, 1, 1, 1, 3, 2, 1, 4, 2, 1, 2, 3, 1,  , 1, 1, 0, 1, 2, 2, 2,  , 5, 5, 4, 0, 3, 4, 1,  , 2, 2, 2, 3, 2, 4, 4, 4, 3, 185
Eb lydian (3b), 1, 0, 2, 2, 2, 4, 4, 0, 1, 3, 2, 3, 2, 3, 0,  , 1, 2, 0, 4, 0, 1, 1, 3, 1, 1, 1,  , 3, 0, 3, 0, 1, 4, 3, 3, 2, 4, 2, 2, 0, 1, 1, 4, 2, 3, 2,  , 3, 4, 0, 2, 3, 1, 2, 5, 1, 0, 1, 1, 1, 1, 3, 2, 1, 4, 2, 1, 2, 3, 1,  , 1, 1, 0, 1, 2, 2, 2,  , 5, 5, 4, 0, 3, 4, 1,  , 2, 2, 2, 3, 2, 4, 4, 4, 3, 185
A lydian (3#), 1, 0, 2, 2, 2, 4, 4, 0, 1, 3, 2, 3, 2, 3, 0,  , 1, 2, 0, 4, 0, 1, 1, 3, 1, 1, 1,  , 3, 0, 3, 0, 1, 4, 3, 3, 2, 4, 2, 2, 0, 1, 1, 4, 2, 3, 2,  , 3, 4, 0, 2, 3, 1, 2, 5, 1, 0, 1, 1, 1, 1, 3, 2, 1, 4, 2, 1, 2, 3, 1,  , 1, 1, 0, 1, 2, 2, 2,  , 5, 5, 4, 0, 3, 4, 1,  , 2, 2, 2, 3, 2, 4, 4, 4, 3, 185
Eb mixolydian (3b), 0, 0, 3, 1, 3, 3, 3, 0, 0, 3, 3, 2, 3, 2, 0,  , 2, 2, 1, 3, 1, 2, 0, 2, 0, 0, 0,  , 3, 0, 3, 0, 0, 3, 4, 2, 2, 3, 2, 1, 0, 1, 0, 3, 2, 2, 1,  , 4, 3, 1, 3, 2, 0, 1, 4, 0, 0, 0, 1, 1, 1, 2, 1, 0, 3, 3, 1, 1, 2, 0,  , 0, 0, 0, 1, 3, 1, 1,  , 5, 5, 3, 1, 2, 3, 1,  , 1, 2, 3, 2, 3, 3, 3, 2, 2, 152
A mixolydian (3#), 2, 0, 3, 2, 3, 5, 3, 0, 2, 2, 3, 2, 3, 4, 1,  , 0, 1, 1, 5, 1, 2, 2, 2, 2, 1, 2,  , 2, 1, 2, 1, 2, 4, 4, 2, 3, 4, 2, 1, 1, 2, 1, 3, 3, 4, 3,  , 2, 4, 0, 3, 3, 1, 3, 4, 2, 0, 2, 1, 1, 1, 4, 3, 2, 3, 3, 1, 3, 3, 1,  , 2, 1, 1, 2, 2, 3, 2,  , 2, 2, 4, 1, 4, 2, 1,  , 3, 2, 3, 2, 3, 5, 3, 3, 4, 206
Eb aeolian (3b), 0, 0, 4, 1, 3, 3, 2, 0, 0, 2, 4, 2, 3, 2, 0,  , 2, 1, 1, 4, 1, 2, 0, 2, 0, 0, 0,  , 2, 0, 2, 0, 0, 4, 5, 2, 3, 3, 2, 1, 0, 1, 0, 3, 3, 3, 1,  , 4, 5, 1, 2, 1, 0, 1, 5, 0, 0, 0, 1, 1, 1, 2, 1, 0, 3, 4, 1, 2, 2, 0,  , 0, 0, 0, 1, 3, 1, 1,  , 2, 2, 3, 1, 2, 1, 1,  , 1, 2, 4, 2, 3, 3, 2, 3, 2, 151
A aeolian (3#), 5, 0, 5, 4, 3, 4, 4, 0, 3, 3, 5, 4, 3, 4, 1,  , 0, 2, 1, 5, 1, 4, 3, 4, 2, 4, 2,  , 2, 1, 3, 1, 4, 5, 5, 5, 5, 2, 2, 3, 1, 2, 2, 4, 5, 5, 2,  , 3, 6, 0, 3, 4, 4, 4, 3, 2, 0, 2, 3, 1, 1, 6, 5, 5, 4, 5, 2, 6, 4, 3,  , 2, 4, 1, 2, 3, 4, 3,  , 5, 5, 1, 1, 5, 2, 1,  , 4, 2, 5, 4, 3, 4, 5, 4, 4, 285
Eb locrian (3b), 1, 0, 2, 2, 2, 4, 4, 0, 1, 3, 2, 3, 2, 3, 0,  , 1, 2, 0, 4, 0, 1, 1, 3, 1, 1, 1,  , 3, 0, 3, 0, 1, 4, 3, 3, 2, 4, 2, 2, 0, 1, 1, 4, 2, 3, 2,  , 3, 4, 0, 2, 3, 1, 2, 5, 1, 0, 1, 1, 1, 1, 3, 2, 1, 4, 2, 1, 2, 3, 1,  , 1, 1, 0, 1, 2, 2, 2,  , 5, 5, 4, 0, 3, 4, 1,  , 2, 2, 2, 3, 2, 4, 4, 4, 3, 185
A locrian (3#), 1, 0, 4, 4, 2, 4, 4, 0, 1, 3, 4, 5, 2, 3, 0,  , 1, 2, 0, 5, 0, 1, 1, 5, 1, 1, 1,  , 2, 0, 3, 0, 1, 5, 4, 5, 4, 4, 2, 2, 0, 1, 1, 4, 4, 4, 2,  , 4, 6, 0, 2, 2, 1, 3, 4, 1, 0, 1, 3, 1, 1, 4, 3, 1, 4, 4, 2, 3, 3, 1,  , 1, 1, 0, 1, 2, 3, 3,  , 5, 5, 4, 0, 3, 2, 1,  , 3, 2, 4, 5, 2, 4, 4, 5, 3, 220
Ab major (4b), 1, 0, 4, 4, 2, 4, 4, 0, 1, 3, 4, 5, 2, 3, 0,  , 1, 2, 0, 5, 0, 1, 1, 5, 1, 1, 1,  , 2, 0, 3, 0, 1, 5, 4, 5, 4, 4, 2, 2, 0, 1, 1, 4, 4, 4, 2,  , 4, 6, 0, 2, 2, 1, 3, 4, 1, 0, 1, 3, 1, 1, 4, 3, 1, 4, 4, 2, 3, 3, 1,  , 1, 1, 0, 1, 2, 3, 3,  , 5, 5, 4, 0, 3, 2, 1,  , 3, 2, 4, 5, 2, 4, 4, 5, 3, 220
E major (4#), 1, 0, 2, 2, 2, 4, 4, 0, 1, 3, 2, 3, 2, 3, 0,  , 1, 2, 0, 4, 0, 1, 1, 3, 1, 1, 1,  , 3, 0, 3, 0, 1, 4, 3, 3, 2, 4, 2, 2, 0, 1, 1, 4, 2, 3, 2,  , 3, 4, 0, 2, 3, 1, 2, 5, 1, 0, 1, 1, 1, 1, 3, 2, 1, 4, 2, 1, 2, 3, 1,  , 1, 1, 0, 1, 2, 2, 2,  , 5, 5, 4, 0, 3, 4, 1,  , 2, 2, 2, 3, 2, 4, 4, 4, 3, 185
F minor (4b), 1, 0, 4, 4, 2, 4, 4, 0, 1, 3, 4, 5, 2, 3, 0,  , 1, 2, 0, 5, 0, 1, 1, 5, 1, 1, 1,  , 2, 0, 3, 0, 1, 5, 4, 5, 4, 4, 2, 2, 0, 1, 1, 4, 4, 4, 2,  , 4, 6, 0, 2, 2, 1, 3, 4, 1, 0, 1, 3, 1, 1, 4, 3, 1, 4, 4, 2, 3, 3, 1,  , 1, 1, 0, 1, 2, 3, 3,  , 5, 5, 4, 0, 3, 2, 1,  , 3, 2, 4, 5, 2, 4, 4, 5, 3, 220
C# minor (4#), 1, 0, 2, 2, 2, 4, 4, 0, 1, 3, 2, 3, 2, 3, 0,  , 1, 2, 0, 4, 0, 1, 1, 3, 1, 1, 1,  , 3, 0, 3, 0, 1, 4, 3, 3, 2, 4, 2, 2, 0, 1, 1, 4, 2, 3, 2,  , 3, 4, 0, 2, 3, 1, 2, 5, 1, 0, 1, 1, 1, 1, 3, 2, 1, 4, 2, 1, 2, 3, 1,  , 1, 1, 0, 1, 2, 2, 2,  , 5, 5, 4, 0, 3, 4, 1,  , 2, 2, 2, 3, 2, 4, 4, 4, 3, 185
F minor mel (4b), 1, 0, 2, 2, 2, 4, 4, 0, 1, 3, 2, 3, 2, 3, 0,  , 1, 2, 0, 4, 0, 1, 1, 3, 1, 1, 1,  , 3, 0, 3, 0, 1, 4, 3, 3, 2, 4, 2, 2, 0, 1, 1, 4, 2, 3, 2,  , 3, 4, 0, 2, 3, 1, 2, 5, 1, 0, 1, 1, 1, 1, 3, 2, 1, 4, 2, 1, 2, 3, 1,  , 1, 1, 0, 1, 2, 2, 2,  , 5, 5, 4, 0, 3, 4, 1,  , 2, 2, 2, 3, 2, 4, 4, 4, 3, 185
C# minor mel (4#), 1, 0, 2, 2, 2, 4, 4, 0, 1, 3, 2, 3, 2, 3, 0,  , 1, 2, 0, 4, 0, 1, 1, 3, 1, 1, 1,  , 3, 0, 3, 0, 1, 4, 3, 3, 2, 4, 2, 2, 0, 1, 1, 4, 2, 3, 2,  , 3, 4, 0, 2, 3, 1, 2, 5, 1, 0, 1, 1, 1, 1, 3, 2, 1, 4, 2, 1, 2, 3, 1,  , 1, 1, 0, 1, 2, 2, 2,  , 5, 5, 4, 0, 3, 4, 1,  , 2, 2, 2, 3, 2, 4, 4, 4, 3, 185
Ab major blues (4b), 1, 0, 2, 2, 2, 4, 4, 0, 1, 3, 2, 3, 2, 3, 0,  , 1, 2, 0, 4, 0, 1, 1, 3, 1, 1, 1,  , 3, 0, 3, 0, 1, 4, 3, 3, 2, 4, 2, 2, 0, 1, 1, 4, 2, 3, 2,  , 3, 4, 0, 2, 3, 1, 2, 5, 1, 0, 1, 1, 1, 1, 3, 2, 1, 4, 2, 1, 2, 3, 1,  , 1, 1, 0, 1, 2, 2, 2,  , 5, 5, 4, 0, 3, 4, 1,  , 2, 2, 2, 3, 2, 4, 4, 4, 3, 185
E major blues (4#), 1, 0, 2, 2, 2, 4, 4, 0, 1, 3, 2, 3, 2, 3, 0,  , 1, 2, 0, 4, 0, 1, 1, 3, 1, 1, 1,  , 3, 0, 3, 0, 1, 4, 3, 3, 2, 4, 2, 2, 0, 1, 1, 4, 2, 3, 2,  , 3, 4, 0, 2, 3, 1, 2, 5, 1, 0, 1, 1, 1, 1, 3, 2, 1, 4, 2, 1, 2, 3, 1,  , 1, 1, 0, 1, 2, 2, 2,  , 5, 5, 4, 0, 3, 4, 1,  , 2, 2, 2, 3, 2, 4, 4, 4, 3, 185
F minor blues (4b), 1, 0, 2, 2, 2, 4, 4, 0, 1, 3, 2, 3, 2, 3, 0,  , 1, 2, 0, 4, 0, 1, 1, 3, 1, 1, 1,  , 3, 0, 3, 0, 1, 4, 3, 3, 2, 4, 2, 2, 0, 1, 1, 4, 2, 3, 2,  , 3, 4, 0, 2, 3, 1, 2, 5, 1, 0, 1, 1, 1, 1, 3, 2, 1, 4, 2, 1, 2, 3, 1,  , 1, 1, 0, 1, 2, 2, 2,  , 5, 5, 4, 0, 3, 4, 1,  , 2, 2, 2, 3, 2, 4, 4, 4, 3, 185
C# minor blues (4#), 0, 0, 3, 1, 3, 3, 3, 0, 0, 3, 3, 2, 3, 2, 0,  , 2, 2, 1, 3, 1, 2, 0, 2, 0, 0, 0,  , 3, 0, 3, 0, 0, 3, 4, 2, 2, 3, 2, 1, 0, 1, 0, 3, 2, 2, 1,  , 4, 3, 1, 3, 2, 0, 1, 4, 0, 0, 0, 1, 1, 1, 2, 1, 0, 3, 3, 1, 1, 2, 0,  , 0, 0, 0, 1, 3, 1, 1,  , 5, 5, 3, 1, 2, 3, 1,  , 1, 2, 3, 2, 3, 3, 3, 2, 2, 152
Ab dorian (4b), 2, 0, 3, 2, 3, 5, 3, 0, 2, 2, 3, 2, 3, 4, 1,  , 0, 1, 1, 5, 1, 2, 2, 2, 2, 1, 2,  , 2, 1, 2, 1, 2, 4, 4, 2, 3, 4, 2, 1, 1, 2, 1, 3, 3, 4, 3,  , 2, 4, 0, 3, 3, 1, 3, 4, 2, 0, 2, 1, 1, 1, 4, 3, 2, 3, 3, 1, 3, 3, 1,  , 2, 1, 1, 2, 2, 3, 2,  , 2, 2, 4, 1, 4, 2, 1,  , 3, 2, 3, 2, 3, 5, 3, 3, 4, 206
E dorian (4#), 0, 0, 4, 1, 3, 3, 2, 0, 0, 2, 4, 2, 3, 2, 0,  , 2, 1, 1, 4, 1, 2, 0, 2, 0, 0, 0,  , 2, 0, 2, 0, 0, 4, 5, 2, 3, 3, 2, 1, 0, 1, 0, 3, 3, 3, 1,  , 4, 5, 1, 2, 1, 0, 1, 5, 0, 0, 0, 1, 1, 1, 2, 1, 0, 3, 4, 1, 2, 2, 0,  , 0, 0, 0, 1, 3, 1, 1,  , 2, 2, 3, 1, 2, 1, 1,  , 1, 2, 4, 2, 3, 3, 2, 3, 2, 151
Ab phrygian (4b), 5, 0, 5, 4, 3, 4, 4, 0, 3, 3, 5, 4, 3, 4, 1,  , 0, 2, 1, 5, 1, 4, 3, 4, 2, 4, 2,  , 2, 1, 3, 1, 4, 5, 5, 5, 5, 2, 2, 3, 1, 2, 2, 4, 5, 5, 2,  , 3, 6, 0, 3, 4, 4, 4, 3, 2, 0, 2, 3, 1, 1, 6, 5, 5, 4, 5, 2, 6, 4, 3,  , 2, 4, 1, 2, 3, 4, 3,  , 5, 5, 1, 1, 5, 2, 1,  , 4, 2, 5, 4, 3, 4, 5, 4, 4, 285
E phrygian (4#), 1, 0, 2, 2, 2, 4, 4, 0, 1, 3, 2, 3, 2, 3, 0,  , 1, 2, 0, 4, 0, 1, 1, 3, 1, 1, 1,  , 3, 0, 3, 0, 1, 4, 3, 3, 2, 4, 2, 2, 0, 1, 1, 4, 2, 3, 2,  , 3, 4, 0, 2, 3, 1, 2, 5, 1, 0, 1, 1, 1, 1, 3, 2, 1, 4, 2, 1, 2, 3, 1,  , 1, 1, 0, 1, 2, 2, 2,  , 5, 5, 4, 0, 3, 4, 1,  , 2, 2, 2, 3, 2, 4, 4, 4, 3, 185
Ab lydian (4b), 1, 0, 4, 4, 2, 4, 4, 0, 1, 3, 4, 5, 2, 3, 0,  , 1, 2, 0, 5, 0, 1, 1, 5, 1, 1, 1,  , 2, 0, 3, 0, 1, 5, 4, 5, 4, 4, 2, 2, 0, 1, 1, 4, 4, 4, 2,  , 4, 6, 0, 2, 2, 1, 3, 4, 1, 0, 1, 3, 1, 1, 4, 3, 1, 4, 4, 2, 3, 3, 1,  , 1, 1, 0, 1, 2, 3, 3,  , 5, 5, 4, 0, 3, 2, 1,  , 3, 2, 4, 5, 2, 4, 4, 5, 3, 220
E lydian (4#), 1, 0, 4, 4, 2, 4, 4, 0, 1, 3, 4, 5, 2, 3, 0,  , 1, 2, 0, 5, 0, 1, 1, 5, 1, 1, 1,  , 2, 0, 3, 0, 1, 5, 4, 5, 4, 4, 2, 2, 0, 1, 1, 4, 4, 4, 2,  , 4, 6, 0, 2, 2, 1, 3, 4, 1, 0, 1, 3, 1, 1, 4, 3, 1, 4, 4, 2, 3, 3, 1,  , 1, 1, 0, 1, 2, 3, 3,  , 5, 5, 4, 0, 3, 2, 1,  , 3, 2, 4, 5, 2, 4, 4, 5, 3, 220
Ab mixolydian (4b), 1, 0, 2, 2, 2, 4, 4, 0, 1, 3, 2, 3, 2, 3, 0,  , 1, 2, 0, 4, 0, 1, 1, 3, 1, 1, 1,  , 3, 0, 3, 0, 1, 4, 3, 3, 2, 4, 2, 2, 0, 1, 1, 4, 2, 3, 2,  , 3, 4, 0, 2, 3, 1, 2, 5, 1, 0, 1, 1, 1, 1, 3, 2, 1, 4, 2, 1, 2, 3, 1,  , 1, 1, 0, 1, 2, 2, 2,  , 5, 5, 4, 0, 3, 4, 1,  , 2, 2, 2, 3, 2, 4, 4, 4, 3, 185
E mixolydian (4#), 1, 0, 4, 4, 2, 4, 4, 0, 1, 3, 4, 5, 2, 3, 0,  , 1, 2, 0, 5, 0, 1, 1, 5, 1, 1, 1,  , 2, 0, 3, 0, 1, 5, 4, 5, 4, 4, 2, 2, 0, 1, 1, 4, 4, 4, 2,  , 4, 6, 0, 2, 2, 1, 3, 4, 1, 0, 1, 3, 1, 1, 4, 3, 1, 4, 4, 2, 3, 3, 1,  , 1, 1, 0, 1, 2, 3, 3,  , 5, 5, 4, 0, 3, 2, 1,  , 3, 2, 4, 5, 2, 4, 4, 5, 3, 220
Ab aeolian (4b), 1, 0, 2, 2, 2, 4, 4, 0, 1, 3, 2, 3, 2, 3, 0,  , 1, 2, 0, 4, 0, 1, 1, 3, 1, 1, 1,  , 3, 0, 3, 0, 1, 4, 3, 3, 2, 4, 2, 2, 0, 1, 1, 4, 2, 3, 2,  , 3, 4, 0, 2, 3, 1, 2, 5, 1, 0, 1, 1, 1, 1, 3, 2, 1, 4, 2, 1, 2, 3, 1,  , 1, 1, 0, 1, 2, 2, 2,  , 5, 5, 4, 0, 3, 4, 1,  , 2, 2, 2, 3, 2, 4, 4, 4, 3, 185
E aeolian (4#), 1, 0, 2, 2, 2, 4, 4, 0, 1, 3, 2, 3, 2, 3, 0,  , 1, 2, 0, 4, 0, 1, 1, 3, 1, 1, 1,  , 3, 0, 3, 0, 1, 4, 3, 3, 2, 4, 2, 2, 0, 1, 1, 4, 2, 3, 2,  , 3, 4, 0, 2, 3, 1, 2, 5, 1, 0, 1, 1, 1, 1, 3, 2, 1, 4, 2, 1, 2, 3, 1,  , 1, 1, 0, 1, 2, 2, 2,  , 5, 5, 4, 0, 3, 4, 1,  , 2, 2, 2, 3, 2, 4, 4, 4, 3, 185
Ab locrian (4b), 1, 0, 2, 2, 2, 4, 4, 0, 1, 3, 2, 3, 2, 3, 0,  , 1, 2, 0, 4, 0, 1, 1, 3, 1, 1, 1,  , 3, 0, 3, 0, 1, 4, 3, 3, 2, 4, 2, 2, 0, 1, 1, 4, 2, 3, 2,  , 3, 4, 0, 2, 3, 1, 2, 5, 1, 0, 1, 1, 1, 1, 3, 2, 1, 4, 2, 1, 2, 3, 1,  , 1, 1, 0, 1, 2, 2, 2,  , 5, 5, 4, 0, 3, 4, 1,  , 2, 2, 2, 3, 2, 4, 4, 4, 3, 185
E locrian (4#), 1, 0, 2, 2, 2, 4, 4, 0, 1, 3, 2, 3, 2, 3, 0,  , 1, 2, 0, 4, 0, 1, 1, 3, 1, 1, 1,  , 3, 0, 3, 0, 1, 4, 3, 3, 2, 4, 2, 2, 0, 1, 1, 4, 2, 3, 2,  , 3, 4, 0, 2, 3, 1, 2, 5, 1, 0, 1, 1, 1, 1, 3, 2, 1, 4, 2, 1, 2, 3, 1,  , 1, 1, 0, 1, 2, 2, 2,  , 5, 5, 4, 0, 3, 4, 1,  , 2, 2, 2, 3, 2, 4, 4, 4, 3, 185
Db major (5b), 1, 0, 2, 2, 2, 4, 4, 0, 1, 3, 2, 3, 2, 3, 0,  , 1, 2, 0, 4, 0, 1, 1, 3, 1, 1, 1,  , 3, 0, 3, 0, 1, 4, 3, 3, 2, 4, 2, 2, 0, 1, 1, 4, 2, 3, 2,  , 3, 4, 0, 2, 3, 1, 2, 5, 1, 0, 1, 1, 1, 1, 3, 2, 1, 4, 2, 1, 2, 3, 1,  , 1, 1, 0, 1, 2, 2, 2,  , 5, 5, 4, 0, 3, 4, 1,  , 2, 2, 2, 3, 2, 4, 4, 4, 3, 185
B major (5#), 1, 0, 2, 2, 2, 4, 4, 0, 1, 3, 2, 3, 2, 3, 0,  , 1, 2, 0, 4, 0, 1, 1, 3, 1, 1, 1,  , 3, 0, 3, 0, 1, 4, 3, 3, 2, 4, 2, 2, 0, 1, 1, 4, 2, 3, 2,  , 3, 4, 0, 2, 3, 1, 2, 5, 1, 0, 1, 1, 1, 1, 3, 2, 1, 4, 2, 1, 2, 3, 1,  , 1, 1, 0, 1, 2, 2, 2,  , 5, 5, 4, 0, 3, 4, 1,  , 2, 2, 2, 3, 2, 4, 4, 4, 3, 185
Bb minor (5b), 0, 0, 3, 1, 3, 3, 3, 0, 0, 3, 3, 2, 3, 2, 0,  , 2, 2, 1, 3, 1, 2, 0, 2, 0, 0, 0,  , 3, 0, 3, 0, 0, 3, 4, 2, 2, 3, 2, 1, 0, 1, 0, 3, 2, 2, 1,  , 4, 3, 1, 3, 2, 0, 1, 4, 0, 0, 0, 1, 1, 1, 2, 1, 0, 3, 3, 1, 1, 2, 0,  , 0, 0, 0, 1, 3, 1, 1,  , 5, 5, 3, 1, 2, 3, 1,  , 1, 2, 3, 2, 3, 3, 3, 2, 2, 152
G# minor (5#), 2, 0, 3, 2, 3, 5, 3, 0, 2, 2, 3, 2, 3, 4, 1,  , 0, 1, 1, 5, 1, 2, 2, 2, 2, 1, 2,  , 2, 1, 2, 1, 2, 4, 4, 2, 3, 4, 2, 1, 1, 2, 1, 3, 3, 4, 3,  , 2, 4, 0, 3, 3, 1, 3, 4, 2, 0, 2, 1, 1, 1, 4, 3, 2, 3, 3, 1, 3, 3, 1,  , 2, 1, 1, 2, 2, 3, 2,  , 2, 2, 4, 1, 4, 2, 1,  , 3, 2, 3, 2, 3, 5, 3, 3, 4, 206
Bb minor mel (5b), 0, 0, 4, 1, 3, 3, 2, 0, 0, 2, 4, 2, 3, 2, 0,  , 2, 1, 1, 4, 1, 2, 0, 2, 0, 0, 0,  , 2, 0, 2, 0, 0, 4, 5, 2, 3, 3, 2, 1, 0, 1, 0, 3, 3, 3, 1,  , 4, 5, 1, 2, 1, 0, 1, 5, 0, 0, 0, 1, 1, 1, 2, 1, 0, 3, 4, 1, 2, 2, 0,  , 0, 0, 0, 1, 3, 1, 1,  , 2, 2, 3, 1, 2, 1, 1,  , 1, 2, 4, 2, 3, 3, 2, 3, 2, 151
G# minor mel (5#), 5, 0, 5, 4, 3, 4, 4, 0, 3, 3, 5, 4, 3, 4, 1,  , 0, 2, 1, 5, 1, 4, 3, 4, 2, 4, 2,  , 2, 1, 3, 1, 4, 5, 5, 5, 5, 2, 2, 3, 1, 2, 2, 4, 5, 5, 2,  , 3, 6, 0, 3, 4, 4, 4, 3, 2, 0, 2, 3, 1, 1, 6, 5, 5, 4, 5, 2, 6, 4, 3,  , 2, 4, 1, 2, 3, 4, 3,  , 5, 5, 1, 1, 5, 2, 1,  , 4, 2, 5, 4, 3, 4, 5, 4, 4, 285
Db major blues (5b), 1, 0, 2, 2, 2, 4, 4, 0, 1, 3, 2, 3, 2, 3, 0,  , 1, 2, 0, 4, 0, 1, 1, 3, 1, 1, 1,  , 3, 0, 3, 0, 1, 4, 3, 3, 2, 4, 2, 2, 0, 1, 1, 4, 2, 3, 2,  , 3, 4, 0, 2, 3, 1, 2, 5, 1, 0, 1, 1, 1, 1, 3, 2, 1, 4, 2, 1, 2, 3, 1,  , 1, 1, 0, 1, 2, 2, 2,  , 5, 5, 4, 0, 3, 4, 1,  , 2, 2, 2, 3, 2, 4, 4, 4, 3, 185
B major blues (5#), 1, 0, 4, 4, 2, 4, 4, 0, 1, 3, 4, 5, 2, 3, 0,  , 1, 2, 0, 5, 0, 1, 1, 5, 1, 1, 1,  , 2, 0, 3, 0, 1, 5, 4, 5, 4, 4, 2, 2, 0, 1, 1, 4, 4, 4, 2,  , 4, 6, 0, 2, 2, 1, 3, 4, 1, 0, 1, 3, 1, 1, 4, 3, 1, 4, 4, 2, 3, 3, 1,  , 1, 1, 0, 1, 2, 3, 3,  , 5, 5, 4, 0, 3, 2, 1,  , 3, 2, 4, 5, 2, 4, 4, 5, 3, 220
Bb minor blues (5b), 1, 0, 4, 4, 2, 4, 4, 0, 1, 3, 4, 5, 2, 3, 0,  , 1, 2, 0, 5, 0, 1, 1, 5, 1, 1, 1,  , 2, 0, 3, 0, 1, 5, 4, 5, 4, 4, 2, 2, 0, 1, 1, 4, 4, 4, 2,  , 4, 6, 0, 2, 2, 1, 3, 4, 1, 0, 1, 3, 1, 1, 4, 3, 1, 4, 4, 2, 3, 3, 1,  , 1, 1, 0, 1, 2, 3, 3,  , 5, 5, 4, 0, 3, 2, 1,  , 3, 2, 4, 5, 2, 4, 4, 5, 3, 220
G# minor blues (5#), 1, 0, 2, 2, 2, 4, 4, 0, 1, 3, 2, 3, 2, 3, 0,  , 1, 2, 0, 4, 0, 1, 1, 3, 1, 1, 1,  , 3, 0, 3, 0, 1, 4, 3, 3, 2, 4, 2, 2, 0, 1, 1, 4, 2, 3, 2,  , 3, 4, 0, 2, 3, 1, 2, 5, 1, 0, 1, 1, 1, 1, 3, 2, 1, 4, 2, 1, 2, 3, 1,  , 1, 1, 0, 1, 2, 2, 2,  , 5, 5, 4, 0, 3, 4, 1,  , 2, 2, 2, 3, 2, 4, 4, 4, 3, 185
Db dorian (5b), 1, 0, 4, 4, 2, 4, 4, 0, 1, 3, 4, 5, 2, 3, 0,  , 1, 2, 0, 5, 0, 1, 1, 5, 1, 1, 1,  , 2, 0, 3, 0, 1, 5, 4, 5, 4, 4, 2, 2, 0, 1, 1, 4, 4, 4, 2,  , 4, 6, 0, 2, 2, 1, 3, 4, 1, 0, 1, 3, 1, 1, 4, 3, 1, 4, 4, 2, 3, 3, 1,  , 1, 1, 0, 1, 2, 3, 3,  , 5, 5, 4, 0, 3, 2, 1,  , 3, 2, 4, 5, 2, 4, 4, 5, 3, 220
B dorian (5#), 1, 0, 2, 2, 2, 4, 4, 0, 1, 3, 2, 3, 2, 3, 0,  , 1, 2, 0, 4, 0, 1, 1, 3, 1, 1, 1,  , 3, 0, 3, 0, 1, 4, 3, 3, 2, 4, 2, 2, 0, 1, 1, 4, 2, 3, 2,  , 3, 4, 0, 2, 3, 1, 2, 5, 1, 0, 1, 1, 1, 1, 3, 2, 1, 4, 2, 1, 2, 3, 1,  , 1, 1, 0, 1, 2, 2, 2,  , 5, 5, 4, 0, 3, 4, 1,  , 2, 2, 2, 3, 2, 4, 4, 4, 3, 185
Db phrygian (5b), 1, 0, 2, 2, 2, 4, 4, 0, 1, 3, 2, 3, 2, 3, 0,  , 1, 2, 0, 4, 0, 1, 1, 3, 1, 1, 1,  , 3, 0, 3, 0, 1, 4, 3, 3, 2, 4, 2, 2, 0, 1, 1, 4, 2, 3, 2,  , 3, 4, 0, 2, 3, 1, 2, 5, 1, 0, 1, 1, 1, 1, 3, 2, 1, 4, 2, 1, 2, 3, 1,  , 1, 1, 0, 1, 2, 2, 2,  , 5, 5, 4, 0, 3, 4, 1,  , 2, 2, 2, 3, 2, 4, 4, 4, 3, 185
B phrygian (5#), 1, 0, 2, 2, 2, 4, 4, 0, 1, 3, 2, 3, 2, 3, 0,  , 1, 2, 0, 4, 0, 1, 1, 3, 1, 1, 1,  , 3, 0, 3, 0, 1, 4, 3, 3, 2, 4, 2, 2, 0, 1, 1, 4, 2, 3, 2,  , 3, 4, 0, 2, 3, 1, 2, 5, 1, 0, 1, 1, 1, 1, 3, 2, 1, 4, 2, 1, 2, 3, 1,  , 1, 1, 0, 1, 2, 2, 2,  , 5, 5, 4, 0, 3, 4, 1,  , 2, 2, 2, 3, 2, 4, 4, 4, 3, 185
Db lydian (5b), 1, 0, 2, 2, 2, 4, 4, 0, 1, 3, 2, 3, 2, 3, 0,  , 1, 2, 0, 4, 0, 1, 1, 3, 1, 1, 1,  , 3, 0, 3, 0, 1, 4, 3, 3, 2, 4, 2, 2, 0, 1, 1, 4, 2, 3, 2,  , 3, 4, 0, 2, 3, 1, 2, 5, 1, 0, 1, 1, 1, 1, 3, 2, 1, 4, 2, 1, 2, 3, 1,  , 1, 1, 0, 1, 2, 2, 2,  , 5, 5, 4, 0, 3, 4, 1,  , 2, 2, 2, 3, 2, 4, 4, 4, 3, 185
B lydian (5#), 1, 0, 2, 2, 2, 4, 4, 0, 1, 3, 2, 3, 2, 3, 0,  , 1, 2, 0, 4, 0, 1, 1, 3, 1, 1, 1,  , 3, 0, 3, 0, 1, 4, 3, 3, 2, 4, 2, 2, 0, 1, 1, 4, 2, 3, 2,  , 3, 4, 0, 2, 3, 1, 2, 5, 1, 0, 1, 1, 1, 1, 3, 2, 1, 4, 2, 1, 2, 3, 1,  , 1, 1, 0, 1, 2, 2, 2,  , 5, 5, 4, 0, 3, 4, 1,  , 2, 2, 2, 3, 2, 4, 4, 4, 3, 185
Db mixolydian (5b), 1, 0, 2, 2, 2, 4, 4, 0, 1, 3, 2, 3, 2, 3, 0,  , 1, 2, 0, 4, 0, 1, 1, 3, 1, 1, 1,  , 3, 0, 3, 0, 1, 4, 3, 3, 2, 4, 2, 2, 0, 1, 1, 4, 2, 3, 2,  , 3, 4, 0, 2, 3, 1, 2, 5, 1, 0, 1, 1, 1, 1, 3, 2, 1, 4, 2, 1, 2, 3, 1,  , 1, 1, 0, 1, 2, 2, 2,  , 5, 5, 4, 0, 3, 4, 1,  , 2, 2, 2, 3, 2, 4, 4, 4, 3, 185
B mixolydian (5#), 0, 0, 3, 1, 3, 3, 3, 0, 0, 3, 3, 2, 3, 2, 0,  , 2, 2, 1, 3, 1, 2, 0, 2, 0, 0, 0,  , 3, 0, 3, 0, 0, 3, 4, 2, 2, 3, 2, 1, 0, 1, 0, 3, 2, 2, 1,  , 4, 3, 1, 3, 2, 0, 1, 4, 0, 0, 0, 1, 1, 1, 2, 1, 0, 3, 3, 1, 1, 2, 0,  , 0, 0, 0, 1, 3, 1, 1,  , 5, 5, 3, 1, 2, 3, 1,  , 1, 2, 3, 2, 3, 3, 3, 2, 2, 152
Db aeolian (5b), 2, 0, 3, 2, 3, 5, 3, 0, 2, 2, 3, 2, 3, 4, 1,  , 0, 1, 1, 5, 1, 2, 2, 2, 2, 1, 2,  , 2, 1, 2, 1, 2, 4, 4, 2, 3, 4, 2, 1, 1, 2, 1, 3, 3, 4, 3,  , 2, 4, 0, 3, 3, 1, 3, 4, 2, 0, 2, 1, 1, 1, 4, 3, 2, 3, 3, 1, 3, 3, 1,  , 2, 1, 1, 2, 2, 3, 2,  , 2, 2, 4, 1, 4, 2, 1,  , 3, 2, 3, 2, 3, 5, 3, 3, 4, 206
B aeolian (5#), 0, 0, 4, 1, 3, 3, 2, 0, 0, 2, 4, 2, 3, 2, 0,  , 2, 1, 1, 4, 1, 2, 0, 2, 0, 0, 0,  , 2, 0, 2, 0, 0, 4, 5, 2, 3, 3, 2, 1, 0, 1, 0, 3, 3, 3, 1,  , 4, 5, 1, 2, 1, 0, 1, 5, 0, 0, 0, 1, 1, 1, 2, 1, 0, 3, 4, 1, 2, 2, 0,  , 0, 0, 0, 1, 3, 1, 1,  , 2, 2, 3, 1, 2, 1, 1,  , 1, 2, 4, 2, 3, 3, 2, 3, 2, 151
Db locrian (5b), 5, 0, 5, 4, 3, 4, 4, 0, 3, 3, 5, 4, 3, 4, 1,  , 0, 2, 1, 5, 1, 4, 3, 4, 2, 4, 2,  , 2, 1, 3, 1, 4, 5, 5, 5, 5, 2, 2, 3, 1, 2, 2, 4, 5, 5, 2,  , 3, 6, 0, 3, 4, 4, 4, 3, 2, 0, 2, 3, 1, 1, 6, 5, 5, 4, 5, 2, 6, 4, 3,  , 2, 4, 1, 2, 3, 4, 3,  , 5, 5, 1, 1, 5, 2, 1,  , 4, 2, 5, 4, 3, 4, 5, 4, 4, 285
B locrian (5#), 1, 0, 2, 2, 2, 4, 4, 0, 1, 3, 2, 3, 2, 3, 0,  , 1, 2, 0, 4, 0, 1, 1, 3, 1, 1, 1,  , 3, 0, 3, 0, 1, 4, 3, 3, 2, 4, 2, 2, 0, 1, 1, 4, 2, 3, 2,  , 3, 4, 0, 2, 3, 1, 2, 5, 1, 0, 1, 1, 1, 1, 3, 2, 1, 4, 2, 1, 2, 3, 1,  , 1, 1, 0, 1, 2, 2, 2,  , 5, 5, 4, 0, 3, 4, 1,  , 2, 2, 2, 3, 2, 4, 4, 4, 3, 185
Gb major (6b), 1, 0, 4, 4, 2, 4, 4, 0, 1, 3, 4, 5, 2, 3, 0,  , 1, 2, 0, 5, 0, 1, 1, 5, 1, 1, 1,  , 2, 0, 3, 0, 1, 5, 4, 5, 4, 4, 2, 2, 0, 1, 1, 4, 4, 4, 2,  , 4, 6, 0, 2, 2, 1, 3, 4, 1, 0, 1, 3, 1, 1, 4, 3, 1, 4, 4, 2, 3, 3, 1,  , 1, 1, 0, 1, 2, 3, 3,  , 5, 5, 4, 0, 3, 2, 1,  , 3, 2, 4, 5, 2, 4, 4, 5, 3, 220
F# major (6#), 1, 0, 4, 4, 2, 4, 4, 0, 1, 3, 4, 5, 2, 3, 0,  , 1, 2, 0, 5, 0, 1, 1, 5, 1, 1, 1,  , 2, 0, 3, 0, 1, 5, 4, 5, 4, 4, 2, 2, 0, 1, 1, 4, 4, 4, 2,  , 4, 6, 0, 2, 2, 1, 3, 4, 1, 0, 1, 3, 1, 1, 4, 3, 1, 4, 4, 2, 3, 3, 1,  , 1, 1, 0, 1, 2, 3, 3,  , 5, 5, 4, 0, 3, 2, 1,  , 3, 2, 4, 5, 2, 4, 4, 5, 3, 220
Eb minor (6b), 1, 0, 2, 2, 2, 4, 4, 0, 1, 3, 2, 3, 2, 3, 0,  , 1, 2, 0, 4, 0, 1, 1, 3, 1, 1, 1,  , 3, 0, 3, 0, 1, 4, 3, 3, 2, 4, 2, 2, 0, 1, 1, 4, 2, 3, 2,  , 3, 4, 0, 2, 3, 1, 2, 5, 1, 0, 1, 1, 1, 1, 3, 2, 1, 4, 2, 1, 2, 3, 1,  , 1, 1, 0, 1, 2, 2, 2,  , 5, 5, 4, 0, 3, 4, 1,  , 2, 2, 2, 3, 2, 4, 4, 4, 3, 185
D# minor (6#), 1, 0, 4, 4, 2, 4, 4, 0, 1, 3, 4, 5, 2, 3, 0,  , 1, 2, 0, 5, 0, 1, 1, 5, 1, 1, 1,  , 2, 0, 3, 0, 1, 5, 4, 5, 4, 4, 2, 2, 0, 1, 1, 4, 4, 4, 2,  , 4, 6, 0, 2, 2, 1, 3, 4, 1, 0, 1, 3, 1, 1, 4, 3, 1, 4, 4, 2, 3, 3, 1,  , 1, 1, 0, 1, 2, 3, 3,  , 5, 5, 4, 0, 3, 2, 1,  , 3, 2, 4, 5, 2, 4, 4, 5, 3, 220
Eb minor mel (6b), 1, 0, 2, 2, 2, 4, 4, 0, 1, 3, 2, 3, 2, 3, 0,  , 1, 2, 0, 4, 0, 1, 1, 3, 1, 1, 1,  , 3, 0, 3, 0, 1, 4, 3, 3, 2, 4, 2, 2, 0, 1, 1, 4, 2, 3, 2,  , 3, 4, 0, 2, 3, 1, 2, 5, 1, 0, 1, 1, 1, 1, 3, 2, 1, 4, 2, 1, 2, 3, 1,  , 1, 1, 0, 1, 2, 2, 2,  , 5, 5, 4, 0, 3, 4, 1,  , 2, 2, 2, 3, 2, 4, 4, 4, 3, 185
D# minor mel (6#), 1, 0, 2, 2, 2, 4, 4, 0, 1, 3, 2, 3, 2, 3, 0,  , 1, 2, 0, 4, 0, 1, 1, 3, 1, 1, 1,  , 3, 0, 3, 0, 1, 4, 3, 3, 2, 4, 2, 2, 0, 1, 1, 4, 2, 3, 2,  , 3, 4, 0, 2, 3, 1, 2, 5, 1, 0, 1, 1, 1, 1, 3, 2, 1, 4, 2, 1, 2, 3, 1,  , 1, 1, 0, 1, 2, 2, 2,  , 5, 5, 4, 0, 3, 4, 1,  , 2, 2, 2, 3, 2, 4, 4, 4, 3, 185
Gb major blues (6b), 1, 0, 2, 2, 2, 4, 4, 0, 1, 3, 2, 3, 2, 3, 0,  , 1, 2, 0, 4, 0, 1, 1, 3, 1, 1, 1,  , 3, 0, 3, 0, 1, 4, 3, 3, 2, 4, 2, 2, 0, 1, 1, 4, 2, 3, 2,  , 3, 4, 0, 2, 3, 1, 2, 5, 1, 0, 1, 1, 1, 1, 3, 2, 1, 4, 2, 1, 2, 3, 1,  , 1, 1, 0, 1, 2, 2, 2,  , 5, 5, 4, 0, 3, 4, 1,  , 2, 2, 2, 3, 2, 4, 4, 4, 3, 185
F# major blues (6#), 1, 0, 2, 2, 2, 4, 4, 0, 1, 3, 2, 3, 2, 3, 0,  , 1, 2, 0, 4, 0, 1, 1, 3, 1, 1, 1,  , 3, 0, 3, 0, 1, 4, 3, 3, 2, 4, 2, 2, 0, 1, 1, 4, 2, 3, 2,  , 3, 4, 0, 2, 3, 1, 2, 5, 1, 0, 1, 1, 1, 1, 3, 2, 1, 4, 2, 1, 2, 3, 1,  , 1, 1, 0, 1, 2, 2, 2,  , 5, 5, 4, 0, 3, 4, 1,  , 2, 2, 2, 3, 2, 4, 4, 4, 3, 185
Eb minor blues (6b), 1, 0, 2, 2, 2, 4, 4, 0, 1, 3, 2, 3, 2, 3, 0,  , 1, 2, 0, 4, 0, 1, 1, 3, 1, 1, 1,  , 3, 0, 3, 0, 1, 4, 3, 3, 2, 4, 2, 2, 0, 1, 1, 4, 2, 3, 2,  , 3, 4, 0, 2, 3, 1, 2, 5, 1, 0, 1, 1, 1, 1, 3, 2, 1, 4, 2, 1, 2, 3, 1,  , 1, 1, 0, 1, 2, 2, 2,  , 5, 5, 4, 0, 3, 4, 1,  , 2, 2, 2, 3, 2, 4, 4, 4, 3, 185
D# minor blues (6#), 1, 0, 2, 2, 2, 4, 4, 0, 1, 3, 2, 3, 2, 3, 0,  , 1, 2, 0, 4, 0, 1, 1, 3, 1, 1, 1,  , 3, 0, 3, 0, 1, 4, 3, 3, 2, 4, 2, 2, 0, 1, 1, 4, 2, 3, 2,  , 3, 4, 0, 2, 3, 1, 2, 5, 1, 0, 1, 1, 1, 1, 3, 2, 1, 4, 2, 1, 2, 3, 1,  , 1, 1, 0, 1, 2, 2, 2,  , 5, 5, 4, 0, 3, 4, 1,  , 2, 2, 2, 3, 2, 4, 4, 4, 3, 185
Gb dorian (6b), 0, 0, 3, 1, 3, 3, 3, 0, 0, 3, 3, 2, 3, 2, 0,  , 2, 2, 1, 3, 1, 2, 0, 2, 0, 0, 0,  , 3, 0, 3, 0, 0, 3, 4, 2, 2, 3, 2, 1, 0, 1, 0, 3, 2, 2, 1,  , 4, 3, 1, 3, 2, 0, 1, 4, 0, 0, 0, 1, 1, 1, 2, 1, 0, 3, 3, 1, 1, 2, 0,  , 0, 0, 0, 1, 3, 1, 1,  , 5, 5, 3, 1, 2, 3, 1,  , 1, 2, 3, 2, 3, 3, 3, 2, 2, 152
F# dorian (6#), 2, 0, 3, 2, 3, 5, 3, 0, 2, 2, 3, 2, 3, 4, 1,  , 0, 1, 1, 5, 1, 2, 2, 2, 2, 1, 2,  , 2, 1, 2, 1, 2, 4, 4, 2, 3, 4, 2, 1, 1, 2, 1, 3, 3, 4, 3,  , 2, 4, 0, 3, 3, 1, 3, 4, 2, 0, 2, 1, 1, 1, 4, 3, 2, 3, 3, 1, 3, 3, 1,  , 2, 1, 1, 2, 2, 3, 2,  , 2, 2, 4, 1, 4, 2, 1,  , 3, 2, 3, 2, 3, 5, 3, 3, 4, 206
Gb phrygian (6b), 0, 0, 4, 1, 3, 3, 2, 0, 0, 2, 4, 2, 3, 2, 0,  , 2, 1, 1, 4, 1, 2, 0, 2, 0, 0, 0,  , 2, 0, 2, 0, 0, 4, 5, 2, 3, 3, 2, 1, 0, 1, 0, 3, 3, 3, 1,  , 4, 5, 1, 2, 1, 0, 1, 5, 0, 0, 0, 1, 1, 1, 2, 1, 0, 3, 4, 1, 2, 2, 0,  , 0, 0, 0, 1, 3, 1, 1,  , 2, 2, 3, 1, 2, 1, 1,  , 1, 2, 4, 2, 3, 3, 2, 3, 2, 151
F# phrygian (6#), 5, 0, 5, 4, 3, 4, 4, 0, 3, 3, 5, 4, 3, 4, 1,  , 0, 2, 1, 5, 1, 4, 3, 4, 2, 4, 2,  , 2, 1, 3, 1, 4, 5, 5, 5, 5, 2, 2, 3, 1, 2, 2, 4, 5, 5, 2,  , 3, 6, 0, 3, 4, 4, 4, 3, 2, 0, 2, 3, 1, 1, 6, 5, 5, 4, 5, 2, 6, 4, 3,  , 2, 4, 1, 2, 3, 4, 3,  , 5, 5, 1, 1, 5, 2, 1,  , 4, 2, 5, 4, 3, 4, 5, 4, 4, 285
Gb lydian (6b), 1, 0, 2, 2, 2, 4, 4, 0, 1, 3, 2, 3, 2, 3, 0,  , 1, 2, 0, 4, 0, 1, 1, 3, 1, 1, 1,  , 3, 0, 3, 0, 1, 4, 3, 3, 2, 4, 2, 2, 0, 1, 1, 4, 2, 3, 2,  , 3, 4, 0, 2, 3, 1, 2, 5, 1, 0, 1, 1, 1, 1, 3, 2, 1, 4, 2, 1, 2, 3, 1,  , 1, 1, 0, 1, 2, 2, 2,  , 5, 5, 4, 0, 3, 4, 1,  , 2, 2, 2, 3, 2, 4, 4, 4, 3, 185
F# lydian (6#), 1, 0, 4, 4, 2, 4, 4, 0, 1, 3, 4, 5, 2, 3, 0,  , 1, 2, 0, 5, 0, 1, 1, 5, 1, 1, 1,  , 2, 0, 3, 0, 1, 5, 4, 5, 4, 4, 2, 2, 0, 1, 1, 4, 4, 4, 2,  , 4, 6, 0, 2, 2, 1, 3, 4, 1, 0, 1, 3, 1, 1, 4, 3, 1, 4, 4, 2, 3, 3, 1,  , 1, 1, 0, 1, 2, 3, 3,  , 5, 5, 4, 0, 3, 2, 1,  , 3, 2, 4, 5, 2, 4, 4, 5, 3, 220
Gb mixolydian (6b), 1, 0, 4, 4, 2, 4, 4, 0, 1, 3, 4, 5, 2, 3, 0,  , 1, 2, 0, 5, 0, 1, 1, 5, 1, 1, 1,  , 2, 0, 3, 0, 1, 5, 4, 5, 4, 4, 2, 2, 0, 1, 1, 4, 4, 4, 2,  , 4, 6, 0, 2, 2, 1, 3, 4, 1, 0, 1, 3, 1, 1, 4, 3, 1, 4, 4, 2, 3, 3, 1,  , 1, 1, 0, 1, 2, 3, 3,  , 5, 5, 4, 0, 3, 2, 1,  , 3, 2, 4, 5, 2, 4, 4, 5, 3, 220
F# mixolydian (6#), 1, 0, 2, 2, 2, 4, 4, 0, 1, 3, 2, 3, 2, 3, 0,  , 1, 2, 0, 4, 0, 1, 1, 3, 1, 1, 1,  , 3, 0, 3, 0, 1, 4, 3, 3, 2, 4, 2, 2, 0, 1, 1, 4, 2, 3, 2,  , 3, 4, 0, 2, 3, 1, 2, 5, 1, 0, 1, 1, 1, 1, 3, 2, 1, 4, 2, 1, 2, 3, 1,  , 1, 1, 0, 1, 2, 2, 2,  , 5, 5, 4, 0, 3, 4, 1,  , 2, 2, 2, 3, 2, 4, 4, 4, 3, 185
Gb aeolian (6b), 1, 0, 4, 4, 2, 4, 4, 0, 1, 3, 4, 5, 2, 3, 0,  , 1, 2, 0, 5, 0, 1, 1, 5, 1, 1, 1,  , 2, 0, 3, 0, 1, 5, 4, 5, 4, 4, 2, 2, 0, 1, 1, 4, 4, 4, 2,  , 4, 6, 0, 2, 2, 1, 3, 4, 1, 0, 1, 3, 1, 1, 4, 3, 1, 4, 4, 2, 3, 3, 1,  , 1, 1, 0, 1, 2, 3, 3,  , 5, 5, 4, 0, 3, 2, 1,  , 3, 2, 4, 5, 2, 4, 4, 5, 3, 220
F# aeolian (6#), 1, 0, 2, 2, 2, 4, 4, 0, 1, 3, 2, 3, 2, 3, 0,  , 1, 2, 0, 4, 0, 1, 1, 3, 1, 1, 1,  , 3, 0, 3, 0, 1, 4, 3, 3, 2, 4, 2, 2, 0, 1, 1, 4, 2, 3, 2,  , 3, 4, 0, 2, 3, 1, 2, 5, 1, 0, 1, 1, 1, 1, 3, 2, 1, 4, 2, 1, 2, 3, 1,  , 1, 1, 0, 1, 2, 2, 2,  , 5, 5, 4, 0, 3, 4, 1,  , 2, 2, 2, 3, 2, 4, 4, 4, 3, 185
Gb locrian (6b), 1, 0, 2, 2, 2, 4, 4, 0, 1, 3, 2, 3, 2, 3, 0,  , 1, 2, 0, 4, 0, 1, 1, 3, 1, 1, 1,  , 3, 0, 3, 0, 1, 4, 3, 3, 2, 4, 2, 2, 0, 1, 1, 4, 2, 3, 2,  , 3, 4, 0, 2, 3, 1, 2, 5, 1, 0, 1, 1, 1, 1, 3, 2, 1, 4, 2, 1, 2, 3, 1,  , 1, 1, 0, 1, 2, 2, 2,  , 5, 5, 4, 0, 3, 4, 1,  , 2, 2, 2, 3, 2, 4, 4, 4, 3, 185
F# locrian (6#), 1, 0, 2, 2, 2, 4, 4, 0, 1, 3, 2, 3, 2, 3, 0,  , 1, 2, 0, 4, 0, 1, 1, 3, 1, 1, 1,  , 3, 0, 3, 0, 1, 4, 3, 3, 2, 4, 2, 2, 0, 1, 1, 4, 2, 3, 2,  , 3, 4, 0, 2, 3, 1, 2, 5, 1, 0, 1, 1, 1, 1, 3, 2, 1, 4, 2, 1, 2, 3, 1,  , 1, 1, 0, 1, 2, 2, 2,  , 5, 5, 4, 0, 3, 4, 1,  , 2, 2, 2, 3, 2, 4, 4, 4, 3, 185
Cb major (7b), 1, 0, 2, 2, 2, 4, 4, 0, 1, 3, 2, 3, 2, 3, 0,  , 1, 2, 0, 4, 0, 1, 1, 3, 1, 1, 1,  , 3, 0, 3, 0, 1, 4, 3, 3, 2, 4, 2, 2, 0, 1, 1, 4, 2, 3, 2,  , 3, 4, 0, 2, 3, 1, 2, 5, 1, 0, 1, 1, 1, 1, 3, 2, 1, 4, 2, 1, 2, 3, 1,  , 1, 1, 0, 1, 2, 2, 2,  , 5, 5, 4, 0, 3, 4, 1,  , 2, 2, 2, 3, 2, 4, 4, 4, 3, 185
C# major (7#), 1, 0, 2, 2, 2, 4, 4, 0, 1, 3, 2, 3, 2, 3, 0,  , 1, 2, 0, 4, 0, 1, 1, 3, 1, 1, 1,  , 3, 0, 3, 0, 1, 4, 3, 3, 2, 4, 2, 2, 0, 1, 1, 4, 2, 3, 2,  , 3, 4, 0, 2, 3, 1, 2, 5, 1, 0, 1, 1, 1, 1, 3, 2, 1, 4, 2, 1, 2, 3, 1,  , 1, 1, 0, 1, 2, 2, 2,  , 5, 5, 4, 0, 3, 4, 1,  , 2, 2, 2, 3, 2, 4, 4, 4, 3, 185
Ab minor (7b), 1, 0, 2, 2, 2, 4, 4, 0, 1, 3, 2, 3, 2, 3, 0,  , 1, 2, 0, 4, 0, 1, 1, 3, 1, 1, 1,  , 3, 0, 3, 0, 1, 4, 3, 3, 2, 4, 2, 2, 0, 1, 1, 4, 2, 3, 2,  , 3, 4, 0, 2, 3, 1, 2, 5, 1, 0, 1, 1, 1, 1, 3, 2, 1, 4, 2, 1, 2, 3, 1,  , 1, 1, 0, 1, 2, 2, 2,  , 5, 5, 4, 0, 3, 4, 1,  , 2, 2, 2, 3, 2, 4, 4, 4, 3, 185
A# minor (7#), 0, 0, 3, 1, 3, 3, 3, 0, 0, 3, 3, 2, 3, 2, 0,  , 2, 2, 1, 3, 1, 2, 0, 2, 0, 0, 0,  , 3, 0, 3, 0, 0, 3, 4, 2, 2, 3, 2, 1, 0, 1, 0, 3, 2, 2, 1,  , 4, 3, 1, 3, 2, 0, 1, 4, 0, 0, 0, 1, 1, 1, 2, 1, 0, 3, 3, 1, 1, 2, 0,  , 0, 0, 0, 1, 3, 1, 1,  , 5, 5, 3, 1, 2, 3, 1,  , 1, 2, 3, 2, 3, 3, 3, 2, 2, 152
Ab minor mel (7b), 2, 0, 3, 2, 3, 5, 3, 0, 2, 2, 3, 2, 3, 4, 1,  , 0, 1, 1, 5, 1, 2, 2, 2, 2, 1, 2,  , 2, 1, 2, 1, 2, 4, 4, 2, 3, 4, 2, 1, 1, 2, 1, 3, 3, 4, 3,  , 2, 4, 0, 3, 3, 1, 3, 4, 2, 0, 2, 1, 1, 1, 4, 3, 2, 3, 3, 1, 3, 3, 1,  , 2, 1, 1, 2, 2, 3, 2,  , 2, 2, 4, 1, 4, 2, 1,  , 3, 2, 3, 2, 3, 5, 3, 3, 4, 206
A# minor mel (7#), 0, 0, 4, 1, 3, 3, 2, 0, 0, 2, 4, 2, 3, 2, 0,  , 2, 1, 1, 4, 1, 2, 0, 2, 0, 0, 0,  , 2, 0, 2, 0, 0, 4, 5, 2, 3, 3, 2, 1, 0, 1, 0, 3, 3, 3, 1,  , 4, 5, 1, 2, 1, 0, 1, 5, 0, 0, 0, 1, 1, 1, 2, 1, 0, 3, 4, 1, 2, 2, 0,  , 0, 0, 0, 1, 3, 1, 1,  , 2, 2, 3, 1, 2, 1, 1,  , 1, 2, 4, 2, 3, 3, 2, 3, 2, 151
Cb major blues (7b), 5, 0, 5, 4, 3, 4, 4, 0, 3, 3, 5, 4, 3, 4, 1,  , 0, 2, 1, 5, 1, 4, 3, 4, 2, 4, 2,  , 2, 1, 3, 1, 4, 5, 5, 5, 5, 2, 2, 3, 1, 2, 2, 4, 5, 5, 2,  , 3, 6, 0, 3, 4, 4, 4, 3, 2, 0, 2, 3, 1, 1, 6, 5, 5, 4, 5, 2, 6, 4, 3,  , 2, 4, 1, 2, 3, 4, 3,  , 5, 5, 1, 1, 5, 2, 1,  , 4, 2, 5, 4, 3, 4, 5, 4, 4, 285
C# major blues (7#), 1, 0, 2, 2, 2, 4, 4, 0, 1, 3, 2, 3, 2, 3, 0,  , 1, 2, 0, 4, 0, 1, 1, 3, 1, 1, 1,  , 3, 0, 3, 0, 1, 4, 3, 3, 2, 4, 2, 2, 0, 1, 1, 4, 2, 3, 2,  , 3, 4, 0, 2, 3, 1, 2, 5, 1, 0, 1, 1, 1, 1, 3, 2, 1, 4, 2, 1, 2, 3, 1,  , 1, 1, 0, 1, 2, 2, 2,  , 5, 5, 4, 0, 3, 4, 1,  , 2, 2, 2, 3, 2, 4, 4, 4, 3, 185
Ab minor blues (7b), 1, 0, 4, 4, 2, 4, 4, 0, 1, 3, 4, 5, 2, 3, 0,  , 1, 2, 0, 5, 0, 1, 1, 5, 1, 1, 1,  , 2, 0, 3, 0, 1, 5, 4, 5, 4, 4, 2, 2, 0, 1, 1, 4, 4, 4, 2,  , 4, 6, 0, 2, 2, 1, 3, 4, 1, 0, 1, 3, 1, 1, 4, 3, 1, 4, 4, 2, 3, 3, 1,  , 1, 1, 0, 1, 2, 3, 3,  , 5, 5, 4, 0, 3, 2, 1,  , 3, 2, 4, 5, 2, 4, 4, 5, 3, 220
A# minor blues (7#), 1, 0, 4, 4, 2, 4, 4, 0, 1, 3, 4, 5, 2, 3, 0,  , 1, 2, 0, 5, 0, 1, 1, 5, 1, 1, 1,  , 2, 0, 3, 0, 1, 5, 4, 5, 4, 4, 2, 2, 0, 1, 1, 4, 4, 4, 2,  , 4, 6, 0, 2, 2, 1, 3, 4, 1, 0, 1, 3, 1, 1, 4, 3, 1, 4, 4, 2, 3, 3, 1,  , 1, 1, 0, 1, 2, 3, 3,  , 5, 5, 4, 0, 3, 2, 1,  , 3, 2, 4, 5, 2, 4, 4, 5, 3, 220
Cb dorian (7b), 1, 0, 2, 2, 2, 4, 4, 0, 1, 3, 2, 3, 2, 3, 0,  , 1, 2, 0, 4, 0, 1, 1, 3, 1, 1, 1,  , 3, 0, 3, 0, 1, 4, 3, 3, 2, 4, 2, 2, 0, 1, 1, 4, 2, 3, 2,  , 3, 4, 0, 2, 3, 1, 2, 5, 1, 0, 1, 1, 1, 1, 3, 2, 1, 4, 2, 1, 2, 3, 1,  , 1, 1, 0, 1, 2, 2, 2,  , 5, 5, 4, 0, 3, 4, 1,  , 2, 2, 2, 3, 2, 4, 4, 4, 3, 185
C# dorian (7#), 1, 0, 4, 4, 2, 4, 4, 0, 1, 3, 4, 5, 2, 3, 0,  , 1, 2, 0, 5, 0, 1, 1, 5, 1, 1, 1,  , 2, 0, 3, 0, 1, 5, 4, 5, 4, 4, 2, 2, 0, 1, 1, 4, 4, 4, 2,  , 4, 6, 0, 2, 2, 1, 3, 4, 1, 0, 1, 3, 1, 1, 4, 3, 1, 4, 4, 2, 3, 3, 1,  , 1, 1, 0, 1, 2, 3, 3,  , 5, 5, 4, 0, 3, 2, 1,  , 3, 2, 4, 5, 2, 4, 4, 5, 3, 220
Cb phrygian (7b), 1, 0, 2, 2, 2, 4, 4, 0, 1, 3, 2, 3, 2, 3, 0,  , 1, 2, 0, 4, 0, 1, 1, 3, 1, 1, 1,  , 3, 0, 3, 0, 1, 4, 3, 3, 2, 4, 2, 2, 0, 1, 1, 4, 2, 3, 2,  , 3, 4, 0, 2, 3, 1, 2, 5, 1, 0, 1, 1, 1, 1, 3, 2, 1, 4, 2, 1, 2, 3, 1,  , 1, 1, 0, 1, 2, 2, 2,  , 5, 5, 4, 0, 3, 4, 1,  , 2, 2, 2, 3, 2, 4, 4, 4, 3, 185
C# phrygian (7#), 1, 0, 2, 2, 2, 4, 4, 0, 1, 3, 2, 3, 2, 3, 0,  , 1, 2, 0, 4, 0, 1, 1, 3, 1, 1, 1,  , 3, 0, 3, 0, 1, 4, 3, 3, 2, 4, 2, 2, 0, 1, 1, 4, 2, 3, 2,  , 3, 4, 0, 2, 3, 1, 2, 5, 1, 0, 1, 1, 1, 1, 3, 2, 1, 4, 2, 1, 2, 3, 1,  , 1, 1, 0, 1, 2, 2, 2,  , 5, 5, 4, 0, 3, 4, 1,  , 2, 2, 2, 3, 2, 4, 4, 4, 3, 185
Cb lydian (7b), 1, 0, 2, 2, 2, 4, 4, 0, 1, 3, 2, 3, 2, 3, 0,  , 1, 2, 0, 4, 0, 1, 1, 3, 1, 1, 1,  , 3, 0, 3, 0, 1, 4, 3, 3, 2, 4, 2, 2, 0, 1, 1, 4, 2, 3, 2,  , 3, 4, 0, 2, 3, 1, 2, 5, 1, 0, 1, 1, 1, 1, 3, 2, 1, 4, 2, 1, 2, 3, 1,  , 1, 1, 0, 1, 2, 2, 2,  , 5, 5, 4, 0, 3, 4, 1,  , 2, 2, 2, 3, 2, 4, 4, 4, 3, 185
C# lydian (7#), 1, 0, 2, 2, 2, 4, 4, 0, 1, 3, 2, 3, 2, 3, 0,  , 1, 2, 0, 4, 0, 1, 1, 3, 1, 1, 1,  , 3, 0, 3, 0, 1, 4, 3, 3, 2, 4, 2, 2, 0, 1, 1, 4, 2, 3, 2,  , 3, 4, 0, 2, 3, 1, 2, 5, 1, 0, 1, 1, 1, 1, 3, 2, 1, 4, 2, 1, 2, 3, 1,  , 1, 1, 0, 1, 2, 2, 2,  , 5, 5, 4, 0, 3, 4, 1,  , 2, 2, 2, 3, 2, 4, 4, 4, 3, 185
Cb mixolydian (7b), 1, 0, 2, 2, 2, 4, 4, 0, 1, 3, 2, 3, 2, 3, 0,  , 1, 2, 0, 4, 0, 1, 1, 3, 1, 1, 1,  , 3, 0, 3, 0, 1, 4, 3, 3, 2, 4, 2, 2, 0, 1, 1, 4, 2, 3, 2,  , 3, 4, 0, 2, 3, 1, 2, 5, 1, 0, 1, 1, 1, 1, 3, 2, 1, 4, 2, 1, 2, 3, 1,  , 1, 1, 0, 1, 2, 2, 2,  , 5, 5, 4, 0, 3, 4, 1,  , 2, 2, 2, 3, 2, 4, 4, 4, 3, 185
C# mixolydian (7#), 1, 0, 2, 2, 2, 4, 4, 0, 1, 3, 2, 3, 2, 3, 0,  , 1, 2, 0, 4, 0, 1, 1, 3, 1, 1, 1,  , 3, 0, 3, 0, 1, 4, 3, 3, 2, 4, 2, 2, 0, 1, 1, 4, 2, 3, 2,  , 3, 4, 0, 2, 3, 1, 2, 5, 1, 0, 1, 1, 1, 1, 3, 2, 1, 4, 2, 1, 2, 3, 1,  , 1, 1, 0, 1, 2, 2, 2,  , 5, 5, 4, 0, 3, 4, 1,  , 2, 2, 2, 3, 2, 4, 4, 4, 3, 185
Cb aeolian (7b), 0, 0, 3, 1, 3, 3, 3, 0, 0, 3, 3, 2, 3, 2, 0,  , 2, 2, 1, 3, 1, 2, 0, 2, 0, 0, 0,  , 3, 0, 3, 0, 0, 3, 4, 2, 2, 3, 2, 1, 0, 1, 0, 3, 2, 2, 1,  , 4, 3, 1, 3, 2, 0, 1, 4, 0, 0, 0, 1, 1, 1, 2, 1, 0, 3, 3, 1, 1, 2, 0,  , 0, 0, 0, 1, 3, 1, 1,  , 5, 5, 3, 1, 2, 3, 1,  , 1, 2, 3, 2, 3, 3, 3, 2, 2, 152
C# aeolian (7#), 2, 0, 3, 2, 3, 5, 3, 0, 2, 2, 3, 2, 3, 4, 1,  , 0, 1, 1, 5, 1, 2, 2, 2, 2, 1, 2,  , 2, 1, 2, 1, 2, 4, 4, 2, 3, 4, 2, 1, 1, 2, 1, 3, 3, 4, 3,  , 2, 4, 0, 3, 3, 1, 3, 4, 2, 0, 2, 1, 1, 1, 4, 3, 2, 3, 3, 1, 3, 3, 1,  , 2, 1, 1, 2, 2, 3, 2,  , 2, 2, 4, 1, 4, 2, 1,  , 3, 2, 3, 2, 3, 5, 3, 3, 4, 206
Cb locrian (7b), 0, 0, 4, 1, 3, 3, 2, 0, 0, 2, 4, 2, 3, 2, 0,  , 2, 1, 1, 4, 1, 2, 0, 2, 0, 0, 0,  , 2, 0, 2, 0, 0, 4, 5, 2, 3, 3, 2, 1, 0, 1, 0, 3, 3, 3, 1,  , 4, 5, 1, 2, 1, 0, 1, 5, 0, 0, 0, 1, 1, 1, 2, 1, 0, 3, 4, 1, 2, 2, 0,  , 0, 0, 0, 1, 3, 1, 1,  , 2, 2, 3, 1, 2, 1, 1,  , 1, 2, 4, 2, 3, 3, 2, 3, 2, 151
C# locrian (7#), 5, 0, 5, 4, 3, 4, 4, 0, 3, 3, 5, 4, 3, 4, 1,  , 0, 2, 1, 5, 1, 4, 3, 4, 2, 4, 2,  , 2, 1, 3, 1, 4, 5, 5, 5, 5, 2, 2, 3, 1, 2, 2, 4, 5, 5, 2,  , 3, 6, 0, 3, 4, 4, 4, 3, 2, 0, 2, 3, 1, 1, 6, 5, 5, 4, 5, 2, 6, 4, 3,  , 2, 4, 1, 2, 3, 4, 3,  , 5, 5, 1, 1, 5, 2, 1,  , 4, 2, 5, 4, 3, 4, 5, 4, 4, 285
