 , 0, 1, 2, 3, 4, 5, 6, 7, 8, 9, 10, 11, 12, 13, 14, 15, 16, 17, 18, 19, 20, 21, 22, 23, 24, 25, 26, 27, 28, 29, 30, 31, 32, 33, 34, 35, 36, 37, 38, 39, 40, 41, 42, 43, 44, 45, 46, 47, 48, 49, 50, 51, 52, 53, 54, 55, 56, 57, 58, 59, 60, 61, 62, 63, 64, 65, 66, 67, 68, 69, 70, 71, 72, 73, 74, 75, 76, 77, 78, 79, 80, 81, 82, 83, 84, 85, 86, 87, 88, 89, 90, 91, 92, 93, 94, 95, 96, 97, 98, 99, 100, 101, 102, 103, 104, 105, 106, 107, 108, 109, 110, 111, 112, 113, 114, 115, 116, 117, 118, 119, 120, 121, 122, 123, 124, 125, 126, 127, 128, 129, 130, 131, 132, 133, 134, 135, 136, 137, 138, 139, 140, 141, 142, 143, 144, 145, 146, 147, 148, 149, 150, 151, 152, 153, 154, 155, 156, 157, 158, 159, 160, 161, 162, 163, 164, 165, 166, 167, 168, 169, 170, rowcost
C major (0), 0+0:0:0:0:0, 1+2:0:0:0:0, 0+0:0:0:0:0, 0+0:0:0:0:0, 0+0:0:0:0:0, 1+2:0:0:0:0, 0+0:0:0:0:0, 0+0:0:0:0:0, 1+0:0:0:0:0, 0+0:0:0:0:0, 0+0:0:0:0:0, 0+0:0:0:0:0, 1+0:0:0:0:0, 0+0:0:0:0:0, 1+1:0:0:0:0, 1+1:0:0:0:0, 0+0:0:0:0:0, 1+2:0:0:0:0, 1+1:0:0:0:0, 1+1:0:0:0:0, 0+0:0:0:0:0, 2+2:0:0:0:0, 0+0:0:0:0:0, 1+0:0:0:0:0, 1+1:0:0:0:0, 4+5:0:0:0:0, 0+0:0:0:0:0, 1+1:0:0:0:0, 1+1:0:0:0:0, 1+1:0:0:0:0, 0+0:0:0:0:0, 0+0:0:0:0:0, 0+0:0:0:0:0, 1+2:0:0:0:0, 0+0:0:0:0:0, 0+0:0:0:0:0, 1+0:0:0:0:0, 1+3:0:0:0:0, 0+0:0:0:0:0, 1+2:0:0:0:0, 0+0:0:0:0:0, 1+0:0:0:0:0, 0+0:0:0:0:0, 1+1:0:0:0:0, 0+0:0:0:0:0, 1+1:0:0:0:0, 3+1:0:0:0:0, 1+2:0:0:0:0, 0+0:0:0:0:0, 1+2:0:0:0:0, 1+1:0:0:0:0, 1+0:0:0:0:0, 1+0:0:0:0:0, 3+1:0:0:0:0, 0+0:0:0:0:0, 0+0:0:0:0:0, 0+0:0:0:0:0, 1+0:0:0:0:0, 0+0:0:0:0:0, 0+0:0:0:0:0, 0+0:0:0:0:0, 2+1:0:0:0:0, 0+0:0:0:0:0, 1+0:0:0:0:0, 0+0:0:0:0:0, 1+2:0:0:0:0, 0+0:0:0:0:0, 2+1:0:0:0:0, 0+0:0:0:0:0, 1+2:0:0:0:0, 2+1:0:0:0:0, 1+1:0:0:0:0, 1+1:0:0:0:0, 2+1:0:0:0:0, 2+1:0:0:0:0, 1+1:0:0:0:0, 1+1:0:0:0:0, 2+1:0:0:0:0, 2+1:0:0:0:0, 1+2:0:0:0:0, 1+1:0:0:0:0, 2+3:0:0:0:0, 2+1:0:0:0:0, 1+1:0:0:0:0, 1+1:0:0:0:0, 1+1:0:0:0:0, 2+1:0:0:0:0, 2+1:0:0:0:0, 0+0:0:0:0:0, 2+1:0:0:0:0, 2+1:0:0:0:0, 2+1:0:0:0:1, 0+0:0:0:0:0, 4+3:0:0:0:0, 1+2:0:0:0:0, 1+2:0:0:0:0, 0+0:0:0:0:0, 1+2:0:0:0:0, 0+0:0:0:0:0, 2+1:0:0:0:0, 0+0:0:0:0:0, 1+2:0:0:0:0, 2+1:0:0:0:0, 0+0:0:0:0:0, 1+1:0:0:0:0, 2+1:0:0:0:0, 2+1:0:0:0:0, 1+1:0:0:0:0, 1+1:0:0:0:0, 3+0:0:0:0:0, 2+1:0:0:0:0, 1+1:0:0:0:0, 1+1:0:0:0:0, 2+3:0:0:0:0, 2+1:0:0:0:0, 1+1:0:0:0:0, 1+1:0:0:0:0, 1+1:0:0:0:0, 2+1:0:0:0:0, 2+1:0:0:0:0, 0+0:0:0:0:0, 2+1:0:0:0:0, 2+1:0:0:0:0, 2+1:0:0:0:1, 0+0:0:0:0:0, 4+2:0:0:0:0, 1+2:0:0:0:0, 1+2:0:0:0:0, 2+2:0:0:0:1, 2+3:3:0:0:0, 1+1:0:0:0:0, 1+1:0:0:0:0, 1+1:0:0:0:0, 4+2:0:0:0:0, 2+1:0:0:0:0, 0+0:0:0:0:0, 0+0:0:0:0:0, 2+1:0:0:0:0, 0+0:0:0:0:0, 0+0:0:0:0:0, 2+1:0:0:0:1, 2+1:0:0:0:0, 1+0:0:0:0:0, 0+0:0:0:0:0, 1+1:0:0:0:0, 1+4:0:0:0:0, 0+0:0:0:0:0, 1+1:0:0:0:0, 1+1:0:0:0:0, 0+0:0:0:0:0, 1+1:0:0:0:0, 2+1:0:0:0:0, 0+0:0:0:0:0, 2+2:0:0:0:0, 2+2:0:0:0:0, 2+1:0:0:0:0, 1+1:0:0:0:0, 2+1:0:0:0:0, 0+0:0:0:0:0, 0+0:0:0:0:0, 0+0:0:0:0:0, 0+0:0:0:0:0, 0+0:0:0:0:0, 1+0:0:0:0:0, 0+0:0:0:0:0, 0+0:0:0:0:0, 0+0:0:0:0:0, 0+0:0:0:0:0, 0+0:0:0:0:0, 0+0:0:0:0:0, 0+0:0:0:0:0, 165+136:3:0:0:4
A minor (0), 0+1:0:0:0:0, 1+2:0:0:0:2, 0+2:0:0:0:0, 0+2:0:0:0:0, 0+1:0:0:0:0, 1+2:0:0:0:2, 0+2:0:0:0:0, 0+2:0:0:0:0, 1+2:0:0:0:0, 0+3:0:0:0:0, 0+0:0:0:0:0, 0+0:0:0:0:0, 1+2:0:0:0:0, 0+0:0:0:0:0, 1+2:0:0:0:0, 1+5:0:0:0:0, 0+1:0:0:0:0, 1+2:0:0:0:2, 1+3:0:0:0:0, 2+2:0:0:0:0, 0+0:0:0:0:0, 2+5:0:0:0:2, 0+0:0:0:0:0, 1+3:0:0:0:0, 1+1:0:0:0:0, 4+5:0:0:0:0, 0+0:0:0:0:0, 1+2:0:0:0:0, 1+2:0:0:0:0, 1+3:0:0:0:0, 0+1:0:0:0:0, 0+4:0:0:0:0, 0+1:0:0:0:0, 1+2:0:0:0:2, 0+2:0:0:0:0, 0+3:0:0:0:0, 1+3:0:0:0:0, 1+3:0:0:0:3, 0+2:0:0:0:0, 2+2:0:0:0:0, 0+0:0:0:0:0, 1+1:0:0:0:0, 0+0:0:0:0:0, 1+2:0:0:0:0, 0+0:0:0:0:0, 1+1:0:0:0:0, 3+2:0:0:0:0, 1+5:0:0:0:0, 0+1:0:0:0:0, 1+2:0:0:0:2, 1+3:0:0:0:0, 1+2:0:0:0:0, 1+1:0:0:0:0, 3+3:0:0:0:0, 0+1:0:0:0:0, 0+2:0:0:0:0, 0+1:0:0:0:0, 1+0:0:0:0:0, 0+0:0:0:0:0, 0+0:0:0:0:0, 0+0:0:0:0:0, 2+2:0:0:0:0, 0+2:0:0:0:0, 1+1:0:0:0:0, 0+1:0:0:0:0, 1+3:0:0:0:2, 0+2:0:0:0:0, 3+2:0:0:0:0, 0+1:0:0:0:0, 1+2:0:0:0:2, 3+2:0:0:0:0, 2+3:0:0:0:0, 1+3:0:0:0:1, 3+2:0:0:0:0, 2+1:0:0:0:0, 1+2:0:0:0:0, 1+1:0:0:0:0, 2+1:0:0:0:0, 2+1:0:0:0:0, 1+2:0:0:0:2, 1+3:0:0:0:0, 2+3:0:0:0:2, 3+2:0:0:0:0, 2+2:0:0:0:0, 1+0:0:0:0:0, 1+3:0:0:0:1, 2+1:0:0:0:0, 2+2:0:0:0:0, 0+0:0:0:0:0, 2+2:0:0:0:1, 2+1:0:0:0:0, 2+1:0:0:0:1, 0+0:0:0:0:0, 4+3:0:0:0:0, 1+2:0:0:0:0, 3+3:0:0:0:0, 0+1:0:0:0:0, 1+3:0:0:0:2, 0+2:0:0:0:0, 3+2:0:0:0:0, 0+1:0:0:0:0, 1+2:0:0:0:2, 3+2:0:0:0:0, 0+2:0:0:0:0, 1+3:0:0:0:1, 3+2:0:0:0:0, 2+1:0:0:0:0, 1+2:0:0:0:0, 1+1:0:0:0:0, 3+0:0:0:0:0, 2+1:0:0:0:0, 1+1:0:0:0:1, 1+3:0:0:0:0, 2+3:0:0:0:2, 3+2:0:0:0:0, 2+2:0:0:0:0, 1+0:0:0:0:0, 1+3:0:0:0:1, 2+1:0:0:0:0, 2+2:0:0:0:0, 0+0:0:0:0:0, 2+2:0:0:0:1, 2+1:0:0:0:0, 2+1:0:0:0:1, 0+0:0:0:0:0, 4+2:0:0:0:0, 1+2:0:0:0:0, 3+3:0:0:0:0, 2+3:0:0:0:0, 3+1:1:0:0:1, 1+4:0:0:0:0, 2+3:0:0:0:0, 1+2:0:0:0:0, 4+2:0:0:0:0, 2+2:0:0:0:0, 0+3:0:0:0:0, 0+0:0:0:0:0, 2+4:0:0:0:0, 0+1:0:0:0:0, 0+1:0:0:0:0, 2+3:0:0:0:0, 3+2:0:0:0:0, 1+2:0:0:0:0, 0+3:0:0:0:0, 1+3:0:0:0:1, 1+4:0:0:0:4, 0+2:0:0:0:0, 2+2:0:0:0:0, 1+1:0:0:0:0, 0+3:0:0:0:0, 1+1:0:0:0:0, 3+2:0:0:0:0, 0+1:0:0:0:0, 2+1:0:0:0:1, 2+1:0:0:0:0, 2+1:0:0:0:0, 1+1:0:0:0:0, 2+3:0:0:0:0, 0+0:0:0:0:0, 0+5:0:0:0:0, 0+1:0:0:0:0, 0+2:0:0:0:0, 0+3:0:0:0:0, 1+3:0:0:0:0, 0+0:0:0:0:0, 0+0:0:0:0:0, 0+0:0:0:0:0, 0+0:0:0:0:0, 0+0:0:0:0:0, 0+0:0:0:0:0, 0+0:0:0:0:0, 187+298:1:0:0:45
F major (1b), 0+0:0:0:0:0, 1+2:0:0:0:0, 0+0:0:0:0:0, 1+0:0:0:0:0, 0+0:0:0:0:0, 1+2:0:0:0:0, 0+0:0:0:0:0, 1+0:0:0:0:0, 0+0:0:0:0:0, 0+0:0:0:0:0, 0+0:0:0:0:0, 0+0:0:0:0:0, 1+0:0:0:0:0, 0+0:0:0:0:0, 1+1:0:0:0:0, 2+1:0:0:0:0, 0+0:0:0:0:0, 1+2:0:0:0:0, 1+1:0:0:0:0, 2+1:0:0:0:0, 0+0:0:0:0:0, 2+2:0:0:0:0, 0+0:0:0:0:0, 1+1:0:0:0:0, 1+1:0:0:0:0, 2+1:0:1:0:1, 1+0:0:0:0:0, 1+1:0:0:0:0, 1+1:0:0:0:0, 1+1:0:0:0:0, 0+0:0:0:0:0, 0+0:0:0:0:0, 0+0:0:0:0:0, 1+2:0:0:0:0, 0+0:0:0:0:0, 1+0:0:0:0:0, 1+0:0:0:0:0, 1+3:0:0:0:0, 0+0:0:0:0:0, 2+2:0:0:0:0, 0+0:0:0:0:0, 1+1:0:0:0:0, 0+0:0:0:0:0, 1+1:0:0:0:0, 0+0:0:0:0:0, 1+2:0:0:0:1, 3+1:0:0:0:0, 2+0:0:0:0:0, 0+2:0:0:0:0, 1+2:0:0:0:0, 1+0:0:0:0:0, 1+0:0:0:0:0, 1+0:0:0:0:0, 3+3:0:0:0:0, 0+0:0:0:0:0, 0+0:0:0:0:0, 1+0:0:0:0:0, 0+0:0:0:0:0, 1+0:0:0:0:0, 0+0:0:0:0:0, 0+0:0:0:0:0, 3+1:0:0:0:0, 0+0:0:0:0:0, 1+1:0:0:0:0, 1+0:0:0:0:0, 1+2:0:0:0:0, 1+0:0:0:0:0, 2+1:0:0:0:0, 0+0:0:0:0:0, 2+2:0:0:0:0, 2+1:0:0:0:0, 2+1:0:0:0:0, 1+1:0:0:0:0, 2+1:0:0:0:0, 1+1:0:0:0:0, 1+1:0:0:0:0, 2+1:0:0:0:0, 2+2:0:0:0:0, 2+1:0:0:0:0, 1+2:0:0:0:2, 1+1:0:0:0:0, 1+2:0:0:0:0, 2+1:0:0:0:0, 2+1:0:0:0:0, 2+1:0:0:0:0, 1+1:0:0:0:0, 1+1:0:0:0:0, 2+1:0:0:0:0, 1+1:0:0:0:0, 1+2:0:0:0:1, 2+1:0:0:0:0, 2+1:1:0:0:0, 0+0:0:0:0:0, 3+1:1:0:0:1, 1+1:0:0:0:0, 2+2:0:0:0:0, 1+0:0:0:0:0, 1+2:0:0:0:0, 1+0:0:0:0:0, 2+1:0:0:0:0, 0+0:0:0:0:0, 2+2:0:0:0:0, 2+1:0:0:0:0, 1+0:0:0:0:0, 1+1:0:0:0:0, 2+1:0:0:0:0, 1+1:0:0:0:0, 1+1:0:0:0:0, 2+1:0:0:0:0, 3+1:0:0:0:0, 2+1:0:0:0:0, 1+1:0:0:0:1, 1+1:0:0:0:0, 1+2:0:0:0:0, 2+1:0:0:0:0, 2+1:0:0:0:0, 2+1:0:0:0:0, 1+1:0:0:0:0, 1+1:0:0:0:0, 2+1:0:0:0:0, 1+1:0:0:0:0, 1+2:0:0:0:1, 2+1:0:0:0:0, 2+1:1:0:0:0, 0+0:0:0:0:0, 3+1:1:0:0:1, 1+1:0:0:0:0, 2+2:0:0:0:0, 2+2:0:0:0:1, 2+3:3:0:0:0, 1+1:0:0:0:0, 2+1:0:0:0:0, 1+1:0:0:0:0, 3+2:0:0:0:0, 2+1:0:0:0:0, 0+0:0:0:0:0, 0+0:0:0:0:0, 1+1:0:0:0:0, 0+0:0:0:0:0, 0+1:0:0:0:0, 2+1:0:0:0:0, 2+1:0:0:0:0, 2+0:0:0:0:0, 0+0:0:0:0:0, 1+1:0:0:0:0, 1+4:0:0:0:0, 0+0:0:0:0:0, 2+1:0:0:0:0, 1+1:0:0:0:0, 0+0:0:0:0:0, 1+1:0:0:0:0, 1+1:0:0:0:0, 0+0:0:0:0:0, 1+1:0:0:0:1, 2+1:0:0:0:0, 2+1:0:0:0:1, 1+2:0:0:0:0, 3+0:0:0:0:0, 0+6:0:0:0:0, 0+0:0:0:0:0, 0+0:0:0:0:0, 1+0:0:0:0:0, 0+0:0:0:0:0, 1+0:0:0:0:0, 0+0:0:0:0:0, 0+0:0:0:0:0, 0+0:0:0:0:0, 0+0:0:0:0:0, 0+0:0:0:0:0, 0+0:0:0:0:0, 0+0:0:0:0:0, 181+141:7:1:0:12
G major (1#), 0+0:0:0:0:0, 1+2:0:0:0:0, 0+0:0:0:0:0, 0+0:0:0:0:0, 0+0:0:0:0:0, 1+2:0:0:0:0, 0+0:0:0:0:0, 0+0:0:0:0:0, 1+0:0:0:0:0, 0+0:0:0:0:0, 1+0:0:0:0:0, 1+0:0:0:0:0, 0+0:0:0:0:0, 0+0:0:0:0:0, 1+1:0:0:0:0, 1+0:0:0:0:0, 0+0:0:0:0:0, 1+2:0:0:0:0, 1+1:0:0:0:0, 1+1:0:0:0:0, 0+0:0:0:0:0, 2+2:0:0:0:0, 1+0:0:0:0:0, 0+0:0:0:0:0, 2+1:0:0:0:0, 5+5:0:0:0:0, 0+0:0:0:0:0, 1+0:0:0:0:0, 1+0:0:0:0:0, 1+0:0:0:0:0, 0+0:0:0:0:0, 0+0:0:0:0:0, 0+0:0:0:0:0, 1+2:0:0:0:0, 0+0:0:0:0:0, 0+0:0:0:0:0, 1+0:0:0:0:0, 1+3:0:0:0:0, 0+0:0:0:0:0, 1+2:0:0:0:0, 0+0:0:0:0:0, 0+0:0:0:0:0, 1+0:0:0:0:0, 2+1:0:0:0:0, 0+0:0:0:0:0, 1+1:0:0:0:0, 2+1:0:0:0:0, 1+0:0:0:0:0, 1+0:0:0:0:0, 1+2:0:0:0:0, 1+1:0:0:0:0, 0+0:0:0:0:0, 0+0:0:0:0:0, 2+1:0:0:0:0, 1+0:0:0:0:0, 0+0:0:0:0:0, 1+0:0:0:0:0, 2+3:0:0:0:0, 0+0:0:0:0:0, 0+0:0:0:0:0, 0+0:0:0:0:0, 2+1:0:0:0:0, 0+0:0:0:0:0, 0+0:0:0:0:0, 1+0:0:0:0:0, 1+2:0:0:0:0, 1+0:0:0:0:0, 2+1:0:0:0:0, 1+0:0:0:0:0, 1+2:0:0:0:0, 2+1:0:0:0:0, 2+1:0:0:0:0, 2+1:0:0:0:0, 1+1:1:0:0:1, 2+1:0:0:0:1, 2+1:0:0:0:0, 1+1:0:0:0:0, 3+2:0:0:0:0, 2+1:0:0:0:0, 1+2:0:0:0:0, 2+1:0:0:0:0, 2+3:0:0:0:0, 2+1:0:0:0:0, 1+1:0:0:0:0, 1+1:0:0:0:0, 1+1:0:0:0:0, 2+1:0:0:0:1, 2+1:0:0:0:0, 1+0:0:0:0:0, 2+1:0:0:0:0, 1+1:0:0:0:0, 2+1:0:0:0:1, 1+0:0:0:0:0, 2+1:1:0:0:1, 1+1:0:0:0:0, 1+2:0:0:0:0, 1+0:0:0:0:0, 1+2:0:0:0:0, 1+0:0:0:0:0, 2+1:0:0:0:0, 1+0:0:0:0:0, 1+2:0:0:0:0, 2+1:0:0:0:0, 1+0:0:0:0:0, 2+1:0:0:0:0, 1+1:1:0:0:1, 2+1:0:0:0:1, 2+1:0:0:0:0, 1+1:0:0:0:0, 2+1:0:0:0:0, 2+1:0:0:0:0, 1+1:0:0:0:0, 2+1:0:0:0:0, 2+3:0:0:0:0, 2+1:0:0:0:0, 1+1:0:0:0:0, 1+1:0:0:0:0, 1+1:0:0:0:0, 2+1:0:0:0:1, 2+1:0:0:0:0, 1+0:0:0:0:0, 2+1:0:0:0:0, 1+1:0:0:0:0, 2+1:0:0:0:1, 1+0:0:0:0:0, 2+1:1:0:0:1, 1+1:0:0:0:0, 1+2:0:0:0:0, 3+2:0:0:0:1, 1+3:3:0:0:0, 1+1:0:0:0:0, 1+1:0:0:0:0, 2+1:0:0:0:0, 4+3:0:0:0:0, 2+1:0:0:0:0, 1+0:0:0:0:0, 1+0:0:0:0:0, 1+1:0:0:0:1, 1+0:0:0:0:0, 1+0:0:0:0:0, 1+1:0:0:0:1, 2+1:0:0:0:0, 0+0:0:0:0:0, 1+0:0:0:0:0, 1+1:0:0:0:0, 1+4:0:0:0:0, 0+0:0:0:0:0, 1+1:0:0:0:0, 2+1:0:0:0:0, 0+0:0:0:0:0, 2+1:0:0:0:0, 2+1:0:0:0:0, 1+0:0:0:0:0, 3+2:0:0:0:0, 1+1:0:0:0:1, 2+1:0:0:0:1, 1+0:0:0:0:0, 1+1:0:0:0:0, 0+0:0:0:0:0, 0+0:0:0:0:0, 0+0:0:0:0:0, 0+0:0:0:0:0, 0+0:0:0:0:0, 0+0:0:0:0:0, 0+0:0:0:0:0, 0+0:0:0:0:0, 0+0:0:0:0:0, 0+0:0:0:0:0, 0+0:0:0:0:0, 0+0:0:0:0:0, 0+0:0:0:0:0, 182+129:7:0:0:15
D minor (1b), 0+2:0:0:0:0, 1+2:0:0:0:0, 0+0:0:0:0:0, 1+2:0:0:0:0, 0+2:0:0:0:0, 1+2:0:0:0:0, 0+0:0:0:0:0, 1+2:0:0:0:0, 0+2:0:0:0:0, 0+2:0:0:0:0, 0+0:0:0:0:0, 0+1:0:0:0:0, 1+0:0:0:0:0, 0+0:0:0:0:0, 1+1:0:0:0:1, 2+0:0:0:0:0, 0+2:0:0:0:0, 1+2:0:0:0:0, 1+0:0:0:0:0, 3+2:0:0:0:0, 0+4:0:0:0:0, 3+1:0:0:0:0, 0+0:0:0:0:0, 1+3:0:0:0:1, 1+4:0:0:0:0, 3+5:0:0:0:0, 1+0:0:0:0:0, 1+0:0:0:0:0, 1+0:0:0:0:0, 1+0:0:0:0:0, 0+3:0:0:0:0, 0+1:0:0:0:0, 0+2:0:0:0:0, 1+2:0:0:0:0, 0+0:0:0:0:0, 1+3:0:0:0:0, 1+0:0:0:0:0, 1+3:0:0:0:0, 0+0:0:0:0:0, 3+2:0:0:0:0, 0+2:0:0:0:0, 1+3:0:0:0:1, 0+0:0:0:0:0, 1+2:0:0:0:1, 0+0:0:0:0:0, 1+2:0:0:0:1, 3+1:0:0:0:0, 2+0:0:0:0:0, 0+2:0:0:0:0, 1+2:0:0:0:0, 1+0:0:0:0:0, 1+0:0:0:0:0, 1+2:0:0:0:0, 3+3:0:0:0:0, 0+0:0:0:0:0, 0+2:0:0:0:0, 1+1:0:0:0:0, 0+0:0:0:0:0, 1+0:0:0:0:0, 0+0:0:0:0:0, 0+0:0:0:0:0, 3+2:0:0:0:0, 0+3:0:0:0:0, 1+2:0:0:0:1, 1+1:0:0:0:0, 1+3:0:0:0:2, 1+2:0:0:0:0, 3+2:0:0:0:0, 0+1:0:0:0:0, 2+2:0:0:0:2, 3+2:0:0:0:0, 3+3:0:0:0:0, 1+3:0:0:0:1, 3+2:0:0:0:0, 1+1:0:0:0:0, 1+2:0:0:0:0, 2+1:0:0:0:0, 2+1:0:0:0:0, 2+1:0:0:0:0, 1+2:0:0:0:2, 1+2:0:0:0:0, 1+2:0:0:0:0, 3+2:0:0:0:0, 3+2:0:0:0:0, 2+0:0:0:0:0, 2+2:0:0:0:0, 1+1:0:0:0:0, 2+2:0:0:0:0, 1+0:0:0:0:0, 1+2:0:0:0:1, 2+1:0:0:0:0, 2+1:1:0:0:0, 0+0:0:0:0:0, 3+1:1:0:0:1, 1+2:0:0:0:0, 4+3:0:0:0:0, 1+1:0:0:0:0, 1+3:0:0:0:2, 1+2:0:0:0:0, 3+2:0:0:0:0, 0+1:0:0:0:0, 2+2:0:0:0:2, 3+2:0:0:0:0, 1+2:0:0:0:0, 1+3:0:0:0:1, 3+2:0:0:0:0, 1+1:0:0:0:0, 1+2:0:0:0:0, 2+1:0:0:0:0, 3+0:0:0:0:0, 2+1:0:0:0:0, 1+1:0:0:0:1, 1+2:0:0:0:0, 1+2:0:0:0:0, 3+2:0:0:0:0, 3+2:0:0:0:0, 2+0:0:0:0:0, 2+2:0:0:0:0, 1+1:0:0:0:0, 2+2:0:0:0:0, 1+0:0:0:0:0, 1+2:0:0:0:1, 2+1:0:0:0:0, 2+1:1:0:0:0, 0+0:0:0:0:0, 3+1:1:0:0:1, 1+2:0:0:0:0, 4+3:0:0:0:0, 2+3:0:0:0:0, 2+3:3:0:0:0, 1+0:0:0:0:0, 3+3:0:0:0:0, 1+2:0:0:0:0, 3+2:0:0:0:0, 2+1:0:0:0:1, 0+0:0:0:0:0, 0+2:0:0:0:0, 1+4:0:0:0:0, 0+3:0:0:0:0, 0+1:0:0:0:0, 2+1:0:0:0:0, 2+1:0:0:0:0, 2+0:0:0:0:0, 0+0:0:0:0:0, 1+3:0:0:0:1, 1+4:0:0:0:0, 0+0:0:0:0:0, 3+2:0:0:0:0, 1+3:0:0:0:1, 0+2:0:0:0:0, 1+0:0:0:0:0, 2+2:0:0:0:0, 0+1:0:0:0:0, 1+1:0:0:0:1, 2+1:0:0:0:0, 2+1:0:0:0:1, 1+2:0:0:0:0, 3+0:0:0:0:0, 0+6:0:0:0:0, 0+0:0:0:0:0, 0+2:0:0:0:0, 1+2:0:0:0:0, 0+3:0:0:0:0, 1+0:0:0:0:0, 0+2:0:0:0:0, 0+1:0:0:0:0, 0+1:0:0:0:0, 0+1:0:0:0:0, 0+2:0:0:0:0, 0+1:0:0:0:0, 0+1:0:0:0:0, 205+257:7:0:0:28
E minor (1#), 0+0:0:0:0:0, 1+2:0:0:0:2, 0+2:0:0:0:0, 0+4:0:0:0:0, 0+0:0:0:0:0, 1+2:0:0:0:2, 0+2:0:0:0:0, 0+2:0:0:0:0, 1+2:0:0:0:0, 0+3:0:0:0:0, 1+0:0:0:0:0, 1+0:0:0:0:0, 0+2:0:0:0:0, 0+3:0:0:0:0, 1+3:0:0:0:0, 1+0:0:0:0:0, 0+2:0:0:0:0, 1+2:0:0:0:2, 1+3:0:0:0:0, 2+2:0:0:0:0, 0+0:0:0:0:0, 2+5:0:0:0:2, 1+0:0:0:0:0, 0+0:0:0:0:0, 2+0:0:0:0:0, 6+6:0:0:0:0, 0+0:0:0:0:0, 1+2:0:0:0:0, 1+1:0:0:0:0, 1+0:0:0:0:0, 0+0:0:0:0:0, 0+1:0:0:0:0, 0+0:0:0:0:0, 1+2:0:0:0:2, 0+2:0:0:0:0, 0+3:0:0:0:0, 1+3:0:0:0:0, 1+3:0:0:0:3, 0+2:0:0:0:0, 2+2:0:0:0:0, 0+0:0:0:0:0, 0+1:0:0:0:0, 1+0:0:0:0:0, 2+2:0:0:0:0, 0+0:0:0:0:0, 1+1:0:0:0:0, 2+1:0:0:0:0, 1+0:0:0:0:0, 1+1:0:0:0:0, 1+2:0:0:0:2, 1+3:0:0:0:0, 0+2:0:0:0:0, 0+1:0:0:0:0, 2+3:0:0:0:0, 1+1:0:0:0:0, 0+2:0:0:0:0, 1+1:0:0:0:0, 2+3:0:0:0:0, 0+0:0:0:0:0, 0+0:0:0:0:0, 0+2:0:0:0:0, 2+2:0:0:0:0, 0+0:0:0:0:0, 0+1:0:0:0:0, 1+1:0:0:0:0, 1+3:0:0:0:2, 1+2:0:0:0:0, 3+2:0:0:0:0, 1+1:0:0:0:0, 1+2:0:0:0:2, 3+2:0:0:0:0, 3+3:0:0:0:0, 2+1:0:0:0:0, 1+1:1:0:0:1, 2+1:0:0:0:1, 2+2:0:0:0:0, 1+1:0:0:0:0, 3+4:0:0:0:1, 2+1:0:0:0:0, 3+5:0:0:0:0, 2+3:0:0:0:0, 2+3:0:0:0:2, 3+2:0:0:0:0, 2+2:0:0:0:0, 1+0:0:0:0:0, 1+3:0:0:0:1, 2+1:0:0:0:1, 2+2:0:0:0:0, 1+0:0:0:0:0, 2+2:0:0:0:1, 1+1:0:0:0:0, 2+2:0:0:0:0, 1+0:0:0:0:0, 3+3:0:0:0:0, 1+2:0:0:0:0, 3+3:0:0:0:0, 1+1:0:0:0:0, 1+3:0:0:0:2, 1+2:0:0:0:0, 3+2:0:0:0:0, 1+1:0:0:0:0, 1+2:0:0:0:2, 3+2:0:0:0:0, 1+2:0:0:0:0, 2+1:0:0:0:0, 1+1:1:0:0:1, 2+1:0:0:0:1, 2+2:0:0:0:0, 1+1:0:0:0:0, 2+3:0:0:0:0, 2+1:0:0:0:0, 2+6:0:0:0:0, 2+3:0:0:0:0, 2+3:0:0:0:2, 3+2:0:0:0:0, 2+2:0:0:0:0, 1+0:0:0:0:0, 1+3:0:0:0:1, 2+1:0:0:0:1, 2+2:0:0:0:0, 1+0:0:0:0:0, 2+2:0:0:0:1, 1+1:0:0:0:0, 2+2:0:0:0:0, 1+0:0:0:0:0, 3+2:0:0:0:0, 1+2:0:0:0:0, 3+3:0:0:0:0, 3+3:0:0:0:0, 2+1:1:0:0:1, 1+3:0:0:0:0, 2+3:0:0:0:0, 2+2:0:0:0:0, 4+3:0:0:0:1, 2+2:0:0:0:0, 1+3:0:0:0:0, 1+0:0:0:0:0, 1+4:0:0:0:1, 1+1:0:0:0:0, 1+1:0:0:0:0, 1+3:0:0:0:0, 3+2:0:0:0:0, 0+2:0:0:0:0, 1+3:0:0:0:0, 1+2:0:0:0:0, 1+4:0:0:0:4, 0+2:0:0:0:0, 2+2:0:0:0:0, 2+1:0:0:0:0, 0+3:0:0:0:0, 2+1:0:0:0:0, 3+2:0:0:0:0, 1+0:0:0:0:0, 3+1:0:0:0:1, 1+1:0:0:0:0, 2+0:0:0:0:0, 1+1:0:0:0:0, 1+3:0:0:0:0, 0+0:0:0:0:0, 0+2:0:0:0:0, 0+1:0:0:0:0, 0+2:0:0:0:0, 0+0:0:0:0:0, 0+3:0:0:0:0, 0+0:0:0:0:0, 0+0:0:0:0:0, 0+0:0:0:0:0, 0+0:0:0:0:0, 0+0:0:0:0:0, 0+0:0:0:0:0, 0+0:0:0:0:0, 208+284:3:0:0:46
Bb major (2b), 0+0:0:0:0:0, 2+2:0:0:0:0, 0+0:0:0:0:0, 1+0:0:0:0:0, 0+0:0:0:0:0, 2+2:0:0:0:0, 0+0:0:0:0:0, 1+0:0:0:0:0, 0+0:0:0:0:0, 1+0:0:0:0:0, 0+0:0:0:0:0, 1+0:0:0:0:0, 1+1:0:0:0:0, 0+0:0:0:0:0, 1+1:0:0:0:0, 2+1:0:0:0:0, 0+0:0:0:0:0, 2+2:0:0:0:0, 1+1:0:0:0:0, 2+1:0:0:0:0, 0+0:0:0:0:0, 3+2:0:0:0:0, 0+0:0:0:0:0, 1+1:0:0:0:0, 1+1:0:0:0:0, 2+1:0:1:0:0, 2+0:0:0:0:0, 1+1:0:0:0:0, 1+1:0:0:0:0, 1+1:0:0:0:0, 0+0:0:0:0:0, 0+0:0:0:0:0, 0+0:0:0:0:0, 2+2:0:0:0:0, 0+0:0:0:0:0, 1+0:0:0:0:0, 0+0:0:0:0:0, 2+3:0:0:0:0, 0+0:0:0:0:0, 2+2:0:0:0:0, 1+0:0:0:0:0, 2+1:0:0:0:0, 0+0:0:0:0:0, 1+1:0:0:0:0, 0+0:0:0:0:0, 1+1:0:0:0:0, 4+4:0:0:0:0, 2+2:0:0:0:0, 1+0:0:0:0:0, 2+2:0:0:0:0, 2+1:0:0:0:0, 2+0:0:0:0:0, 1+0:0:0:0:0, 3+1:0:0:0:0, 0+0:0:0:0:0, 1+0:0:0:0:0, 1+1:0:0:0:0, 1+0:0:0:0:0, 2+0:0:0:0:0, 1+0:0:0:0:0, 0+0:0:0:0:0, 3+1:0:0:0:0, 0+0:0:0:0:0, 1+1:0:0:0:0, 1+1:0:0:0:0, 2+2:0:0:0:0, 1+1:0:0:0:0, 2+1:0:0:0:0, 1+0:0:0:0:0, 3+2:0:0:0:0, 2+1:0:0:0:0, 2+1:0:0:0:0, 2+1:0:0:0:0, 2+1:0:0:0:0, 1+1:0:0:0:0, 2+1:0:0:0:0, 2+1:0:0:0:0, 2+2:1:0:0:1, 3+2:0:0:0:0, 1+2:0:0:0:0, 2+1:0:0:0:0, 2+2:0:0:0:0, 2+1:0:0:0:0, 2+1:0:0:0:0, 2+1:0:0:0:0, 2+1:0:0:0:0, 1+1:0:0:0:0, 3+1:0:0:0:0, 1+1:0:0:0:0, 2+1:0:0:0:0, 3+1:0:0:0:1, 2+1:1:0:0:0, 1+0:0:0:0:0, 3+1:1:0:0:1, 2+1:0:0:0:0, 2+2:0:0:0:0, 1+0:0:0:0:0, 2+2:0:0:0:0, 1+1:0:0:0:0, 2+1:0:0:0:0, 1+0:0:0:0:0, 3+2:0:0:0:0, 2+1:0:0:0:0, 1+0:0:0:0:0, 2+1:0:0:0:0, 2+1:0:0:0:0, 1+1:0:0:0:0, 2+1:0:0:0:0, 2+1:0:0:0:0, 3+1:0:0:0:0, 2+1:0:0:0:0, 1+1:0:0:0:0, 2+1:0:0:0:0, 2+2:0:0:0:0, 2+1:0:0:0:0, 2+1:0:0:0:0, 2+1:0:0:0:0, 2+1:0:0:0:0, 1+1:0:0:0:0, 3+1:0:0:0:0, 1+1:0:0:0:0, 2+1:0:0:0:0, 3+1:0:0:0:1, 2+1:1:0:0:0, 1+0:0:0:0:0, 3+1:1:0:0:1, 2+1:0:0:0:0, 2+2:0:0:0:0, 2+2:0:0:0:0, 3+3:3:0:0:0, 1+1:0:0:0:0, 2+1:0:0:0:0, 2+1:0:0:0:0, 4+2:0:0:0:0, 2+1:0:0:0:0, 1+0:0:0:0:0, 1+0:0:0:0:0, 1+1:0:0:0:0, 0+0:0:0:0:0, 1+0:0:0:0:0, 2+1:0:0:0:1, 1+1:0:0:0:0, 2+0:0:0:0:0, 1+0:0:0:0:0, 1+1:0:0:0:0, 2+4:0:0:0:0, 1+0:0:0:0:0, 2+1:0:0:0:0, 2+1:0:0:0:0, 1+0:0:0:0:0, 2+1:0:0:0:0, 1+1:0:0:0:0, 1+0:0:0:0:0, 1+1:0:0:0:0, 3+2:0:0:0:0, 3+2:0:0:0:0, 0+0:0:0:0:0, 3+1:0:0:0:0, 0+0:0:0:0:0, 0+0:0:0:0:0, 1+0:0:0:0:0, 1+0:0:0:0:0, 0+0:0:0:0:0, 1+0:0:0:0:0, 0+0:0:0:0:0, 0+0:0:0:0:0, 0+0:0:0:0:0, 0+0:0:0:0:0, 0+0:0:0:0:0, 0+0:0:0:0:0, 0+0:0:0:0:0, 241+140:8:1:0:6
D major (2#), 1+2:0:0:0:0, 1+2:0:0:0:0, 0+0:0:0:0:0, 0+0:0:0:0:0, 1+2:0:0:0:0, 1+2:0:0:0:0, 0+0:0:0:0:0, 0+0:0:0:0:0, 2+2:0:0:0:0, 1+2:0:0:0:0, 1+0:0:0:0:0, 2+1:0:0:0:0, 0+0:0:0:0:0, 0+0:0:0:0:0, 1+1:0:0:0:0, 0+0:0:0:0:0, 1+2:0:0:0:0, 1+2:0:0:0:0, 0+0:0:0:0:0, 2+2:0:0:0:0, 1+4:0:0:0:0, 2+1:0:0:0:0, 1+0:0:0:0:0, 1+3:1:0:0:0, 2+1:0:0:0:1, 4+3:0:1:0:1, 0+0:0:0:0:0, 0+0:0:0:0:0, 0+0:0:0:0:0, 0+0:0:0:0:0, 1+3:0:0:0:0, 1+1:0:0:0:0, 1+2:0:0:0:0, 1+2:0:0:0:0, 0+0:0:0:0:0, 0+0:0:0:0:0, 2+0:0:0:0:0, 1+3:0:0:0:0, 0+0:0:0:0:0, 2+2:0:0:0:0, 1+2:0:0:0:0, 1+3:1:0:0:0, 1+0:0:0:0:0, 3+2:0:0:0:1, 0+0:0:0:0:0, 2+2:0:0:0:1, 1+1:0:0:0:0, 0+0:0:0:0:0, 2+2:0:0:0:0, 1+2:0:0:0:0, 0+0:0:0:0:0, 0+0:0:0:0:0, 1+0:0:0:0:0, 1+3:0:0:0:0, 1+0:0:0:0:0, 1+2:0:0:0:0, 2+2:0:0:0:0, 2+0:0:0:0:0, 0+0:0:0:0:0, 0+0:0:0:0:0, 0+0:0:0:0:0, 2+1:0:0:0:0, 1+3:0:0:0:0, 1+2:1:0:0:0, 2+3:0:0:0:0, 1+2:0:0:0:0, 1+1:0:0:0:0, 2+2:0:0:0:0, 2+1:0:0:0:0, 1+2:0:0:0:2, 2+2:0:0:0:0, 3+3:0:0:0:0, 3+3:0:0:0:1, 1+2:0:0:0:0, 3+1:0:0:0:0, 3+2:0:0:0:0, 2+1:0:0:0:0, 2+1:0:0:0:0, 1+1:0:0:0:0, 1+2:0:0:0:2, 3+2:0:0:0:0, 2+2:0:0:0:0, 2+2:0:0:0:0, 2+2:0:0:0:0, 2+2:0:0:0:0, 1+2:0:0:0:0, 3+1:0:0:0:0, 2+2:1:1:0:1, 2+2:0:0:0:0, 3+2:0:0:0:1, 1+1:0:0:0:0, 1+1:0:0:0:1, 1+0:0:0:0:0, 1+1:1:0:0:1, 2+2:0:0:0:0, 3+3:0:0:0:0, 2+1:0:0:0:0, 1+2:0:0:0:0, 1+1:0:0:0:0, 2+2:0:0:0:0, 2+1:0:0:0:0, 1+2:0:0:0:2, 2+2:0:0:0:0, 1+1:0:0:0:0, 3+3:0:0:0:1, 1+2:0:0:0:0, 3+1:0:0:0:0, 3+2:0:0:0:0, 2+1:0:0:0:0, 1+0:0:0:0:0, 1+1:0:0:0:0, 1+1:0:0:0:1, 3+2:0:0:0:0, 2+2:0:0:0:0, 2+2:0:0:0:0, 2+2:0:0:0:0, 2+2:0:0:0:0, 1+2:0:0:0:0, 3+1:0:0:0:0, 2+2:1:1:0:1, 2+2:0:0:0:0, 3+2:0:0:0:1, 1+1:0:0:0:0, 1+1:0:0:0:1, 1+0:0:0:0:0, 1+1:1:0:0:1, 2+1:0:0:0:0, 1+2:0:0:0:0, 4+2:0:0:0:1, 1+3:3:0:0:0, 0+0:0:0:0:0, 2+3:0:0:0:0, 3+2:0:0:0:0, 4+2:0:0:0:0, 2+1:0:0:0:1, 1+0:0:0:0:0, 2+2:0:0:0:0, 3+4:0:0:0:0, 2+3:0:0:0:0, 2+1:0:0:0:0, 1+1:0:0:0:0, 2+1:1:0:0:1, 0+0:0:0:0:0, 1+0:0:0:0:0, 2+3:1:0:0:0, 1+4:0:0:0:0, 0+0:0:0:0:0, 2+2:0:0:0:0, 3+3:0:0:0:1, 1+2:0:0:0:0, 1+0:0:0:0:0, 3+2:1:1:0:1, 2+1:0:0:0:0, 3+1:0:0:0:1, 1+1:0:0:0:0, 1+1:0:0:0:0, 2+2:0:0:0:0, 0+0:0:0:0:0, 1+0:0:0:0:0, 0+0:0:0:0:0, 1+0:0:0:0:0, 0+0:0:0:0:0, 1+0:0:0:0:0, 0+0:0:0:0:0, 1+0:0:0:0:0, 1+0:0:0:0:0, 1+0:0:0:0:0, 1+0:0:0:0:0, 1+0:0:0:0:0, 1+0:0:0:0:0, 1+0:0:0:0:0, 238+223:13:4:0:27
G minor (2b), 0+0:0:0:0:0, 2+2:0:0:0:0, 0+0:0:0:0:0, 1+0:0:0:0:0, 0+0:0:0:0:0, 2+2:0:0:0:0, 0+0:0:0:0:0, 1+0:0:0:0:0, 0+0:0:0:0:0, 1+2:0:0:0:0, 0+0:0:0:0:0, 1+1:0:0:0:0, 1+0:0:0:0:0, 0+0:0:0:0:0, 1+1:0:0:0:0, 2+1:0:0:0:0, 0+0:0:0:0:0, 2+2:0:0:0:0, 1+0:0:0:0:0, 3+2:0:0:0:0, 0+4:0:0:0:0, 4+1:0:0:0:0, 0+2:0:0:0:0, 1+0:0:0:0:0, 1+4:0:0:0:0, 3+5:0:0:0:0, 2+0:0:0:0:0, 1+1:0:0:0:1, 1+1:0:0:0:1, 1+1:0:0:0:1, 0+0:0:0:0:0, 0+0:0:0:0:0, 0+0:0:0:0:0, 2+2:0:0:0:0, 0+0:0:0:0:0, 1+0:0:0:0:0, 0+0:0:0:0:0, 2+3:0:0:0:0, 0+0:0:0:0:0, 3+2:0:0:0:0, 1+0:0:0:0:0, 2+0:0:0:0:0, 0+2:0:0:0:0, 1+2:0:0:0:0, 0+0:0:0:0:0, 1+2:0:0:0:1, 3+1:0:0:0:0, 2+0:0:0:0:0, 1+2:0:0:0:0, 2+2:0:0:0:0, 2+0:0:0:0:0, 2+0:0:0:0:0, 1+0:0:0:0:0, 3+1:0:0:0:0, 0+2:0:0:0:0, 1+2:0:0:0:0, 1+2:0:0:0:0, 1+0:0:0:0:0, 2+0:0:0:0:0, 1+0:0:0:0:0, 0+0:0:0:0:0, 3+1:0:0:0:0, 0+0:0:0:0:0, 1+0:0:0:0:0, 1+1:0:0:0:0, 2+2:0:0:0:0, 1+0:0:0:0:0, 2+1:0:0:0:0, 1+0:0:0:0:0, 3+2:0:0:0:0, 2+1:0:0:0:0, 2+0:0:0:0:0, 2+3:0:0:0:1, 3+2:0:0:0:0, 1+1:0:0:0:0, 2+2:0:0:0:0, 2+1:0:0:0:0, 2+2:0:0:0:0, 2+1:0:0:0:0, 1+2:0:0:0:2, 2+2:0:0:0:0, 2+2:0:0:0:0, 2+1:0:0:0:0, 2+1:0:0:0:0, 2+0:0:0:0:0, 3+2:0:0:0:0, 1+1:0:0:0:0, 3+2:0:0:0:0, 1+2:0:0:0:0, 2+2:0:0:0:1, 3+1:0:0:0:0, 2+1:1:0:0:0, 1+0:0:0:0:0, 3+1:1:0:0:1, 2+1:0:0:0:0, 2+2:0:0:0:0, 1+0:0:0:0:0, 2+2:0:0:0:0, 1+0:0:0:0:0, 2+1:0:0:0:0, 1+0:0:0:0:0, 3+2:0:0:0:0, 2+1:0:0:0:0, 1+1:0:0:0:0, 2+3:0:0:0:1, 3+2:0:0:0:0, 1+1:0:0:0:0, 2+2:0:0:0:0, 2+1:0:0:0:0, 3+1:0:0:0:0, 2+1:0:0:0:0, 1+1:0:0:0:1, 2+2:0:0:0:0, 2+2:0:0:0:0, 2+1:0:0:0:0, 2+1:0:0:0:0, 2+0:0:0:0:0, 3+2:0:0:0:0, 1+1:0:0:0:0, 3+2:0:0:0:0, 1+2:0:0:0:0, 2+2:0:0:0:1, 3+1:0:0:0:0, 2+1:1:0:0:0, 1+0:0:0:0:0, 3+1:1:0:0:1, 2+1:0:0:0:0, 2+2:2:0:0:0, 2+2:0:0:0:0, 3+3:3:0:0:0, 1+1:0:0:0:0, 2+1:0:0:0:0, 2+2:0:0:0:0, 4+2:0:0:0:0, 2+1:0:0:0:1, 1+0:0:0:0:0, 1+2:0:0:0:0, 1+4:0:0:0:0, 0+3:0:0:0:0, 1+1:0:0:0:0, 2+1:0:0:0:0, 1+1:0:0:0:0, 2+0:0:0:0:0, 1+0:0:0:0:0, 1+3:0:0:0:1, 2+4:0:0:0:0, 1+0:0:0:0:0, 3+2:0:0:0:0, 2+3:0:0:0:1, 1+2:0:0:0:0, 2+0:0:0:0:0, 2+2:0:0:0:0, 1+1:0:0:0:0, 1+1:0:0:0:1, 3+1:0:0:0:0, 3+1:0:0:0:1, 0+0:0:0:0:0, 3+1:0:0:0:0, 0+0:0:0:0:0, 0+0:0:0:0:0, 1+0:0:0:0:0, 1+0:0:0:0:0, 0+0:0:0:0:0, 1+0:0:0:0:0, 0+0:0:0:0:0, 0+0:0:0:0:0, 0+0:0:0:0:0, 0+0:0:0:0:0, 0+0:0:0:0:0, 0+0:0:0:0:0, 0+0:0:0:0:0, 249+185:9:0:0:18
B minor (2#), 1+0:0:0:0:0, 1+2:0:0:0:2, 0+2:0:0:0:0, 0+4:0:0:0:0, 1+0:0:0:0:0, 1+2:0:0:0:2, 0+2:0:0:0:0, 0+4:0:0:0:0, 2+2:0:0:0:0, 1+2:0:0:0:0, 1+0:0:0:0:0, 2+1:0:0:0:0, 0+0:0:0:0:0, 0+4:0:0:0:0, 1+3:0:0:0:0, 0+0:0:0:0:0, 1+2:0:0:0:0, 1+2:0:0:0:2, 0+0:0:0:0:0, 2+2:0:0:0:0, 1+0:0:0:0:0, 2+1:0:0:0:0, 1+0:0:0:0:0, 1+0:0:0:0:0, 2+0:0:0:0:0, 4+2:0:1:0:2, 0+0:0:0:0:0, 0+2:0:0:0:0, 0+1:0:0:0:0, 0+0:0:0:0:0, 1+0:0:0:0:0, 1+1:0:0:0:0, 1+0:0:0:0:0, 1+2:0:0:0:2, 0+2:0:0:0:0, 0+3:0:0:0:0, 2+3:0:0:0:0, 1+3:0:0:0:3, 0+3:0:0:0:0, 2+2:0:0:0:0, 1+0:0:0:0:0, 1+1:0:0:0:0, 1+0:0:0:0:0, 3+2:0:0:0:1, 0+0:0:0:0:0, 2+2:0:0:0:1, 1+1:0:0:0:0, 0+0:0:0:0:0, 2+2:0:0:0:0, 1+2:0:0:0:0, 0+0:0:0:0:0, 0+0:0:0:0:0, 1+1:0:0:0:0, 1+3:0:0:0:0, 1+1:0:0:0:0, 1+1:0:0:0:0, 2+1:0:0:0:0, 2+0:0:0:0:0, 0+0:0:0:0:0, 0+3:0:0:0:0, 0+1:0:0:0:0, 2+3:0:0:0:0, 1+0:0:0:0:0, 1+1:0:0:0:0, 2+1:0:0:0:0, 1+3:0:0:0:2, 1+2:0:0:0:0, 2+2:0:0:0:0, 2+1:0:0:0:0, 1+2:0:0:0:2, 2+2:0:0:0:0, 3+3:0:0:0:0, 3+3:0:0:0:1, 1+2:0:0:0:0, 3+1:0:0:0:0, 3+2:0:0:0:0, 2+3:0:0:0:0, 2+4:0:0:0:1, 1+1:0:0:0:0, 1+2:0:0:0:2, 3+2:0:0:0:0, 2+2:0:0:0:0, 2+2:0:0:0:0, 2+2:0:0:0:0, 2+2:0:0:0:2, 1+2:0:0:0:0, 3+1:0:0:0:0, 2+2:1:1:0:1, 2+0:0:0:0:0, 3+2:0:0:0:1, 1+1:0:0:0:0, 1+2:0:0:0:0, 1+2:0:0:0:1, 1+1:1:0:0:1, 2+2:0:0:0:0, 3+3:0:0:0:0, 2+1:0:0:0:0, 1+3:0:0:0:2, 1+2:0:0:0:0, 2+2:0:0:0:0, 2+1:0:0:0:0, 1+2:0:0:0:2, 2+2:0:0:0:0, 1+2:0:0:0:0, 3+3:0:0:0:1, 1+2:0:0:0:0, 3+1:0:0:0:0, 3+2:0:0:0:0, 2+3:0:0:0:0, 1+3:0:0:0:0, 1+1:0:0:0:0, 1+1:0:0:0:1, 3+2:0:0:0:0, 2+2:0:0:0:0, 2+2:0:0:0:0, 2+2:0:0:0:0, 2+2:0:0:0:2, 1+2:0:0:0:0, 3+1:0:0:0:0, 2+2:1:1:0:1, 2+0:0:0:0:0, 3+2:0:0:0:1, 1+1:0:0:0:0, 1+2:0:0:0:0, 1+2:0:0:0:1, 1+1:1:0:0:1, 2+2:0:0:0:0, 3+3:0:0:0:0, 4+3:0:0:0:0, 2+1:1:0:0:1, 0+0:0:0:0:0, 2+3:0:0:0:0, 3+2:0:0:0:0, 4+2:0:0:0:0, 2+1:0:0:0:0, 1+0:0:0:0:0, 2+2:0:0:0:0, 3+4:0:0:0:0, 2+3:0:0:0:0, 2+1:0:0:0:0, 1+1:0:0:0:0, 3+2:0:0:0:0, 0+2:0:0:0:0, 1+3:0:0:0:0, 2+2:0:0:0:0, 1+4:0:0:0:4, 0+2:0:0:0:0, 2+2:0:0:0:0, 3+1:0:0:0:0, 1+1:0:0:0:0, 1+2:0:0:0:2, 3+2:1:1:0:1, 2+1:0:0:0:0, 3+1:0:0:0:1, 1+1:0:0:0:0, 1+1:0:0:0:0, 2+1:0:0:0:0, 0+0:0:0:0:0, 1+0:0:0:0:0, 0+2:0:0:0:0, 1+1:0:0:0:0, 0+2:0:0:0:0, 1+0:0:0:0:0, 0+3:0:0:0:0, 1+0:0:0:0:0, 1+0:0:0:0:0, 1+0:0:0:0:0, 1+0:0:0:0:0, 1+0:0:0:0:0, 1+0:0:0:0:0, 1+0:0:0:0:0, 242+264:6:4:0:50
Eb major (3b), 0+0:0:0:0:0, 3+2:0:0:0:0, 0+0:0:0:0:0, 1+0:0:0:0:0, 0+0:0:0:0:0, 3+2:0:0:0:0, 0+0:0:0:0:0, 1+0:0:0:0:0, 0+1:0:0:0:0, 1+0:0:0:0:0, 1+0:0:0:0:0, 1+0:0:0:0:0, 1+1:0:0:0:0, 1+0:0:0:0:0, 2+1:0:0:0:0, 2+1:0:0:0:0, 0+0:0:0:0:0, 3+2:0:0:0:0, 1+1:0:0:0:0, 1+1:0:0:0:0, 0+0:0:0:0:0, 3+2:0:0:0:0, 1+0:0:0:0:0, 1+1:0:0:0:0, 2+1:0:0:0:0, 1+1:0:1:0:0, 3+0:0:0:0:0, 2+1:0:0:0:0, 2+1:0:0:0:0, 1+1:0:0:0:0, 0+0:0:0:0:0, 0+0:0:0:0:0, 0+0:0:0:0:0, 3+2:0:0:0:0, 0+0:0:0:0:0, 1+0:0:0:0:0, 0+0:0:0:0:0, 3+3:0:0:0:0, 1+0:0:0:0:0, 1+2:0:0:0:0, 1+0:0:0:0:0, 2+1:0:0:0:0, 1+0:0:0:0:0, 2+1:0:0:0:0, 1+0:0:0:0:0, 2+1:0:0:0:0, 3+4:0:0:0:0, 2+2:0:0:0:0, 1+0:0:0:0:0, 3+2:0:0:0:0, 2+1:0:0:0:0, 2+2:0:0:0:0, 1+1:0:0:0:0, 3+2:0:0:0:1, 1+0:0:0:0:0, 1+0:0:0:0:0, 1+0:0:0:0:0, 2+0:0:0:0:0, 2+0:0:0:0:0, 2+0:0:0:0:0, 1+0:0:0:0:0, 4+1:0:0:0:0, 0+0:0:0:0:0, 1+1:0:0:0:1, 1+0:0:0:0:0, 3+2:0:0:0:0, 1+0:0:0:0:0, 1+1:0:0:0:0, 1+0:0:0:0:0, 3+2:0:0:0:0, 1+1:0:0:0:0, 1+1:0:0:0:0, 2+1:0:0:0:0, 2+1:0:0:0:0, 2+1:0:0:0:0, 2+1:0:0:0:0, 2+1:0:0:0:0, 3+2:0:0:0:1, 1+1:1:0:0:1, 0+0:0:0:0:0, 2+1:0:0:0:0, 3+3:0:0:0:0, 1+1:0:0:0:0, 1+1:0:0:0:0, 3+1:0:0:0:0, 2+1:0:0:0:0, 2+1:0:0:0:0, 3+1:0:0:0:0, 2+0:0:0:0:0, 1+1:0:0:0:0, 2+2:0:0:0:0, 3+2:0:0:0:0, 2+0:0:0:0:0, 2+4:1:0:0:1, 3+1:0:0:0:0, 1+2:0:0:0:0, 1+0:0:0:0:0, 3+2:0:0:0:0, 1+0:0:0:0:0, 1+1:0:0:0:0, 1+0:0:0:0:0, 3+2:0:0:0:0, 1+1:0:0:0:0, 1+0:0:0:0:0, 2+1:0:0:0:0, 2+1:0:0:0:0, 2+1:0:0:0:0, 2+1:0:0:0:0, 2+1:0:0:0:0, 4+3:0:0:0:1, 1+1:1:0:0:1, 0+0:0:0:0:0, 2+1:0:0:0:0, 3+3:0:0:0:0, 1+1:0:0:0:0, 1+1:0:0:0:0, 3+1:0:0:0:0, 2+1:0:0:0:0, 2+1:0:0:0:0, 3+1:0:0:0:0, 2+0:0:0:0:0, 1+1:0:0:0:0, 2+2:0:0:0:0, 3+2:0:0:0:0, 2+0:0:0:0:0, 2+3:1:0:0:1, 3+1:0:0:0:0, 1+2:0:0:0:0, 2+2:0:0:0:1, 3+4:0:0:0:0, 1+1:0:0:0:0, 1+1:0:0:0:0, 2+1:0:0:0:0, 5+2:0:0:0:0, 1+1:0:0:0:0, 1+0:0:0:0:0, 2+0:0:0:0:0, 1+1:0:0:0:0, 0+0:0:0:0:0, 2+0:0:0:0:0, 1+1:1:0:0:0, 2+1:0:0:0:0, 2+0:0:0:0:0, 1+0:0:0:0:0, 1+1:0:0:0:1, 3+4:0:0:0:0, 2+0:0:0:0:0, 1+1:0:0:0:0, 2+1:0:0:0:0, 1+0:0:0:0:0, 2+1:0:0:0:0, 2+1:0:0:0:0, 1+0:0:0:0:0, 0+2:0:0:0:0, 2+2:0:0:0:0, 4+2:0:0:0:0, 1+1:0:0:0:0, 3+2:0:0:0:0, 0+0:0:0:0:0, 0+0:0:0:0:0, 2+0:0:0:0:0, 1+0:0:0:0:0, 0+0:0:0:0:0, 2+1:0:0:0:0, 0+0:0:0:0:0, 0+0:0:0:0:0, 0+0:0:0:0:0, 0+0:0:0:0:0, 0+0:0:0:0:0, 0+0:0:0:0:0, 0+0:0:0:0:0, 264+153:5:1:0:10
A major (3#), 2+1:0:0:0:0, 1+2:0:0:0:2, 1+2:0:0:0:0, 1+2:0:0:0:0, 2+1:0:0:0:0, 1+2:0:0:0:2, 1+2:0:0:0:0, 1+2:0:0:0:0, 2+2:0:0:0:0, 2+3:0:0:0:0, 1+0:0:0:0:0, 2+0:0:0:0:0, 0+0:0:0:0:0, 0+0:0:0:0:0, 2+2:0:0:0:0, 1+5:0:0:0:0, 2+1:0:0:0:0, 1+2:0:0:0:2, 1+2:0:0:0:0, 1+2:0:0:0:0, 1+0:0:0:0:0, 3+5:0:0:0:0, 1+0:0:0:0:0, 2+3:0:0:0:0, 1+0:0:0:0:0, 5+6:0:0:0:0, 0+0:0:0:0:0, 1+0:0:0:0:0, 1+0:0:0:0:0, 1+0:0:0:0:0, 2+1:0:0:0:0, 2+4:0:0:0:0, 2+1:0:0:0:0, 1+2:0:0:0:2, 1+2:0:0:0:0, 1+3:0:0:0:0, 3+3:0:0:0:0, 1+3:0:0:0:3, 1+2:0:0:0:0, 1+2:0:0:0:0, 1+0:0:0:0:0, 2+5:0:0:0:0, 1+0:0:0:0:0, 4+2:0:0:0:0, 0+0:0:0:0:0, 3+1:0:0:0:0, 2+2:0:0:0:0, 1+3:0:0:0:0, 3+1:0:0:0:0, 1+2:0:0:0:2, 1+2:0:0:0:0, 1+0:0:0:0:0, 2+2:0:0:0:0, 2+3:0:0:0:0, 2+1:0:0:0:0, 2+2:0:0:0:0, 3+1:0:0:0:0, 2+3:0:0:0:0, 0+0:0:0:0:0, 0+0:0:0:0:0, 0+0:0:0:0:0, 1+2:0:0:0:0, 2+2:0:0:0:0, 2+4:0:0:0:0, 3+1:0:0:0:0, 2+3:0:0:0:2, 2+2:0:0:0:0, 1+2:0:0:0:0, 3+1:0:0:0:0, 1+2:0:0:0:2, 1+2:0:0:0:0, 2+3:0:0:0:0, 3+1:0:0:0:0, 2+2:0:0:0:0, 3+1:0:0:0:0, 4+2:0:0:0:0, 2+1:0:0:0:0, 1+1:0:0:0:0, 2+1:0:0:0:0, 4+5:0:0:0:0, 4+3:0:0:0:0, 2+3:0:0:0:2, 1+2:0:0:0:0, 1+2:0:0:0:0, 1+2:0:0:0:0, 2+3:0:0:0:0, 2+1:0:0:0:1, 4+2:0:0:0:0, 2+0:0:0:0:0, 2+2:1:0:0:0, 2+1:0:0:0:0, 1+1:0:0:0:1, 1+0:0:0:0:0, 1+3:0:0:0:0, 3+2:0:0:0:0, 2+3:0:0:0:0, 3+1:0:0:0:0, 2+3:0:0:0:2, 2+2:0:0:0:0, 1+2:0:0:0:0, 3+1:0:0:0:0, 1+2:0:0:0:2, 1+2:0:0:0:0, 2+2:0:0:0:0, 3+1:0:0:0:0, 2+2:0:0:0:0, 3+1:0:0:0:0, 4+2:0:0:0:0, 2+1:0:0:0:0, 0+0:0:0:0:0, 2+1:0:0:0:0, 3+6:0:0:0:0, 4+3:0:0:0:0, 2+3:0:0:0:2, 1+2:0:0:0:0, 1+2:0:0:0:0, 1+2:0:0:0:0, 2+3:0:0:0:0, 2+1:0:0:0:1, 4+2:0:0:0:0, 2+0:0:0:0:0, 2+2:1:0:0:0, 2+1:0:0:0:0, 1+1:0:0:0:1, 1+0:0:0:0:0, 1+2:0:0:0:0, 3+2:0:0:0:0, 2+3:0:0:0:0, 5+3:0:0:0:0, 2+1:1:0:0:1, 1+3:0:0:0:0, 1+3:0:0:0:0, 4+2:0:0:0:0, 4+3:0:0:0:1, 1+2:0:0:0:0, 2+3:0:0:0:0, 2+0:0:0:0:0, 3+4:0:0:0:1, 3+1:0:0:0:0, 3+1:0:0:0:0, 2+1:0:0:0:0, 2+2:0:0:0:0, 1+2:0:0:0:0, 2+3:0:0:0:0, 3+3:1:0:0:0, 1+4:0:0:0:4, 1+2:0:0:0:0, 1+2:0:0:0:0, 3+1:0:0:0:0, 2+3:0:0:0:0, 1+1:0:0:0:0, 4+2:1:1:0:1, 2+0:0:0:0:0, 4+1:0:0:0:1, 2+1:0:0:0:0, 1+1:0:0:0:0, 2+1:0:0:0:0, 1+3:0:0:0:0, 1+0:0:0:0:0, 1+5:0:0:0:0, 2+1:0:0:0:0, 1+2:0:0:0:0, 2+3:0:0:0:0, 1+3:0:0:0:0, 1+0:0:0:0:0, 1+0:0:0:0:0, 1+0:0:0:0:0, 1+0:0:0:0:0, 1+0:0:0:0:0, 1+0:0:0:0:0, 1+0:0:0:0:0, 307+299:5:1:0:38
C minor (3b), 0+0:0:0:0:0, 3+2:0:0:0:0, 0+0:0:0:0:0, 1+0:0:0:0:0, 0+0:0:0:0:0, 3+2:0:0:0:0, 0+0:0:0:0:0, 1+0:0:0:0:0, 0+1:0:0:0:0, 1+0:0:0:0:0, 1+0:0:0:0:0, 1+0:0:0:0:0, 1+0:0:0:0:0, 1+0:0:0:0:0, 2+1:0:0:0:0, 2+1:0:0:0:0, 0+0:0:0:0:0, 3+2:0:0:0:0, 1+1:0:0:0:0, 1+1:0:0:0:0, 0+0:0:0:0:0, 3+2:0:0:0:0, 1+0:0:0:0:0, 1+1:0:0:0:0, 2+1:0:0:0:0, 2+5:0:0:0:0, 3+0:0:0:0:0, 2+1:0:0:0:0, 2+1:0:0:0:0, 1+1:0:0:0:0, 0+0:0:0:0:0, 0+0:0:0:0:0, 0+0:0:0:0:0, 3+2:0:0:0:0, 0+0:0:0:0:0, 1+0:0:0:0:0, 0+0:0:0:0:0, 3+3:0:0:0:0, 1+0:0:0:0:0, 1+2:0:0:0:0, 1+0:0:0:0:0, 2+1:0:0:0:0, 1+0:0:0:0:0, 2+1:0:0:0:0, 1+0:0:0:0:0, 2+1:0:0:0:0, 3+4:0:0:0:0, 2+2:0:0:0:0, 1+0:0:0:0:0, 3+2:0:0:0:0, 2+1:0:0:0:0, 2+0:0:0:0:0, 1+0:0:0:0:0, 3+1:0:0:0:0, 1+0:0:0:0:0, 1+0:0:0:0:0, 1+0:0:0:0:0, 2+3:0:0:0:0, 2+0:0:0:0:0, 2+0:0:0:0:0, 1+0:0:0:0:0, 4+1:0:0:0:0, 0+0:0:0:0:0, 1+1:0:0:0:1, 1+0:0:0:0:0, 3+2:0:0:0:0, 1+0:0:0:0:0, 1+1:0:0:0:0, 1+0:0:0:0:0, 3+2:0:0:0:0, 1+1:0:0:0:0, 1+1:0:0:0:0, 2+1:0:0:0:0, 2+1:0:0:0:0, 2+1:0:0:0:0, 2+1:0:0:0:0, 2+1:0:0:0:0, 3+2:0:0:0:1, 2+2:0:0:0:0, 0+0:0:0:0:0, 2+1:0:0:0:0, 3+3:0:0:0:0, 1+1:0:0:0:0, 1+1:0:0:0:0, 3+1:0:0:0:0, 2+1:0:0:0:0, 2+1:0:0:0:0, 3+1:0:0:0:0, 2+0:0:0:0:0, 1+3:0:0:0:0, 2+2:0:0:0:0, 3+1:1:0:0:0, 2+0:0:0:0:0, 2+4:1:0:0:1, 3+1:0:0:0:0, 1+2:0:0:0:0, 1+0:0:0:0:0, 3+2:0:0:0:0, 1+0:0:0:0:0, 1+1:0:0:0:0, 1+0:0:0:0:0, 3+2:0:0:0:0, 1+1:0:0:0:0, 1+0:0:0:0:0, 2+1:0:0:0:0, 2+1:0:0:0:0, 2+1:0:0:0:0, 2+1:0:0:0:0, 2+1:0:0:0:0, 4+3:0:0:0:1, 2+2:0:0:0:0, 0+0:0:0:0:0, 2+1:0:0:0:0, 3+3:0:0:0:0, 1+1:0:0:0:0, 1+1:0:0:0:0, 3+1:0:0:0:0, 2+1:0:0:0:0, 2+1:0:0:0:0, 3+1:0:0:0:0, 2+0:0:0:0:0, 1+3:0:0:0:0, 2+2:0:0:0:0, 3+1:1:0:0:0, 2+0:0:0:0:0, 2+3:1:0:0:1, 3+1:0:0:0:0, 1+2:0:0:0:0, 2+2:0:0:0:0, 3+3:3:0:0:0, 1+1:0:0:0:0, 1+1:0:0:0:0, 2+1:0:0:0:0, 5+3:0:0:0:0, 1+1:0:0:0:0, 1+0:0:0:0:0, 2+0:0:0:0:0, 1+1:0:0:0:0, 0+0:0:0:0:0, 2+0:0:0:0:0, 1+1:1:0:0:0, 2+1:0:0:0:0, 2+0:0:0:0:0, 1+0:0:0:0:0, 1+1:0:0:0:1, 3+4:0:0:0:0, 2+0:0:0:0:0, 1+1:0:0:0:0, 2+1:0:0:0:0, 1+0:0:0:0:0, 2+1:0:0:0:0, 2+1:0:0:0:0, 1+0:0:0:0:0, 0+2:0:0:0:0, 2+2:0:0:0:0, 4+2:0:0:0:0, 1+1:0:0:0:0, 3+1:0:0:0:0, 0+0:0:0:0:0, 0+0:0:0:0:0, 2+0:0:0:0:0, 1+0:0:0:0:0, 0+0:0:0:0:0, 2+0:0:0:0:0, 0+0:0:0:0:0, 0+0:0:0:0:0, 0+0:0:0:0:0, 0+0:0:0:0:0, 0+0:0:0:0:0, 0+0:0:0:0:0, 0+0:0:0:0:0, 267+157:8:0:0:6
F# minor (3#), 2+1:0:0:0:0, 1+2:0:0:0:2, 1+0:0:0:0:0, 1+0:0:0:0:0, 2+0:0:0:0:0, 1+2:0:0:0:2, 1+2:0:0:0:0, 1+2:0:0:0:0, 2+2:0:0:0:0, 2+3:0:0:0:0, 1+0:0:0:0:0, 2+0:0:0:0:0, 0+0:0:0:0:0, 0+0:0:0:0:0, 2+3:0:0:0:0, 1+0:0:0:0:0, 2+2:0:0:0:0, 1+2:0:0:0:2, 1+2:0:0:0:0, 1+2:0:0:0:0, 1+0:0:0:0:0, 3+5:0:0:0:0, 1+0:0:0:0:0, 2+0:0:0:0:0, 2+1:0:0:0:1, 5+2:1:0:0:1, 0+3:0:0:0:0, 1+2:0:0:0:0, 1+1:0:0:0:0, 1+0:0:0:0:0, 2+0:0:0:0:0, 2+1:0:0:0:0, 2+0:0:0:0:0, 1+2:0:0:0:2, 1+2:0:0:0:0, 1+3:0:0:0:0, 3+3:0:0:0:0, 1+3:0:0:0:3, 1+2:0:0:0:0, 1+2:0:0:0:0, 1+0:0:0:0:0, 2+1:0:0:0:0, 1+0:0:0:0:0, 4+2:0:0:0:0, 0+0:0:0:0:0, 3+1:0:0:0:0, 2+1:0:0:0:0, 1+0:0:0:0:0, 3+1:0:0:0:0, 1+2:0:0:0:2, 1+0:0:0:0:0, 1+0:0:0:0:0, 2+2:0:0:0:0, 2+3:0:0:0:0, 2+1:0:0:0:0, 2+2:0:0:0:0, 3+1:0:0:0:0, 2+3:0:0:0:0, 0+0:0:0:0:0, 0+1:0:0:0:0, 0+0:0:0:0:0, 1+2:0:0:0:0, 2+2:0:0:0:0, 2+1:0:0:0:0, 3+1:0:0:0:0, 2+3:0:0:0:2, 2+2:0:0:0:0, 1+2:0:0:0:0, 3+1:0:0:0:0, 1+2:0:0:0:2, 1+2:0:0:0:0, 2+3:0:0:0:0, 3+1:0:0:0:0, 2+2:0:0:0:0, 2+1:0:0:0:1, 4+2:0:0:0:0, 2+1:0:0:0:0, 1+0:0:0:0:0, 2+1:0:0:0:0, 4+5:0:0:0:0, 4+3:0:0:0:0, 2+3:0:0:0:2, 1+2:0:0:0:0, 1+2:0:0:0:0, 1+2:0:0:0:2, 2+2:0:0:0:0, 2+1:0:0:0:1, 4+2:0:0:0:0, 2+0:0:0:0:0, 2+2:1:0:0:0, 2+1:0:0:0:0, 1+1:0:0:0:1, 1+0:0:0:0:0, 1+3:0:0:0:0, 3+2:0:0:0:0, 2+3:0:0:0:0, 3+1:0:0:0:0, 2+3:0:0:0:2, 2+2:0:0:0:0, 1+2:0:0:0:0, 3+1:0:0:0:0, 1+2:0:0:0:2, 1+2:0:0:0:0, 2+2:0:0:0:0, 3+1:0:0:0:0, 2+2:0:0:0:0, 2+1:0:0:0:1, 4+2:0:0:0:0, 2+1:0:0:0:0, 0+0:0:0:0:0, 2+1:0:0:0:0, 3+6:0:0:0:0, 4+3:0:0:0:0, 2+3:0:0:0:2, 1+2:0:0:0:0, 1+2:0:0:0:0, 1+2:0:0:0:2, 2+2:0:0:0:0, 2+1:0:0:0:1, 4+2:0:0:0:0, 2+0:0:0:0:0, 2+2:1:0:0:0, 2+1:0:0:0:0, 1+1:0:0:0:1, 1+0:0:0:0:0, 1+2:0:0:0:0, 3+2:0:0:0:0, 2+3:0:0:0:0, 5+3:0:0:0:0, 2+1:1:0:0:1, 1+3:0:0:0:0, 1+3:0:0:0:0, 4+2:0:0:0:0, 4+3:0:0:0:1, 1+2:0:0:0:0, 2+3:0:0:0:0, 2+0:0:0:0:0, 3+4:0:0:0:1, 3+1:0:0:0:0, 3+1:0:0:0:0, 2+1:0:0:0:0, 1+1:1:0:0:1, 1+0:0:0:0:0, 2+1:0:0:0:1, 3+2:0:0:0:0, 1+4:0:0:0:4, 1+2:0:0:0:0, 1+2:0:0:0:0, 3+1:0:0:0:0, 2+3:0:0:0:0, 1+1:0:0:0:0, 4+2:1:1:0:1, 2+0:0:0:0:0, 4+1:0:0:0:1, 2+1:0:0:0:0, 1+1:0:0:0:0, 2+1:0:0:0:0, 1+0:0:0:0:0, 1+0:0:0:0:0, 1+0:0:0:0:0, 2+1:0:0:0:0, 1+0:0:0:0:0, 2+0:0:0:0:0, 1+1:0:0:0:0, 1+0:0:0:0:0, 1+0:0:0:0:0, 1+0:0:0:0:0, 1+0:0:0:0:0, 1+0:0:0:0:0, 1+0:0:0:0:0, 1+0:0:0:0:0, 305+250:6:1:0:48
Ab major (4b), 0+0:0:0:0:0, 3+2:0:0:0:0, 1+0:0:0:0:0, 2+0:0:0:0:0, 0+0:0:0:0:0, 3+2:0:0:0:0, 1+0:0:0:0:0, 2+0:0:0:0:0, 0+0:0:0:0:0, 1+0:0:0:0:0, 1+0:0:0:0:0, 1+0:0:0:0:0, 2+1:0:0:0:0, 2+0:0:0:0:0, 3+1:0:0:0:0, 1+1:0:0:0:0, 1+0:0:0:0:0, 3+2:0:0:0:0, 2+1:0:0:0:0, 2+1:0:0:0:1, 0+0:0:0:0:0, 2+2:0:0:0:0, 1+0:0:0:0:0, 1+1:0:0:0:0, 2+1:0:0:0:0, 1+1:0:1:0:1, 3+0:0:0:0:0, 1+1:0:0:0:0, 3+1:0:0:0:0, 2+1:0:0:0:0, 0+0:0:0:0:0, 1+0:0:0:0:0, 0+0:0:0:0:0, 3+2:0:0:0:0, 1+0:0:0:0:0, 2+0:0:0:0:0, 1+0:0:0:0:0, 3+3:0:0:0:0, 2+0:0:0:0:0, 2+2:0:0:0:0, 1+0:0:0:0:0, 3+1:0:0:0:0, 2+0:0:0:0:0, 2+1:0:0:0:0, 2+0:0:0:0:0, 3+1:0:0:0:0, 2+4:0:0:0:0, 1+2:0:0:0:0, 1+0:0:0:0:0, 3+2:0:0:0:0, 3+1:0:0:0:0, 3+2:0:0:0:0, 2+1:1:0:0:1, 4+2:0:0:0:0, 2+0:0:0:0:0, 2+0:0:0:0:0, 2+1:0:0:0:0, 2+0:0:0:0:0, 2+0:0:0:0:0, 2+0:0:0:0:0, 2+0:0:0:0:0, 5+1:0:0:0:0, 0+0:0:0:0:0, 2+1:0:0:0:0, 1+1:0:0:0:0, 3+2:0:0:0:0, 2+1:0:0:0:0, 2+1:0:0:0:0, 1+0:0:0:0:0, 3+2:0:0:0:0, 2+1:0:0:0:0, 2+1:0:0:0:1, 2+1:0:0:0:0, 1+1:0:0:0:0, 2+1:0:0:0:0, 2+1:0:0:0:0, 3+1:0:0:0:0, 3+2:0:0:0:0, 1+2:0:0:0:0, 1+1:0:0:0:0, 1+1:0:0:0:0, 3+2:0:0:0:0, 2+1:0:0:0:0, 2+1:0:0:0:1, 3+1:0:0:0:0, 1+1:0:0:0:0, 2+1:0:0:0:0, 2+1:0:0:0:0, 2+1:0:0:0:0, 1+1:0:0:0:0, 2+1:1:0:0:1, 3+1:1:0:0:0, 3+0:0:0:0:0, 3+1:1:0:0:1, 4+1:0:0:0:0, 2+2:0:0:0:0, 1+1:0:0:0:0, 3+2:0:0:0:0, 2+1:0:0:0:0, 2+1:0:0:0:0, 1+0:0:0:0:0, 3+2:0:0:0:0, 2+1:0:0:0:0, 2+0:0:0:0:0, 2+1:0:0:0:0, 1+1:0:0:0:0, 2+1:0:0:0:0, 2+1:0:0:0:0, 3+1:0:0:0:0, 5+1:0:0:0:0, 1+2:0:0:0:0, 1+1:0:0:0:0, 1+1:0:0:0:0, 3+2:0:0:0:0, 2+1:0:0:0:0, 2+1:0:0:0:1, 3+1:0:0:0:0, 1+1:0:0:0:0, 2+1:0:0:0:0, 2+1:0:0:0:0, 2+1:0:0:0:0, 1+1:0:0:0:0, 2+1:1:0:0:1, 3+1:1:0:0:0, 3+0:0:0:0:0, 3+1:1:0:0:1, 4+1:0:0:0:0, 2+1:0:0:0:1, 2+2:0:0:0:0, 3+4:0:0:0:0, 2+1:0:0:0:0, 2+1:0:0:0:0, 2+1:1:0:0:1, 5+2:0:0:0:0, 2+1:0:0:0:0, 2+0:0:0:0:0, 2+0:0:0:0:0, 1+1:0:0:0:0, 0+0:0:0:0:0, 2+0:0:0:0:0, 2+1:1:0:0:1, 3+1:0:0:0:0, 3+3:0:0:0:0, 2+0:0:0:0:0, 2+1:0:0:0:0, 4+4:0:0:0:0, 3+0:0:0:0:0, 2+1:0:0:0:0, 2+1:0:0:0:0, 2+0:0:0:0:0, 3+1:0:0:0:0, 1+1:0:0:0:0, 2+0:0:0:0:0, 0+0:0:0:0:0, 2+2:0:0:0:0, 3+2:0:0:0:0, 2+1:0:0:0:0, 4+0:0:0:0:0, 0+0:0:0:0:0, 1+0:0:0:0:0, 3+0:0:0:0:0, 2+0:0:0:0:0, 0+0:0:0:0:0, 3+1:1:0:0:1, 0+0:0:0:0:0, 0+0:0:0:0:0, 0+0:0:0:0:0, 0+0:0:0:0:0, 0+0:0:0:0:0, 0+0:0:0:0:0, 0+0:0:0:0:0, 327+148:10:1:0:14
E major (4#), 2+0:0:0:0:0, 1+2:0:0:0:1, 2+2:0:0:0:0, 2+4:0:0:0:0, 2+0:0:0:0:0, 1+2:0:0:0:1, 2+2:0:0:0:0, 2+4:0:0:0:0, 2+2:0:0:0:0, 2+3:0:0:0:0, 1+0:0:0:0:0, 2+0:0:0:0:0, 1+2:0:0:0:0, 1+3:0:0:0:0, 3+3:0:0:0:0, 1+0:0:0:0:0, 3+2:0:0:0:0, 1+2:0:0:0:1, 2+2:0:0:0:0, 2+2:0:0:0:0, 1+0:0:0:0:0, 4+5:0:0:0:0, 1+0:0:0:0:0, 2+0:0:0:0:0, 1+3:0:0:0:0, 5+6:0:0:0:0, 0+0:0:0:0:0, 1+1:0:0:0:0, 2+3:0:0:0:0, 2+4:0:0:0:0, 2+0:0:0:0:0, 3+1:0:0:0:0, 2+0:0:0:0:0, 1+2:0:0:0:1, 2+2:0:0:0:0, 2+3:0:0:0:0, 4+3:0:0:0:0, 1+3:0:0:0:1, 2+3:0:0:0:0, 2+2:0:0:0:0, 1+0:0:0:0:0, 3+1:0:0:0:0, 2+0:0:0:0:0, 4+2:0:0:0:0, 1+2:0:0:0:0, 4+1:0:0:0:0, 3+2:0:0:0:0, 1+3:0:0:0:0, 3+1:0:0:0:0, 1+2:0:0:0:1, 2+3:0:0:0:0, 2+2:0:0:0:0, 3+1:0:0:0:0, 3+3:0:0:0:0, 3+1:0:0:0:0, 3+1:0:0:0:0, 4+3:0:0:0:0, 2+3:0:0:0:0, 0+0:0:0:0:0, 0+0:0:0:0:0, 1+0:0:0:0:0, 2+2:0:0:0:0, 2+0:0:0:0:0, 3+1:0:0:0:0, 3+1:0:0:0:0, 2+3:0:0:0:1, 3+2:0:0:0:0, 2+2:0:0:0:0, 3+1:0:0:0:0, 1+2:0:0:0:1, 2+2:0:0:0:0, 3+3:0:0:0:0, 3+1:0:0:0:0, 2+1:0:0:0:0, 2+1:0:0:0:1, 3+2:0:0:0:0, 3+1:0:0:0:0, 2+1:0:0:0:0, 3+1:0:0:0:0, 5+5:0:0:0:0, 4+3:0:0:0:0, 2+3:0:0:0:1, 2+2:0:0:0:0, 2+2:0:0:0:0, 1+2:0:0:0:0, 2+3:0:0:0:0, 2+1:0:0:0:1, 4+2:1:0:0:1, 2+0:0:0:0:0, 2+2:1:0:0:0, 2+1:0:0:0:0, 1+1:0:0:0:1, 2+0:0:0:0:0, 2+3:0:0:0:0, 4+2:0:0:0:0, 3+3:0:0:0:0, 3+1:0:0:0:0, 2+3:0:0:0:1, 3+2:0:0:0:0, 2+2:0:0:0:0, 3+1:0:0:0:0, 1+2:0:0:0:1, 2+2:0:0:0:0, 3+2:0:0:0:0, 3+1:0:0:0:0, 2+1:0:0:0:0, 2+1:0:0:0:1, 3+2:0:0:0:0, 3+1:0:0:0:0, 1+0:0:0:0:0, 3+1:0:0:0:0, 4+6:0:0:0:0, 4+3:0:0:0:0, 2+3:0:0:0:1, 2+2:0:0:0:0, 2+2:0:0:0:0, 1+2:0:0:0:0, 2+3:0:0:0:0, 2+1:0:0:0:1, 4+2:1:0:0:1, 2+0:0:0:0:0, 2+2:1:0:0:0, 2+1:0:0:0:0, 1+1:0:0:0:1, 2+0:0:0:0:0, 2+2:0:0:0:0, 4+2:0:0:0:0, 3+3:0:0:0:0, 4+3:0:0:0:0, 1+1:1:0:0:1, 2+3:0:0:0:0, 2+3:0:0:0:0, 4+2:0:0:0:0, 3+3:0:0:0:1, 2+2:0:0:0:0, 3+3:0:0:0:0, 2+0:0:0:0:0, 3+1:0:0:0:0, 3+1:0:0:0:0, 3+1:0:0:0:0, 3+3:0:0:0:0, 1+2:0:0:0:0, 2+2:0:0:0:0, 3+3:0:0:0:0, 4+2:0:0:0:0, 2+4:0:0:0:3, 2+2:0:0:0:0, 2+2:0:0:0:0, 3+1:0:0:0:0, 3+1:0:0:0:0, 2+1:0:0:0:0, 4+2:1:1:0:1, 3+0:0:0:0:0, 4+1:0:0:0:1, 2+1:0:0:0:0, 0+1:0:0:0:0, 3+1:0:0:0:0, 2+3:0:0:0:0, 1+0:0:0:0:0, 2+2:0:0:0:0, 3+1:0:0:0:0, 2+2:0:0:0:0, 2+0:0:0:0:0, 2+3:0:0:0:0, 1+0:0:0:0:0, 1+0:0:0:0:0, 1+0:0:0:0:0, 1+0:0:0:0:0, 1+0:0:0:0:0, 1+0:0:0:0:0, 1+0:0:0:0:0, 380+291:6:1:0:27
F minor (4b), 0+0:0:0:0:0, 3+2:0:0:0:0, 1+0:0:0:0:0, 2+0:0:0:0:0, 0+0:0:0:0:0, 3+2:0:0:0:0, 1+0:0:0:0:0, 2+0:0:0:0:0, 0+0:0:0:0:0, 1+0:0:0:0:0, 1+0:0:0:0:0, 1+0:0:0:0:0, 2+1:0:0:0:0, 2+0:0:0:0:0, 3+1:0:0:0:0, 1+1:0:0:0:0, 1+0:0:0:0:0, 3+2:0:0:0:0, 2+1:0:0:0:0, 2+1:0:0:0:0, 0+0:0:0:0:0, 2+2:0:0:0:0, 1+0:0:0:0:0, 1+1:0:0:0:0, 2+1:0:0:0:0, 1+1:0:1:0:1, 3+0:0:0:0:0, 1+1:0:0:0:0, 3+1:0:0:0:0, 2+1:0:0:0:0, 0+0:0:0:0:0, 1+0:0:0:0:0, 0+0:0:0:0:0, 3+2:0:0:0:0, 1+0:0:0:0:0, 2+0:0:0:0:0, 1+0:0:0:0:0, 3+3:0:0:0:0, 2+0:0:0:0:0, 2+2:0:0:0:0, 1+0:0:0:0:0, 3+1:0:0:0:0, 2+0:0:0:0:0, 2+1:0:0:0:0, 2+0:0:0:0:0, 3+1:0:0:0:0, 2+4:0:0:0:0, 1+2:0:0:0:0, 1+0:0:0:0:0, 3+2:0:0:0:0, 3+1:0:0:0:0, 3+2:0:0:0:0, 2+1:0:0:0:0, 4+2:0:0:0:0, 2+0:0:0:0:0, 2+0:0:0:0:0, 2+1:0:0:0:0, 2+0:0:0:0:0, 2+0:0:0:0:0, 2+0:0:0:0:0, 2+0:0:0:0:0, 5+1:0:0:0:0, 0+0:0:0:0:0, 2+1:0:0:0:0, 1+1:0:0:0:0, 3+2:0:0:0:0, 2+0:0:0:0:0, 2+1:0:0:0:0, 1+0:0:0:0:0, 3+2:0:0:0:0, 2+1:0:0:0:0, 2+1:0:0:0:0, 2+1:0:0:0:0, 1+1:0:0:0:0, 2+1:0:0:0:0, 2+1:0:0:0:0, 3+1:0:0:0:0, 3+2:0:0:0:0, 1+2:0:0:0:0, 1+1:0:0:0:0, 1+1:0:0:0:0, 3+2:0:0:0:0, 2+1:0:0:0:0, 2+1:0:0:0:0, 3+1:0:0:0:0, 1+1:0:0:0:0, 2+1:0:0:0:0, 2+1:0:0:0:0, 2+1:0:0:0:0, 1+1:0:0:0:0, 2+2:0:0:0:0, 2+2:0:0:0:0, 3+0:0:0:0:0, 3+1:1:0:0:1, 4+1:0:0:0:0, 2+2:0:0:0:0, 1+0:0:0:0:0, 3+2:0:0:0:0, 2+0:0:0:0:0, 2+1:0:0:0:0, 1+0:0:0:0:0, 3+2:0:0:0:0, 2+1:0:0:0:0, 2+0:0:0:0:0, 2+1:0:0:0:0, 1+1:0:0:0:0, 2+1:0:0:0:0, 2+1:0:0:0:0, 3+1:0:0:0:0, 5+1:0:0:0:0, 1+2:0:0:0:0, 1+1:0:0:0:0, 1+1:0:0:0:0, 3+2:0:0:0:0, 2+1:0:0:0:0, 2+1:0:0:0:0, 3+1:0:0:0:0, 1+1:0:0:0:0, 2+1:0:0:0:0, 2+1:0:0:0:0, 2+1:0:0:0:0, 1+1:0:0:0:0, 2+2:0:0:0:0, 2+2:0:0:0:0, 3+0:0:0:0:0, 3+1:1:0:0:1, 4+1:0:0:0:0, 2+2:0:0:0:0, 2+2:0:0:0:0, 3+4:0:0:0:0, 2+1:0:0:0:0, 2+1:0:0:0:0, 2+1:0:0:0:0, 5+2:0:0:0:0, 2+1:0:0:0:0, 2+0:0:0:0:0, 2+0:0:0:0:0, 1+1:0:0:0:0, 0+0:0:0:0:0, 2+0:0:0:0:0, 2+1:1:0:0:0, 3+1:0:0:0:0, 3+0:0:0:0:0, 2+0:0:0:0:0, 2+1:0:0:0:0, 4+4:0:0:0:0, 3+0:0:0:0:0, 2+1:0:0:0:0, 2+1:0:0:0:0, 2+0:0:0:0:0, 3+1:0:0:0:0, 1+1:0:0:0:0, 2+0:0:0:0:0, 0+0:0:0:0:0, 2+2:0:0:0:0, 3+2:0:0:0:0, 2+1:0:0:0:0, 4+2:0:0:0:0, 0+0:0:0:0:0, 1+0:0:0:0:0, 3+0:0:0:0:0, 2+0:0:0:0:0, 0+0:0:0:0:0, 3+1:0:0:0:0, 0+0:0:0:0:0, 0+0:0:0:0:0, 0+0:0:0:0:0, 0+0:0:0:0:0, 0+0:0:0:0:0, 0+0:0:0:0:0, 0+0:0:0:0:0, 325+149:3:1:0:3
C# minor (4#), 2+0:0:0:0:0, 1+1:1:0:0:1, 2+2:0:0:0:0, 2+4:0:0:0:0, 2+0:0:0:0:0, 1+1:1:0:0:1, 2+2:0:0:0:0, 2+4:0:0:0:0, 2+2:0:0:0:0, 2+0:0:0:0:0, 1+0:0:0:0:0, 2+0:0:0:0:0, 1+0:0:0:0:0, 1+0:0:0:0:0, 3+3:0:0:0:0, 1+0:0:0:0:0, 3+2:0:0:0:0, 1+1:1:0:0:1, 2+2:0:0:0:0, 2+2:0:0:0:0, 1+0:0:0:0:0, 4+1:0:0:0:0, 2+1:0:0:0:1, 2+2:0:0:0:0, 2+1:0:0:0:1, 5+2:1:0:0:1, 0+3:0:0:0:0, 1+1:0:0:0:0, 2+1:0:0:0:0, 2+0:0:0:0:0, 2+0:0:0:0:0, 3+1:0:0:0:0, 2+0:0:0:0:0, 1+1:1:0:0:1, 2+2:0:0:0:0, 2+3:0:0:0:0, 4+3:0:0:0:0, 1+3:0:0:0:1, 2+3:0:0:0:0, 2+2:0:0:0:0, 1+0:0:0:0:0, 3+1:0:0:0:0, 2+0:0:0:0:0, 4+2:0:0:0:0, 1+2:0:0:0:0, 4+1:0:0:0:0, 3+1:0:0:0:0, 1+0:0:0:0:0, 3+1:0:0:0:0, 1+1:1:0:0:1, 2+3:0:0:0:0, 2+2:0:0:0:0, 3+1:0:0:0:0, 3+3:0:0:0:0, 3+1:0:0:0:0, 3+1:0:0:0:0, 4+3:0:0:0:0, 2+3:0:0:0:0, 0+3:0:0:0:0, 0+1:0:0:0:0, 1+0:0:0:0:0, 2+2:0:0:0:0, 2+0:0:0:0:0, 3+1:0:0:0:0, 3+1:0:0:0:0, 2+1:1:0:0:1, 3+1:0:0:0:1, 2+2:0:0:0:0, 3+1:0:0:0:0, 1+2:1:0:0:1, 2+2:0:0:0:0, 3+3:0:0:0:0, 3+1:0:0:0:0, 2+2:0:0:0:0, 3+1:0:0:0:0, 3+2:0:0:0:0, 3+3:0:0:0:0, 2+0:0:0:0:0, 3+1:0:0:0:0, 5+5:0:0:0:0, 4+3:0:0:0:0, 2+3:0:0:0:1, 2+2:0:0:0:0, 2+2:0:0:0:0, 1+2:0:0:0:2, 2+2:0:0:0:0, 2+1:0:0:0:1, 4+2:1:0:0:1, 2+2:0:0:0:0, 2+2:1:0:0:0, 2+1:0:0:0:0, 1+2:0:0:0:0, 2+1:0:0:0:0, 2+3:0:0:0:0, 4+2:0:0:0:0, 3+4:0:0:0:0, 3+1:0:0:0:0, 2+1:1:0:0:1, 3+1:0:0:0:1, 2+2:0:0:0:0, 3+1:0:0:0:0, 1+2:1:0:0:1, 2+2:0:0:0:0, 3+1:0:0:0:1, 2+1:0:1:0:1, 2+2:0:0:0:0, 3+1:0:0:0:0, 3+2:0:0:0:0, 3+3:0:0:0:0, 1+0:0:0:0:0, 3+1:0:0:0:0, 4+6:0:0:0:0, 4+3:0:0:0:0, 2+3:0:0:0:1, 2+2:0:0:0:0, 2+2:0:0:0:0, 1+2:0:0:0:2, 2+2:0:0:0:0, 2+1:0:0:0:1, 4+2:1:0:0:1, 2+2:0:0:0:0, 2+2:1:0:0:0, 2+1:0:0:0:0, 1+2:0:0:0:0, 2+1:0:0:0:0, 2+2:0:0:0:0, 4+2:0:0:0:0, 3+3:0:0:0:0, 4+3:0:0:0:0, 1+1:1:0:0:1, 2+3:0:0:0:0, 2+3:0:0:0:0, 3+1:0:1:0:1, 4+2:1:0:0:1, 2+2:0:0:0:0, 3+1:0:0:0:1, 2+1:0:0:0:0, 3+1:0:0:0:0, 3+1:0:0:0:0, 3+1:0:0:0:0, 3+3:0:0:0:0, 1+2:0:0:0:0, 2+2:0:0:0:0, 3+2:0:0:0:0, 4+2:0:0:0:0, 3+2:1:0:0:1, 2+1:0:0:0:0, 2+2:0:0:0:0, 3+1:0:0:0:0, 3+1:0:0:0:0, 2+2:0:0:0:2, 4+2:1:1:0:1, 3+0:0:0:0:0, 4+1:0:0:0:1, 2+1:0:0:0:0, 0+0:0:0:0:0, 3+2:0:0:0:1, 2+0:0:0:0:0, 1+0:0:0:0:0, 2+2:0:0:0:0, 3+1:0:0:0:0, 2+2:0:0:0:0, 2+0:0:0:0:0, 2+3:0:0:0:0, 1+0:0:0:0:0, 1+0:0:0:0:0, 1+0:0:0:0:0, 1+0:0:0:0:0, 1+0:0:0:0:0, 1+0:0:0:0:0, 1+0:0:0:0:0, 384+264:18:3:0:37
Db major (5b), 1+0:0:0:0:0, 3+2:0:0:0:0, 2+0:0:0:0:0, 3+0:0:0:0:0, 1+0:0:0:0:0, 3+2:0:0:0:0, 2+0:0:0:0:0, 3+0:0:0:0:0, 0+0:0:0:0:0, 2+0:0:0:0:0, 1+0:0:0:0:0, 1+0:0:0:0:0, 1+1:0:0:0:0, 2+0:0:0:0:0, 4+1:0:0:0:0, 2+1:0:0:0:0, 2+0:0:0:0:0, 3+2:0:0:0:0, 3+1:0:0:0:0, 3+1:0:0:0:1, 0+0:0:0:0:0, 3+2:0:0:0:0, 1+0:0:0:0:0, 2+1:0:0:0:0, 2+1:0:0:0:0, 2+1:0:1:0:0, 3+0:0:0:0:0, 2+1:0:0:0:0, 4+1:0:0:0:0, 3+1:0:0:0:0, 1+0:0:0:0:0, 2+0:0:0:0:0, 1+0:0:0:0:0, 3+2:0:0:0:0, 2+0:0:0:0:0, 3+0:0:0:0:0, 2+0:0:0:0:0, 3+3:0:0:0:0, 3+0:0:0:0:0, 3+1:0:0:0:1, 1+0:0:0:0:0, 4+1:0:0:0:0, 2+0:0:0:0:0, 3+1:0:0:0:0, 2+0:0:0:0:0, 4+1:0:0:0:0, 3+4:0:0:0:0, 2+2:0:0:0:0, 2+0:0:0:0:0, 3+2:0:0:0:0, 4+1:0:0:0:0, 4+0:0:0:0:0, 3+0:0:0:0:0, 5+2:0:0:0:0, 3+0:0:0:0:0, 3+0:0:0:0:0, 3+1:0:0:0:0, 2+0:0:0:0:0, 2+0:0:0:0:0, 2+0:0:0:0:0, 2+0:0:0:0:0, 5+1:0:0:0:1, 1+0:0:0:0:0, 3+1:0:0:0:0, 2+1:0:0:0:0, 4+2:0:0:0:0, 3+0:0:0:0:0, 3+1:0:0:0:0, 2+0:0:0:0:0, 3+2:0:0:0:0, 3+1:0:0:0:0, 3+1:0:0:0:1, 1+1:0:0:0:1, 2+1:0:0:0:0, 2+1:0:0:0:1, 2+1:0:1:0:0, 2+1:0:1:0:0, 3+2:0:0:0:0, 2+2:0:0:0:0, 2+1:0:0:0:0, 2+1:0:0:0:1, 3+2:0:0:0:0, 3+1:0:0:0:0, 3+1:0:0:0:1, 3+1:0:0:0:0, 2+1:0:0:0:0, 2+1:0:0:0:1, 3+1:0:0:0:0, 2+1:0:0:0:0, 1+1:0:0:0:0, 3+1:1:0:0:1, 3+1:1:0:0:0, 3+0:0:0:0:0, 4+1:1:0:0:1, 5+1:0:0:0:0, 3+2:0:0:0:0, 2+0:0:0:0:0, 4+2:0:0:0:0, 3+0:0:0:0:0, 3+1:0:0:0:0, 2+0:0:0:0:0, 3+2:0:0:0:0, 3+1:0:0:0:0, 3+0:0:0:0:0, 1+1:0:0:0:0, 2+1:0:0:0:0, 2+1:0:0:0:0, 3+1:0:0:0:0, 2+1:0:1:0:0, 3+4:0:0:0:4, 2+2:0:0:0:0, 2+1:0:0:0:0, 2+1:0:0:0:1, 3+2:0:0:0:0, 3+1:0:0:0:0, 3+1:0:0:0:1, 3+1:0:0:0:0, 2+1:0:0:0:0, 2+1:0:0:0:1, 3+1:0:0:0:0, 2+1:0:0:0:0, 1+1:0:0:0:0, 3+1:1:0:0:1, 3+1:1:0:0:0, 3+0:0:0:0:0, 4+1:1:0:0:1, 5+1:0:0:0:0, 3+1:0:0:0:1, 3+2:0:0:0:0, 3+3:3:0:0:0, 3+1:0:0:0:0, 3+1:0:0:0:1, 2+2:0:0:0:0, 4+3:0:1:0:1, 3+1:0:0:0:0, 3+1:0:0:0:0, 2+0:0:0:0:0, 2+1:0:0:0:1, 1+0:0:0:0:0, 3+1:0:0:0:0, 2+1:0:0:0:0, 3+1:0:0:0:0, 4+0:0:0:0:0, 3+0:0:0:0:0, 3+1:0:0:0:0, 4+4:0:0:0:0, 4+0:0:0:0:0, 3+1:0:0:0:0, 1+1:0:0:0:0, 3+0:0:0:0:0, 3+1:0:0:0:0, 2+1:0:0:0:0, 2+0:0:0:0:0, 1+0:0:0:0:0, 2+2:0:0:0:1, 3+2:0:0:0:0, 2+0:0:0:0:0, 5+1:0:0:0:0, 0+0:0:0:0:0, 2+0:0:0:0:0, 4+0:0:0:0:0, 3+0:0:0:0:0, 1+0:0:0:0:0, 3+1:0:0:0:0, 0+0:0:0:0:0, 0+0:0:0:0:0, 0+0:0:0:0:0, 0+0:0:0:0:0, 0+0:0:0:0:0, 0+0:0:0:0:0, 0+0:0:0:0:0, 419+144:9:5:0:25
B major (5#), 2+0:0:0:0:0, 2+4:1:0:0:1, 2+0:0:0:0:0, 2+0:0:0:0:0, 2+0:0:0:0:0, 2+3:1:0:0:1, 2+0:0:0:0:0, 2+0:0:0:0:0, 2+2:0:0:0:0, 2+0:0:0:0:0, 2+0:0:0:0:0, 2+2:0:0:0:0, 1+0:0:0:0:0, 2+4:0:0:0:0, 4+3:0:0:0:0, 1+0:0:0:0:0, 3+2:0:0:0:0, 2+3:1:0:0:1, 2+0:0:0:0:0, 2+2:0:0:0:0, 1+0:0:0:0:0, 4+1:0:0:0:0, 2+3:0:0:0:2, 2+2:0:0:0:0, 3+1:0:0:0:1, 4+2:1:0:0:1, 1+1:0:0:0:0, 2+2:0:0:0:0, 3+1:0:0:0:0, 2+0:0:0:0:0, 2+0:0:0:0:0, 3+1:0:0:0:0, 2+0:0:0:0:0, 2+3:1:0:0:1, 2+0:0:0:0:0, 2+0:0:0:0:0, 4+3:0:0:0:0, 2+4:1:0:0:1, 3+1:0:0:0:0, 2+2:0:0:0:0, 1+0:0:0:0:0, 3+1:0:0:0:0, 3+0:0:0:0:0, 5+2:0:0:0:0, 2+1:0:0:0:0, 5+4:0:0:0:0, 3+1:0:0:0:0, 1+0:0:0:0:0, 3+1:0:0:0:0, 2+3:1:0:0:1, 2+0:0:0:0:0, 2+0:0:0:0:0, 3+2:0:0:0:0, 3+3:0:0:0:0, 4+4:0:0:0:2, 3+1:0:0:0:0, 4+3:0:0:0:0, 3+3:0:0:0:0, 0+0:0:0:0:0, 1+3:0:0:0:0, 2+1:0:0:0:0, 3+3:0:0:0:0, 2+0:0:0:0:0, 3+1:0:0:0:0, 3+1:0:0:0:0, 3+3:1:0:0:1, 3+1:0:0:0:1, 2+1:0:0:0:0, 3+1:0:0:0:0, 1+1:1:0:0:1, 2+2:0:0:0:0, 3+3:0:0:0:0, 3+3:0:0:0:1, 2+2:0:0:0:0, 4+1:0:0:0:0, 3+2:0:0:0:0, 2+3:0:0:0:0, 3+4:0:0:0:1, 3+1:0:0:0:0, 3+2:0:0:0:2, 4+2:0:0:0:0, 3+2:0:0:0:0, 2+2:0:0:0:0, 2+2:0:0:0:0, 2+2:0:0:0:0, 2+2:0:0:0:0, 4+1:0:0:0:0, 4+2:1:0:0:1, 3+2:0:0:0:0, 2+2:1:0:0:0, 2+1:0:0:0:0, 2+2:0:0:0:0, 3+2:0:0:0:1, 2+1:0:0:0:0, 5+2:0:0:0:0, 3+4:0:0:0:0, 3+1:0:0:0:0, 3+3:1:0:0:1, 3+1:0:0:0:1, 2+1:0:0:0:0, 3+1:0:0:0:0, 1+1:1:0:0:1, 2+2:0:0:0:0, 3+1:0:0:0:0, 3+3:0:0:0:1, 2+2:0:0:0:0, 4+1:0:0:0:0, 3+2:0:0:0:0, 2+3:0:0:0:0, 2+3:0:0:0:0, 3+1:0:0:0:0, 3+1:0:0:0:1, 4+2:0:0:0:0, 3+2:0:0:0:0, 2+2:0:0:0:0, 2+2:0:0:0:0, 2+2:0:0:0:0, 2+2:0:0:0:0, 4+1:0:0:0:0, 4+2:1:0:0:1, 3+2:0:0:0:0, 2+2:1:0:0:0, 2+1:0:0:0:0, 2+2:0:0:0:0, 3+2:0:0:0:1, 2+1:0:0:0:0, 5+2:0:0:0:0, 3+3:0:0:0:0, 4+3:0:0:0:0, 1+1:1:0:0:1, 2+0:0:0:0:0, 2+3:0:0:0:0, 3+1:0:1:0:1, 3+2:1:0:0:1, 3+2:0:0:0:0, 3+1:0:0:0:1, 3+1:0:0:0:0, 2+1:0:0:0:0, 3+1:0:0:0:0, 4+2:0:0:0:0, 3+1:0:0:0:0, 2+2:0:0:0:0, 2+0:0:0:0:0, 3+1:0:0:0:1, 4+2:0:0:0:0, 3+5:3:0:0:3, 3+1:0:0:0:0, 2+2:0:0:0:0, 3+1:0:0:0:0, 3+1:0:0:0:0, 2+2:0:0:0:2, 5+2:1:1:0:1, 3+1:0:0:0:0, 4+1:0:0:0:1, 2+1:0:0:0:0, 1+0:0:0:0:0, 4+2:0:0:0:0, 2+0:0:0:0:0, 1+0:0:0:0:0, 2+0:0:0:0:0, 4+1:0:0:0:0, 2+0:0:0:0:0, 2+0:0:0:0:0, 3+1:0:0:0:0, 1+0:0:0:0:0, 1+0:0:0:0:0, 1+0:0:0:0:0, 1+0:0:0:0:0, 1+0:0:0:0:0, 1+0:0:0:0:0, 1+0:0:0:0:0, 432+253:21:2:0:40
Bb minor (5b), 1+0:0:0:0:0, 3+2:0:0:0:0, 2+0:0:0:0:0, 3+1:0:0:0:0, 1+0:0:0:0:0, 3+2:0:0:0:0, 2+0:0:0:0:0, 3+1:0:0:0:0, 0+0:0:0:0:0, 2+0:0:0:0:0, 1+0:0:0:0:0, 1+0:0:0:0:0, 1+1:0:0:0:0, 2+0:0:0:0:0, 4+1:0:0:0:0, 2+1:0:0:0:0, 2+0:0:0:0:0, 3+2:0:0:0:0, 3+1:0:0:0:0, 3+1:0:0:0:1, 0+0:0:0:0:0, 3+2:0:0:0:0, 1+0:0:0:0:0, 2+1:0:0:0:0, 2+1:0:0:0:0, 2+1:0:1:0:0, 3+0:0:0:0:0, 2+1:0:0:0:0, 4+1:0:0:0:0, 3+1:0:0:0:0, 1+0:0:0:0:0, 2+0:0:0:0:0, 1+0:0:0:0:0, 3+2:0:0:0:0, 2+0:0:0:0:0, 3+1:0:0:0:0, 2+0:0:0:0:0, 3+3:0:0:0:0, 3+0:0:0:0:0, 3+2:0:0:0:0, 1+0:0:0:0:0, 4+1:0:0:0:0, 2+0:0:0:0:0, 3+1:0:0:0:0, 2+0:0:0:0:0, 4+1:0:0:0:0, 3+4:0:0:0:0, 2+2:0:0:0:0, 2+0:0:0:0:0, 3+2:0:0:0:0, 4+1:0:0:0:0, 4+0:0:0:0:0, 3+0:0:0:0:0, 5+2:0:0:0:0, 3+0:0:0:0:0, 3+0:0:0:0:0, 3+1:0:0:0:0, 2+0:0:0:0:0, 2+0:0:0:0:0, 2+0:0:0:0:0, 2+0:0:0:0:0, 5+1:0:0:0:1, 1+0:0:0:0:0, 3+1:0:0:0:0, 2+1:0:0:0:0, 4+2:0:0:0:0, 3+1:0:0:0:0, 3+1:0:0:0:0, 2+0:0:0:0:0, 3+2:0:0:0:0, 3+1:0:0:0:0, 3+0:0:0:0:0, 1+1:0:0:0:0, 2+1:0:0:0:0, 2+1:0:0:0:0, 3+1:0:0:0:0, 2+1:0:1:0:0, 3+2:0:0:0:0, 2+2:0:0:0:0, 2+1:0:0:0:0, 2+1:0:0:0:0, 3+2:0:0:0:0, 3+1:0:0:0:0, 3+0:0:0:0:0, 3+1:0:0:0:0, 2+1:0:0:0:0, 2+1:0:0:0:0, 3+1:0:0:0:0, 2+1:0:0:0:0, 1+1:0:0:0:0, 3+1:1:0:0:1, 3+1:1:0:0:0, 3+0:0:0:0:0, 4+1:1:0:0:1, 5+1:0:0:0:0, 3+2:0:0:0:0, 2+1:0:0:0:0, 4+2:0:0:0:0, 3+1:0:0:0:0, 3+1:0:0:0:0, 2+0:0:0:0:0, 3+2:0:0:0:0, 3+1:0:0:0:0, 3+0:0:0:0:0, 1+1:0:0:0:0, 2+1:0:0:0:0, 2+1:0:0:0:0, 3+1:0:0:0:0, 2+1:0:1:0:0, 3+3:0:0:0:0, 2+2:0:0:0:0, 2+1:0:0:0:0, 2+1:0:0:0:0, 3+2:0:0:0:0, 3+1:0:0:0:0, 3+0:0:0:0:0, 3+1:0:0:0:0, 2+1:0:0:0:0, 2+1:0:0:0:0, 3+1:0:0:0:0, 2+1:0:0:0:0, 1+1:0:0:0:0, 3+1:1:0:0:1, 3+1:1:0:0:0, 3+0:0:0:0:0, 4+1:1:0:0:1, 5+1:0:0:0:0, 3+1:0:0:0:1, 3+2:0:0:0:0, 2+4:0:0:0:0, 3+1:0:0:0:0, 3+1:0:0:0:0, 2+1:0:0:0:0, 5+2:0:0:0:0, 3+1:0:0:0:0, 3+0:0:0:0:0, 2+0:0:0:0:0, 2+1:0:0:0:0, 1+0:0:0:0:0, 3+1:0:0:0:0, 2+1:0:0:0:0, 3+1:0:0:0:0, 4+0:0:0:0:0, 3+0:0:0:0:0, 3+1:0:0:0:0, 4+4:0:0:0:0, 4+0:0:0:0:0, 3+1:0:0:0:0, 1+1:0:0:0:0, 3+0:0:0:0:0, 3+1:0:0:0:0, 2+1:0:0:0:0, 2+0:0:0:0:0, 1+0:0:0:0:0, 2+2:0:0:0:1, 3+2:0:0:0:0, 2+0:0:0:0:0, 5+1:0:0:0:0, 0+0:0:0:0:0, 2+0:0:0:0:0, 4+0:0:0:0:0, 3+0:0:0:0:0, 1+0:0:0:0:0, 3+1:0:0:0:0, 0+0:0:0:0:0, 0+0:0:0:0:0, 0+0:0:0:0:0, 0+0:0:0:0:0, 0+0:0:0:0:0, 0+0:0:0:0:0, 0+0:0:0:0:0, 420+145:6:3:0:8
G# minor (5#), 2+0:0:0:0:0, 2+4:1:0:0:1, 2+0:0:0:0:0, 2+0:0:0:0:0, 2+0:0:0:0:0, 2+3:1:0:0:1, 2+0:0:0:0:0, 2+0:0:0:0:0, 2+2:0:0:0:0, 2+2:0:0:0:0, 2+0:0:0:0:0, 2+1:0:0:0:0, 1+0:0:0:0:0, 2+4:0:0:0:0, 4+3:0:0:0:0, 1+0:0:0:0:0, 3+2:0:0:0:0, 2+3:1:0:0:1, 2+0:0:0:0:0, 2+2:0:0:0:0, 1+0:0:0:0:0, 4+1:0:0:0:0, 2+3:0:0:0:2, 2+2:0:0:0:0, 3+1:0:0:0:1, 4+2:1:0:0:1, 1+3:0:0:0:0, 2+2:0:0:0:0, 3+1:0:0:0:0, 2+0:0:0:0:0, 2+0:0:0:0:0, 3+1:0:0:0:0, 2+0:0:0:0:0, 2+3:1:0:0:1, 2+0:0:0:0:0, 2+0:0:0:0:0, 4+3:0:0:0:0, 2+3:0:0:0:1, 3+1:0:0:0:0, 2+2:0:0:0:0, 1+0:0:0:0:0, 3+1:0:0:0:0, 3+0:0:0:0:0, 5+2:0:0:0:0, 2+1:0:0:0:0, 5+4:0:0:0:0, 3+1:0:0:0:0, 1+0:0:0:0:0, 3+1:0:0:0:0, 2+2:0:0:0:1, 2+0:0:0:0:0, 2+0:0:0:0:0, 3+2:0:0:0:0, 3+3:0:0:0:0, 4+4:0:0:0:2, 3+1:0:0:0:0, 4+1:0:0:0:0, 3+0:0:0:0:0, 0+0:0:0:0:0, 1+3:0:0:0:0, 2+1:0:0:0:0, 3+3:0:0:0:0, 2+0:0:0:0:0, 3+1:0:0:0:0, 3+1:0:0:0:0, 3+3:1:0:0:1, 3+1:0:0:0:1, 2+2:0:0:0:0, 3+1:0:0:0:0, 1+2:1:0:0:1, 2+2:0:0:0:0, 3+3:0:0:0:0, 3+1:0:0:0:0, 2+2:0:0:0:0, 4+1:0:0:0:0, 3+2:1:0:0:1, 2+1:0:0:0:1, 3+0:0:0:0:0, 3+1:0:0:0:0, 5+5:0:0:0:0, 4+3:0:0:0:0, 2+3:0:0:0:2, 2+2:0:0:0:0, 2+2:0:0:0:0, 2+2:0:0:0:2, 2+2:0:0:0:0, 4+1:0:0:0:0, 4+2:1:1:0:1, 3+0:0:0:0:0, 2+2:1:0:0:0, 2+1:0:0:0:0, 2+2:0:0:0:0, 3+1:0:0:0:0, 2+3:0:0:0:0, 5+2:0:0:0:0, 3+3:0:0:0:0, 3+1:0:0:0:0, 3+3:1:0:0:1, 3+1:0:0:0:1, 2+2:0:0:0:0, 3+1:0:0:0:0, 1+2:1:0:0:1, 2+2:0:0:0:0, 3+1:0:0:0:1, 3+3:0:0:0:1, 2+2:0:0:0:0, 4+1:0:0:0:0, 3+2:1:0:0:1, 2+1:0:0:0:1, 2+0:0:0:0:0, 3+1:0:0:0:0, 4+6:0:0:0:0, 4+3:0:0:0:0, 2+3:0:0:0:2, 2+2:0:0:0:0, 2+2:0:0:0:0, 2+2:0:0:0:2, 2+2:0:0:0:0, 4+1:0:0:0:0, 4+2:1:1:0:1, 3+0:0:0:0:0, 2+2:1:0:0:0, 2+1:0:0:0:0, 2+2:0:0:0:0, 3+1:0:0:0:0, 2+2:0:0:0:0, 5+2:0:0:0:0, 3+3:0:0:0:0, 4+3:0:0:0:0, 1+1:1:0:0:1, 2+0:0:0:0:0, 2+3:0:0:0:0, 3+3:0:1:0:0, 3+2:1:0:0:1, 3+2:0:0:0:0, 3+1:0:0:0:1, 3+2:0:0:0:0, 2+5:1:0:0:1, 3+3:0:0:0:0, 4+1:0:0:0:0, 3+1:0:0:0:0, 2+2:0:0:0:0, 2+0:0:0:0:0, 3+1:0:0:0:1, 4+2:0:0:0:0, 3+5:3:0:0:3, 3+1:0:0:0:0, 2+2:0:0:0:0, 3+1:0:0:0:0, 3+1:0:0:0:0, 2+2:0:0:0:2, 5+2:1:1:0:1, 3+1:0:0:0:0, 4+1:0:0:0:1, 2+1:0:0:0:0, 1+0:0:0:0:0, 4+2:0:0:0:1, 2+0:0:0:0:0, 1+0:0:0:0:0, 2+0:0:0:0:0, 4+1:0:0:0:0, 2+0:0:0:0:0, 2+0:0:0:0:0, 3+1:0:0:0:0, 1+0:0:0:0:0, 1+0:0:0:0:0, 1+0:0:0:0:0, 1+0:0:0:0:0, 1+0:0:0:0:0, 1+0:0:0:0:0, 1+0:0:0:0:0, 433+256:22:4:0:47
Gb major (6b), 2+0:0:0:0:0, 3+2:0:0:0:0, 2+0:0:0:0:0, 3+0:0:0:0:0, 2+0:0:0:0:0, 3+2:0:0:0:0, 2+0:0:0:0:0, 3+0:0:0:0:0, 1+1:0:0:0:0, 3+0:0:0:0:0, 1+0:0:0:0:0, 2+0:0:0:0:0, 2+0:0:0:0:0, 2+0:0:0:0:0, 4+1:0:0:0:0, 2+1:0:0:0:0, 3+0:0:0:0:0, 3+2:0:0:0:0, 3+1:0:0:0:0, 2+1:0:1:0:0, 1+0:0:0:0:0, 4+2:0:0:0:0, 1+0:0:0:0:0, 3+1:0:0:0:0, 2+1:0:0:0:0, 1+1:0:1:0:0, 3+0:0:0:0:0, 2+1:0:0:0:0, 4+1:0:0:0:0, 3+1:0:0:0:0, 2+0:0:0:0:0, 3+0:0:0:0:0, 2+0:0:0:0:0, 3+2:0:0:0:0, 2+0:0:0:0:0, 3+0:0:0:0:0, 3+0:0:0:0:0, 3+3:0:0:0:0, 3+0:0:0:0:0, 3+2:0:0:0:0, 2+0:0:0:0:0, 5+1:0:0:0:0, 2+0:0:0:0:0, 4+1:0:0:0:0, 2+0:0:0:0:0, 5+1:0:0:0:0, 3+4:0:0:0:0, 2+2:0:0:0:0, 3+0:0:0:0:0, 3+2:0:0:0:0, 4+1:0:0:0:0, 4+0:0:0:0:0, 4+0:0:0:0:0, 5+1:0:0:0:0, 3+0:0:0:0:0, 4+0:0:0:0:0, 4+0:0:0:0:0, 2+0:0:0:0:0, 2+0:0:0:0:0, 2+0:0:0:0:0, 2+0:0:0:0:0, 5+1:0:0:0:1, 2+0:0:0:0:0, 4+1:0:0:0:0, 3+0:0:0:0:0, 4+2:0:0:0:0, 3+0:0:0:0:0, 3+1:0:0:0:0, 3+0:0:0:0:0, 3+2:0:0:0:0, 3+1:0:0:0:0, 2+1:0:1:0:0, 2+1:0:0:0:1, 3+1:0:0:0:0, 1+1:0:0:0:0, 3+1:0:1:0:0, 3+1:0:1:0:0, 3+2:0:0:0:0, 2+2:0:0:0:0, 2+0:0:0:0:0, 3+1:0:0:0:0, 3+2:0:0:0:0, 3+1:0:0:0:0, 3+1:0:0:0:0, 4+1:0:0:0:0, 3+1:0:0:0:0, 1+1:0:1:0:1, 4+1:0:0:0:0, 3+0:0:0:0:0, 2+1:0:0:0:0, 3+1:1:0:0:1, 3+1:1:0:0:0, 3+0:0:0:0:0, 5+3:0:0:0:0, 6+2:0:0:0:0, 3+2:0:0:0:0, 3+0:0:0:0:0, 4+2:0:0:0:0, 3+0:0:0:0:0, 3+1:0:0:0:0, 3+0:0:0:0:0, 3+2:0:0:0:0, 3+1:0:0:0:0, 3+0:0:0:0:0, 2+1:0:0:0:0, 3+1:0:0:0:0, 1+1:0:0:0:0, 3+1:0:1:0:0, 3+1:0:1:0:0, 3+3:0:0:0:0, 2+2:0:0:0:0, 2+0:0:0:0:0, 3+1:0:0:0:0, 3+2:0:0:0:0, 3+1:0:0:0:0, 3+1:0:0:0:0, 4+1:0:0:0:0, 3+1:0:0:0:0, 1+1:0:1:0:1, 4+1:0:0:0:0, 3+0:0:0:0:0, 2+1:0:0:0:0, 3+1:1:0:0:1, 3+1:1:0:0:0, 3+0:0:0:0:0, 5+2:0:0:0:0, 6+1:0:0:0:0, 3+0:0:0:0:0, 4+2:0:0:0:0, 3+3:3:0:0:0, 3+1:0:0:0:0, 3+1:0:0:0:0, 3+1:0:0:0:1, 5+2:0:0:0:0, 3+1:0:0:0:0, 3+0:0:0:0:0, 3+0:0:0:0:0, 2+1:0:1:0:0, 2+0:0:0:0:0, 4+1:0:0:0:0, 2+1:0:0:0:0, 3+1:0:0:0:0, 4+0:0:0:0:0, 3+0:0:0:0:0, 4+1:0:0:0:1, 4+4:0:0:0:0, 4+0:0:0:0:0, 3+1:0:0:0:0, 2+1:0:0:0:1, 4+0:0:0:0:0, 3+1:0:0:0:0, 3+1:0:0:0:0, 3+0:0:0:0:0, 1+0:0:0:0:0, 2+3:0:0:0:2, 2+2:0:0:0:2, 3+1:0:0:0:0, 4+2:0:0:0:1, 1+0:0:0:0:0, 2+0:0:0:0:0, 5+0:0:0:0:0, 3+0:0:0:0:0, 2+0:0:0:0:0, 3+1:0:0:0:0, 1+0:0:0:0:0, 1+0:0:0:0:0, 1+0:0:0:0:0, 1+0:0:0:0:0, 1+0:0:0:0:0, 1+0:0:0:0:0, 1+0:0:0:0:0, 483+140:7:10:0:14
F# major (6#), 2+1:0:0:0:0, 3+2:0:0:0:1, 2+0:0:0:0:0, 2+0:0:0:0:0, 2+0:0:0:0:0, 3+2:0:0:0:1, 2+0:0:0:0:0, 2+0:0:0:0:0, 2+2:0:0:0:0, 3+3:0:0:0:0, 2+0:0:0:0:0, 3+0:0:0:0:0, 1+0:0:0:0:0, 2+0:0:0:0:0, 4+3:0:0:0:0, 1+0:0:0:0:0, 3+2:0:0:0:0, 3+2:0:0:0:1, 2+2:0:0:0:0, 2+2:0:0:0:0, 1+0:0:0:0:0, 5+1:0:0:0:0, 2+1:0:0:0:1, 2+2:0:0:0:0, 2+1:0:0:0:1, 3+2:1:0:0:1, 2+3:0:0:0:0, 2+1:0:0:0:0, 3+1:0:0:0:0, 2+0:0:0:0:0, 2+0:0:0:0:0, 3+1:0:0:0:0, 2+0:0:0:0:0, 3+2:0:0:0:1, 2+0:0:0:0:0, 2+0:0:0:0:0, 4+3:0:0:0:0, 3+3:0:0:0:1, 3+1:0:0:0:0, 2+2:0:0:0:0, 2+3:0:0:0:2, 4+2:0:0:0:0, 3+0:0:0:0:0, 5+2:0:0:0:0, 2+0:0:0:0:0, 5+1:0:0:0:0, 3+1:0:0:0:0, 1+0:0:0:0:0, 4+1:0:0:0:0, 3+2:0:0:0:1, 3+0:0:0:0:0, 3+0:0:0:0:0, 3+2:0:0:0:0, 3+3:0:0:0:0, 4+1:0:0:0:0, 4+2:0:0:0:0, 4+1:0:0:0:0, 4+3:0:0:0:0, 1+3:0:0:0:0, 2+1:0:0:0:0, 2+0:0:0:0:0, 3+2:0:0:0:0, 2+0:0:0:0:0, 3+1:0:0:0:0, 3+1:0:0:0:0, 4+3:0:0:0:1, 3+2:0:0:0:0, 2+2:0:0:0:0, 4+1:0:0:0:0, 2+2:0:0:0:1, 2+2:0:0:0:0, 3+3:0:0:0:0, 4+1:0:0:0:0, 2+2:0:0:0:0, 4+1:0:0:0:0, 4+2:0:0:0:0, 2+1:0:0:0:1, 2+0:0:0:0:0, 3+1:0:0:0:0, 5+5:0:0:0:0, 5+3:0:0:0:0, 3+3:0:0:0:2, 2+2:0:0:0:0, 2+2:0:0:0:0, 2+2:0:0:0:2, 3+2:0:0:0:0, 4+1:0:0:0:0, 5+2:0:0:0:1, 3+0:0:0:0:0, 3+2:1:0:0:0, 3+1:0:0:0:0, 2+1:0:0:0:0, 3+1:1:1:0:1, 2+3:0:0:0:0, 6+2:0:0:0:0, 3+3:0:0:0:0, 3+1:0:0:0:0, 4+3:0:0:0:1, 3+2:0:0:0:0, 2+2:0:0:0:0, 4+1:0:0:0:0, 2+2:0:0:0:1, 2+2:0:0:0:0, 3+2:0:0:0:0, 4+1:0:0:0:0, 2+2:0:0:0:0, 4+1:0:0:0:0, 4+2:0:0:0:0, 2+1:0:0:0:1, 2+0:0:0:0:0, 3+1:0:0:0:0, 4+6:0:0:0:0, 5+3:0:0:0:0, 3+3:0:0:0:2, 2+2:0:0:0:0, 2+2:0:0:0:0, 2+2:0:0:0:2, 3+2:0:0:0:0, 4+1:0:0:0:0, 5+2:0:0:0:1, 3+0:0:0:0:0, 3+2:1:0:0:0, 3+1:0:0:0:0, 2+1:0:0:0:0, 3+1:1:1:0:1, 2+2:0:0:0:0, 6+2:0:0:0:0, 3+3:0:0:0:0, 5+3:0:0:0:0, 2+1:1:0:0:1, 2+3:0:0:0:0, 2+3:0:0:0:0, 5+2:0:0:0:0, 5+2:1:0:0:1, 3+2:0:0:0:0, 4+3:0:0:0:0, 4+0:0:0:0:0, 2+4:0:0:0:1, 3+1:0:0:0:0, 5+1:0:0:0:0, 3+1:0:0:0:0, 2+1:0:0:0:0, 2+0:0:0:0:0, 3+1:0:1:0:0, 3+2:0:1:0:1, 4+5:3:0:0:3, 4+1:0:0:0:0, 2+2:0:0:0:0, 4+1:0:0:0:0, 4+3:0:0:0:0, 3+2:0:0:0:0, 5+2:1:1:0:1, 4+0:0:0:0:0, 4+1:0:0:0:1, 3+1:0:0:0:0, 2+2:0:0:0:0, 4+2:0:0:0:1, 2+0:0:0:0:0, 1+0:0:0:0:0, 2+0:0:0:0:0, 5+1:0:0:0:0, 2+0:0:0:0:0, 2+0:0:0:0:0, 3+1:0:0:0:0, 1+0:0:0:0:0, 1+0:0:0:0:0, 1+0:0:0:0:0, 1+0:0:0:0:0, 1+0:0:0:0:0, 1+0:0:0:0:0, 1+0:0:0:0:0, 490+247:11:5:0:39
Eb minor (6b), 2+0:0:0:0:0, 3+2:0:0:0:0, 2+0:0:0:0:0, 3+0:0:0:0:0, 2+0:0:0:0:0, 3+2:0:0:0:0, 2+0:0:0:0:0, 3+0:0:0:0:0, 1+1:0:0:0:0, 3+0:0:0:0:0, 1+0:0:0:0:0, 2+1:0:0:0:0, 1+1:0:0:0:0, 2+0:0:0:0:0, 4+1:0:0:0:0, 2+1:0:0:0:0, 3+0:0:0:0:0, 3+2:0:0:0:0, 3+1:0:0:0:0, 2+1:0:1:0:0, 1+0:0:0:0:0, 4+2:0:0:0:0, 1+0:0:0:0:0, 3+1:0:0:0:0, 2+1:0:0:0:0, 1+1:0:1:0:0, 3+0:0:0:0:0, 2+1:0:0:0:0, 4+1:0:0:0:0, 3+1:0:0:0:0, 2+0:0:0:0:0, 3+0:0:0:0:0, 2+0:0:0:0:0, 3+2:0:0:0:0, 2+0:0:0:0:0, 3+0:0:0:0:0, 3+0:0:0:0:0, 3+3:0:0:0:0, 3+0:0:0:0:0, 3+2:0:0:0:0, 2+0:0:0:0:0, 5+1:0:0:0:0, 2+0:0:0:0:0, 4+1:0:0:0:0, 2+0:0:0:0:0, 5+1:0:0:0:0, 3+4:0:0:0:0, 2+2:0:0:0:0, 3+0:0:0:0:0, 3+2:0:0:0:0, 4+1:0:0:0:0, 4+0:0:0:0:0, 3+1:0:0:0:1, 5+2:1:0:0:1, 3+0:0:0:0:0, 4+0:0:0:0:0, 4+0:0:0:0:0, 2+0:0:0:0:0, 2+0:0:0:0:0, 2+0:0:0:0:0, 2+0:0:0:0:0, 5+1:0:0:0:1, 2+0:0:0:0:0, 4+1:0:0:0:0, 3+0:0:0:0:0, 4+2:0:0:0:0, 3+0:0:0:0:0, 3+1:0:0:0:0, 3+0:0:0:0:0, 3+2:0:0:0:0, 3+1:0:0:0:0, 2+1:0:1:0:0, 2+1:0:0:0:0, 3+1:0:0:0:0, 1+1:0:0:0:0, 3+1:0:1:0:0, 3+1:0:1:0:0, 3+2:0:0:0:0, 2+1:0:0:0:0, 2+0:0:0:0:0, 3+1:0:0:0:0, 3+2:0:0:0:0, 3+1:0:0:0:0, 2+1:0:1:0:0, 4+1:0:0:0:0, 3+1:0:0:0:0, 1+1:0:1:0:0, 4+1:0:0:0:0, 3+0:0:0:0:0, 2+3:0:0:0:0, 2+2:0:0:0:1, 3+1:1:0:0:0, 3+0:0:0:0:0, 5+3:0:0:0:0, 6+1:0:0:0:0, 3+0:0:0:0:0, 3+0:0:0:0:0, 4+2:0:0:0:0, 3+0:0:0:0:0, 3+1:0:0:0:0, 3+0:0:0:0:0, 3+2:0:0:0:0, 3+1:0:0:0:0, 3+0:0:0:0:0, 2+1:0:0:0:0, 3+1:0:0:0:0, 1+1:0:0:0:0, 3+1:0:1:0:0, 3+1:0:1:0:0, 3+3:0:0:0:0, 2+1:0:0:0:0, 2+0:0:0:0:0, 3+1:0:0:0:0, 3+2:0:0:0:0, 3+1:0:0:0:0, 2+1:0:1:0:0, 4+1:0:0:0:0, 3+1:0:0:0:0, 1+1:0:1:0:0, 4+1:0:0:0:0, 3+0:0:0:0:0, 2+3:0:0:0:0, 2+2:0:0:0:1, 3+1:1:0:0:0, 3+0:0:0:0:0, 5+2:0:0:0:0, 6+1:0:0:0:0, 2+1:0:1:0:0, 4+2:0:0:0:1, 2+3:0:0:0:3, 3+1:0:0:0:0, 2+1:0:1:0:0, 3+2:0:0:0:0, 4+2:0:0:0:2, 3+1:0:0:0:0, 3+1:0:0:0:0, 3+1:0:0:0:0, 2+1:0:1:0:0, 2+0:0:0:0:0, 4+1:0:0:0:0, 2+1:0:0:0:0, 3+1:0:0:0:0, 4+0:0:0:0:0, 3+0:0:0:0:0, 4+1:0:0:0:1, 4+4:0:0:0:0, 4+0:0:0:0:0, 3+1:0:0:0:0, 2+1:0:0:0:1, 4+0:0:0:0:0, 3+1:0:0:0:0, 3+1:0:0:0:0, 3+1:0:0:0:0, 1+0:0:0:0:0, 3+2:0:0:0:1, 2+2:0:0:0:2, 3+1:0:0:0:0, 4+2:0:0:0:1, 1+0:0:0:0:0, 2+0:0:0:0:0, 5+0:0:0:0:0, 3+0:0:0:0:0, 2+0:0:0:0:0, 3+1:0:0:0:0, 1+0:0:0:0:0, 1+0:0:0:0:0, 1+0:0:0:0:0, 1+0:0:0:0:0, 1+0:0:0:0:0, 1+0:0:0:0:0, 1+0:0:0:0:0, 474+149:3:14:0:17
D# minor (6#), 2+1:0:0:0:0, 3+2:0:0:0:1, 2+2:0:0:0:0, 2+2:0:0:0:0, 2+1:0:0:0:0, 3+2:0:0:0:1, 2+2:0:0:0:0, 2+2:0:0:0:0, 2+2:0:0:0:0, 3+3:0:0:0:0, 2+0:0:0:0:0, 3+0:0:0:0:0, 1+0:0:0:0:0, 2+0:0:0:0:0, 4+3:0:0:0:0, 1+0:0:0:0:0, 3+2:0:0:0:0, 3+2:0:0:0:1, 2+2:0:0:0:0, 2+2:0:0:0:0, 1+0:0:0:0:0, 5+5:0:0:0:0, 2+0:0:0:0:0, 2+0:0:0:0:0, 2+1:0:0:0:1, 3+2:1:0:0:1, 2+3:0:0:0:0, 2+1:0:0:0:0, 3+1:0:0:0:0, 2+0:0:0:0:0, 2+0:0:0:0:0, 3+1:0:0:0:0, 2+0:0:0:0:0, 3+2:0:0:0:1, 2+2:0:0:0:0, 2+3:0:0:0:0, 4+3:0:0:0:0, 3+3:0:0:0:1, 3+2:0:0:0:0, 2+2:0:0:0:0, 2+0:0:0:0:0, 4+1:0:0:0:0, 3+0:0:0:0:0, 5+2:0:0:0:0, 2+0:0:0:0:0, 5+1:0:0:0:0, 3+1:0:0:0:0, 1+0:0:0:0:0, 4+1:0:0:0:0, 3+2:0:0:0:1, 3+0:0:0:0:0, 3+0:0:0:0:0, 3+2:0:0:0:0, 3+3:0:0:0:0, 4+1:0:0:0:0, 4+2:0:0:0:0, 4+1:0:0:0:0, 4+3:0:0:0:0, 1+3:0:0:0:0, 2+1:0:0:0:0, 2+0:0:0:0:0, 3+2:0:0:0:0, 2+0:0:0:0:0, 3+1:0:0:0:0, 3+1:0:0:0:0, 4+3:0:0:0:1, 3+2:0:0:0:0, 2+2:0:0:0:0, 4+1:0:0:0:0, 2+2:0:0:0:1, 2+2:0:0:0:0, 3+3:0:0:0:0, 4+1:0:0:0:0, 2+2:0:0:0:0, 4+1:0:0:0:0, 4+2:0:0:0:0, 2+1:0:0:0:1, 2+0:0:0:0:0, 3+1:0:0:0:0, 5+5:0:0:0:0, 5+3:0:0:0:0, 3+3:0:0:0:2, 2+2:0:0:0:0, 2+2:0:0:0:0, 2+2:0:0:0:2, 3+2:0:0:0:0, 4+1:0:0:0:0, 5+2:0:0:0:1, 3+0:0:0:0:0, 3+2:1:0:0:0, 3+1:0:0:0:0, 2+1:0:0:0:0, 3+1:1:1:0:1, 2+3:0:0:0:0, 6+2:0:0:0:0, 3+3:0:0:0:0, 3+1:0:0:0:0, 4+3:0:0:0:1, 3+2:0:0:0:0, 2+2:0:0:0:0, 4+1:0:0:0:0, 2+2:0:0:0:1, 2+2:0:0:0:0, 3+2:0:0:0:0, 4+1:0:0:0:0, 2+2:0:0:0:0, 4+1:0:0:0:0, 4+2:0:0:0:0, 2+1:0:0:0:1, 2+0:0:0:0:0, 3+1:0:0:0:0, 4+6:0:0:0:0, 5+3:0:0:0:0, 3+3:0:0:0:2, 2+2:0:0:0:0, 2+2:0:0:0:0, 2+2:0:0:0:2, 3+2:0:0:0:0, 4+1:0:0:0:0, 5+2:0:0:0:1, 3+0:0:0:0:0, 3+2:1:0:0:0, 3+1:0:0:0:0, 2+1:0:0:0:0, 3+1:1:1:0:1, 2+2:0:0:0:0, 6+2:0:0:0:0, 3+3:0:0:0:0, 5+3:0:0:0:0, 2+1:1:0:0:1, 2+3:0:0:0:0, 2+3:0:0:0:0, 5+2:0:0:0:0, 5+2:1:0:0:1, 3+2:0:0:0:0, 4+3:0:0:0:0, 4+0:0:0:0:0, 2+4:0:0:0:1, 3+1:0:0:0:0, 5+1:0:0:0:0, 3+3:0:0:0:0, 2+2:0:0:0:0, 2+2:0:0:0:0, 4+3:0:0:0:0, 3+2:0:1:0:1, 4+4:0:0:0:3, 4+2:0:0:0:0, 2+2:0:0:0:0, 4+1:0:0:0:0, 4+3:0:0:0:0, 3+1:0:0:0:0, 5+2:1:1:0:1, 4+0:0:0:0:0, 4+1:0:0:0:1, 3+1:0:0:0:0, 2+1:0:0:0:0, 4+1:0:0:0:0, 2+0:0:0:0:0, 1+0:0:0:0:0, 2+0:0:0:0:0, 5+1:0:0:0:0, 2+0:0:0:0:0, 2+0:0:0:0:0, 3+1:0:0:0:0, 1+0:0:0:0:0, 1+0:0:0:0:0, 1+0:0:0:0:0, 1+0:0:0:0:0, 1+0:0:0:0:0, 1+0:0:0:0:0, 1+0:0:0:0:0, 491+263:8:4:0:35
Cb major (7b), 2+0:0:0:0:0, 3+2:0:0:0:0, 2+0:0:0:0:0, 3+0:0:0:0:0, 2+0:0:0:0:0, 3+2:0:0:0:0, 2+0:0:0:0:0, 3+0:0:0:0:0, 1+0:0:0:0:0, 3+0:0:0:0:0, 2+0:0:0:0:0, 3+0:0:0:0:0, 1+1:0:0:0:0, 2+0:0:0:0:0, 4+1:0:0:0:0, 2+1:0:0:0:0, 3+0:0:0:0:0, 3+2:0:0:0:0, 3+1:0:0:0:0, 3+1:0:0:0:0, 1+0:0:0:0:0, 4+2:0:0:0:0, 2+0:0:0:0:0, 3+1:0:0:0:0, 3+1:0:0:0:0, 2+1:0:1:0:1, 3+0:0:0:0:0, 2+1:0:0:0:0, 4+1:0:0:0:0, 3+1:0:0:0:0, 2+0:0:0:0:0, 3+0:0:0:0:0, 2+0:0:0:0:0, 3+2:0:0:0:0, 2+0:0:0:0:0, 3+0:0:0:0:0, 3+0:0:0:0:0, 3+3:0:0:0:0, 3+0:0:0:0:0, 3+2:0:0:0:0, 2+0:0:0:0:0, 5+1:0:0:0:0, 3+0:0:0:0:0, 5+1:0:0:0:0, 2+0:0:0:0:0, 5+1:0:0:0:0, 3+4:0:0:0:0, 2+2:0:0:0:0, 4+0:0:0:0:0, 3+2:0:0:0:0, 4+1:0:0:0:0, 4+0:0:0:0:0, 4+0:0:0:0:0, 5+3:0:0:0:0, 4+0:0:0:0:0, 4+0:0:0:0:0, 5+1:0:0:0:0, 3+0:0:0:0:0, 2+0:0:0:0:0, 2+0:0:0:0:0, 2+0:0:0:0:0, 5+1:0:0:0:1, 2+0:0:0:0:0, 4+1:0:0:0:0, 4+1:0:0:0:0, 4+2:0:0:0:0, 4+0:0:0:0:0, 3+1:0:0:0:0, 4+0:0:0:0:0, 3+2:0:0:0:0, 3+1:0:0:0:0, 4+1:0:0:0:0, 3+1:0:0:0:0, 3+1:0:0:0:0, 2+1:0:1:0:1, 5+1:0:0:0:0, 4+1:0:0:0:0, 4+2:0:0:0:0, 2+2:0:0:0:0, 2+1:0:0:0:0, 4+1:0:0:0:0, 3+2:0:0:0:0, 3+1:0:0:0:0, 3+1:0:0:0:0, 4+1:0:0:0:0, 3+1:0:0:0:0, 2+1:0:1:0:1, 4+1:0:0:0:0, 4+1:0:0:0:0, 2+1:0:0:0:0, 3+1:1:0:0:1, 3+1:1:0:0:0, 4+0:0:0:0:0, 4+1:1:0:0:1, 6+1:0:0:0:0, 3+2:0:0:0:0, 4+0:0:0:0:0, 4+2:0:0:0:0, 4+0:0:0:0:0, 3+1:0:0:0:0, 4+0:0:0:0:0, 3+2:0:0:0:0, 3+1:0:0:0:0, 4+0:0:0:0:0, 3+1:0:0:0:0, 3+1:0:0:0:0, 2+1:0:1:0:1, 5+1:0:0:0:0, 4+1:0:0:0:0, 5+1:0:0:0:0, 2+2:0:0:0:0, 2+1:0:0:0:0, 4+1:0:0:0:0, 3+2:0:0:0:0, 3+1:0:0:0:0, 3+1:0:0:0:0, 4+1:0:0:0:0, 3+1:0:0:0:0, 2+1:0:1:0:1, 4+1:0:0:0:0, 4+1:0:0:0:0, 2+1:0:0:0:0, 3+1:1:0:0:1, 3+1:1:0:0:0, 4+0:0:0:0:0, 4+1:1:0:0:1, 6+1:0:0:0:0, 2+1:0:1:0:0, 4+2:0:1:0:1, 2+4:0:0:0:0, 3+1:0:0:0:0, 3+1:0:0:0:0, 4+1:0:0:0:1, 3+3:0:1:0:1, 3+1:0:0:0:0, 4+0:0:0:0:0, 4+0:0:0:0:0, 2+1:0:1:0:1, 3+0:0:0:0:0, 5+0:0:0:0:0, 2+1:0:0:0:0, 3+1:0:0:0:0, 4+0:0:0:0:0, 4+0:0:0:0:0, 5+1:0:0:0:0, 4+4:0:0:0:0, 4+0:0:0:0:0, 3+1:0:0:0:0, 3+1:0:0:0:0, 4+0:0:0:0:0, 4+1:0:0:0:0, 3+1:0:0:0:0, 4+0:0:0:0:0, 2+0:0:0:0:0, 2+2:0:0:0:1, 1+2:0:0:0:2, 3+1:0:0:0:0, 4+2:0:0:0:1, 1+0:0:0:0:0, 2+0:0:0:0:0, 5+0:0:0:0:0, 3+0:0:0:0:0, 2+0:0:0:0:0, 3+1:0:0:0:1, 1+0:0:0:0:0, 1+0:0:0:0:0, 1+0:0:0:0:0, 1+0:0:0:0:0, 1+0:0:0:0:0, 1+0:0:0:0:0, 1+0:0:0:0:0, 528+143:6:9:0:19
C# major (7#), 2+0:0:0:0:0, 3+2:0:0:0:1, 2+2:0:0:0:0, 3+4:0:0:0:0, 2+0:0:0:0:0, 3+2:0:0:0:1, 2+2:0:0:0:0, 3+4:0:0:0:0, 2+2:0:0:0:0, 3+3:0:0:0:0, 2+0:0:0:0:0, 3+0:0:0:0:0, 1+0:0:0:0:0, 2+0:0:0:0:0, 4+3:0:0:0:0, 2+0:0:0:0:0, 3+2:0:0:0:0, 3+1:1:0:0:1, 2+2:0:0:0:0, 3+2:0:0:0:0, 1+0:0:0:0:0, 5+5:0:0:0:0, 2+0:0:0:0:0, 2+0:0:0:0:0, 2+3:0:0:0:0, 3+2:1:0:0:1, 3+3:0:0:0:0, 2+1:0:0:0:1, 3+1:0:0:0:0, 2+0:0:0:0:0, 2+0:0:0:0:0, 3+1:0:0:0:0, 2+0:0:0:0:0, 3+2:0:0:0:1, 2+2:0:0:0:0, 3+3:0:0:0:0, 4+3:0:0:0:0, 3+3:0:0:0:1, 3+3:0:0:0:0, 3+2:0:0:0:0, 2+0:0:0:0:0, 4+1:0:0:0:0, 3+0:0:0:0:0, 5+2:0:0:0:0, 2+2:0:0:0:0, 5+1:0:0:0:0, 3+2:0:0:0:0, 2+3:0:0:0:0, 4+1:0:0:0:0, 3+2:0:0:0:1, 3+3:0:0:0:0, 3+2:0:0:0:0, 3+1:0:0:0:0, 3+3:0:0:0:0, 4+1:0:0:0:0, 4+1:0:0:0:0, 5+1:0:0:0:0, 4+3:0:0:0:0, 2+3:0:0:0:0, 2+0:0:0:0:0, 2+0:0:0:0:0, 4+2:0:0:0:0, 2+0:0:0:0:0, 3+1:0:0:0:0, 4+1:0:0:0:0, 4+3:0:0:0:1, 4+2:0:0:0:0, 2+2:0:0:0:0, 4+1:0:0:0:0, 3+2:0:0:0:1, 2+2:0:0:0:0, 4+3:0:0:0:0, 4+1:0:0:0:0, 2+2:0:0:0:0, 4+1:0:0:0:0, 4+2:0:0:0:0, 3+1:0:0:0:1, 2+0:0:0:0:0, 3+1:0:0:0:0, 5+5:0:0:0:0, 5+3:0:0:0:0, 3+3:0:0:0:2, 2+2:0:0:0:0, 3+2:0:0:0:0, 3+2:0:0:0:2, 3+2:0:0:0:0, 4+1:0:0:0:0, 4+3:0:1:0:1, 4+0:0:0:0:0, 3+2:1:0:0:0, 3+1:0:0:0:0, 3+2:0:0:0:0, 3+1:1:1:0:1, 2+3:0:0:0:0, 6+2:0:0:0:0, 4+3:0:0:0:0, 4+1:0:0:0:0, 4+3:0:0:0:1, 4+2:0:0:0:0, 2+2:0:0:0:0, 4+1:0:0:0:0, 3+2:0:0:0:1, 2+2:0:0:0:0, 4+2:0:0:0:0, 4+1:0:0:0:0, 2+2:0:0:0:0, 4+1:0:0:0:0, 4+2:0:0:0:0, 3+1:0:0:0:1, 2+0:0:0:0:0, 3+1:0:0:0:0, 4+6:0:0:0:0, 5+3:0:0:0:0, 3+3:0:0:0:2, 2+2:0:0:0:0, 3+2:0:0:0:0, 3+2:0:0:0:2, 3+2:0:0:0:0, 4+1:0:0:0:0, 4+3:0:1:0:1, 4+0:0:0:0:0, 3+2:1:0:0:0, 3+1:0:0:0:0, 3+2:0:0:0:0, 3+1:1:1:0:1, 2+2:0:0:0:0, 6+2:0:0:0:0, 4+3:0:0:0:0, 5+3:0:0:0:0, 2+1:1:0:0:1, 2+3:0:0:0:0, 3+3:0:0:0:0, 5+2:0:0:0:0, 5+2:1:0:0:1, 3+2:0:0:0:0, 4+3:0:0:0:0, 4+0:0:0:0:0, 3+1:0:0:0:0, 3+1:0:0:0:0, 5+1:0:0:0:0, 3+3:0:0:0:0, 2+2:0:0:0:0, 3+2:0:0:0:0, 4+3:0:0:0:0, 3+2:0:1:0:1, 4+4:0:0:0:3, 4+2:0:0:0:0, 3+2:0:0:0:0, 4+1:0:0:0:0, 4+1:0:0:0:0, 3+1:0:0:0:0, 4+2:1:1:0:1, 4+0:0:0:0:0, 4+1:0:0:0:1, 3+1:0:0:0:0, 2+0:0:0:0:0, 3+2:0:1:0:0, 3+0:0:0:0:0, 1+0:0:0:0:0, 2+2:0:0:0:0, 5+1:0:0:0:0, 3+2:0:0:0:0, 2+0:0:0:0:0, 3+3:0:0:0:0, 1+0:0:0:0:0, 0+0:0:0:0:0, 0+0:0:0:0:0, 0+0:0:0:0:0, 0+0:0:0:0:0, 0+0:0:0:0:0, 0+0:0:0:0:0, 518+280:9:7:0:34
Ab minor (7b), 2+0:0:0:0:0, 3+2:0:0:0:0, 2+0:0:0:0:0, 3+0:0:0:0:0, 2+0:0:0:0:0, 3+2:0:0:0:0, 2+0:0:0:0:0, 3+0:0:0:0:0, 1+0:0:0:0:0, 3+0:0:0:0:0, 2+0:0:0:0:0, 3+0:0:0:0:0, 1+1:0:0:0:0, 2+0:0:0:0:0, 4+1:0:0:0:0, 2+1:0:0:0:0, 3+0:0:0:0:0, 3+2:0:0:0:0, 3+1:0:0:0:0, 2+1:0:1:0:0, 1+0:0:0:0:0, 4+2:0:0:0:0, 2+0:0:0:0:0, 3+1:0:0:0:0, 3+1:0:0:0:0, 2+1:0:1:0:1, 3+0:0:0:0:0, 2+1:0:0:0:0, 4+1:0:0:0:0, 3+1:0:0:0:0, 2+0:0:0:0:0, 3+0:0:0:0:0, 2+0:0:0:0:0, 3+2:0:0:0:0, 2+0:0:0:0:0, 3+0:0:0:0:0, 3+0:0:0:0:0, 3+3:0:0:0:0, 3+0:0:0:0:0, 3+2:0:0:0:0, 2+0:0:0:0:0, 5+1:0:0:0:0, 3+0:0:0:0:0, 5+1:0:0:0:0, 2+0:0:0:0:0, 5+1:0:0:0:0, 3+4:0:0:0:0, 2+2:0:0:0:0, 4+0:0:0:0:0, 3+2:0:0:0:0, 4+1:0:0:0:0, 4+0:0:0:0:0, 4+0:0:0:0:0, 5+3:0:0:0:0, 4+0:0:0:0:0, 4+0:0:0:0:0, 5+1:0:0:0:0, 3+0:0:0:0:0, 2+0:0:0:0:0, 2+0:0:0:0:0, 2+0:0:0:0:0, 5+1:0:0:0:1, 2+0:0:0:0:0, 4+1:0:0:0:0, 4+0:0:0:0:0, 4+2:0:0:0:0, 4+0:0:0:0:0, 3+1:0:0:0:0, 4+0:0:0:0:0, 3+2:0:0:0:0, 3+1:0:0:0:0, 3+1:0:1:0:0, 3+1:0:0:0:0, 3+1:0:0:0:0, 2+1:0:1:0:1, 5+1:0:0:0:0, 4+1:0:0:0:0, 4+2:0:0:0:0, 2+2:0:0:0:0, 2+1:0:0:0:0, 4+1:0:0:0:0, 3+2:0:0:0:0, 3+1:0:0:0:0, 2+1:0:1:0:0, 4+1:0:0:0:0, 3+1:0:0:0:0, 2+1:0:1:0:1, 4+1:0:0:0:0, 4+1:0:0:0:0, 2+1:0:0:0:0, 3+1:1:0:0:1, 3+1:1:0:0:0, 4+0:0:0:0:0, 4+1:1:0:0:1, 6+1:0:0:0:0, 3+2:0:0:0:0, 4+0:0:0:0:0, 4+2:0:0:0:0, 4+0:0:0:0:0, 3+1:0:0:0:0, 4+0:0:0:0:0, 3+2:0:0:0:0, 3+1:0:0:0:0, 4+0:0:0:0:0, 3+1:0:0:0:0, 3+1:0:0:0:0, 2+1:0:1:0:1, 5+1:0:0:0:0, 4+1:0:0:0:0, 5+1:0:0:0:0, 2+2:0:0:0:0, 2+1:0:0:0:0, 4+1:0:0:0:0, 3+2:0:0:0:0, 3+1:0:0:0:0, 2+1:0:1:0:0, 4+1:0:0:0:0, 3+1:0:0:0:0, 2+1:0:1:0:1, 4+1:0:0:0:0, 4+1:0:0:0:0, 2+1:0:0:0:0, 3+1:1:0:0:1, 3+1:1:0:0:0, 4+0:0:0:0:0, 4+1:1:0:0:1, 6+1:0:0:0:0, 2+1:0:1:0:0, 4+2:0:1:0:0, 2+2:0:0:0:1, 3+1:0:0:0:0, 2+1:0:1:0:0, 4+1:0:0:0:1, 3+3:0:1:0:1, 3+1:0:0:0:0, 4+0:0:0:0:0, 4+0:0:0:0:0, 2+1:0:1:0:1, 3+0:0:0:0:0, 5+0:0:0:0:0, 2+1:0:0:0:0, 3+1:0:0:0:0, 4+0:0:0:0:0, 4+0:0:0:0:0, 5+1:0:0:0:0, 4+4:0:0:0:0, 4+0:0:0:0:0, 3+1:0:0:0:0, 3+1:0:0:0:0, 4+0:0:0:0:0, 4+1:0:0:0:0, 3+1:0:0:0:0, 4+0:0:0:0:0, 2+0:0:0:0:0, 2+2:0:0:0:1, 1+2:0:0:0:2, 3+1:0:0:0:0, 4+2:0:0:0:1, 1+0:0:0:0:0, 2+0:0:0:0:0, 5+0:0:0:0:0, 3+0:0:0:0:0, 2+0:0:0:0:0, 3+1:0:0:0:1, 1+0:0:0:0:0, 1+0:0:0:0:0, 1+0:0:0:0:0, 1+0:0:0:0:0, 1+0:0:0:0:0, 1+0:0:0:0:0, 1+0:0:0:0:0, 523+140:6:14:0:19
A# minor (7#), 2+0:0:0:0:0, 3+2:0:0:0:1, 2+2:0:0:0:0, 3+4:0:0:0:0, 2+0:0:0:0:0, 3+2:0:0:0:1, 2+2:0:0:0:0, 3+4:0:0:0:0, 2+2:0:0:0:0, 3+3:0:0:0:0, 2+0:0:0:0:0, 3+0:0:0:0:0, 1+0:0:0:0:0, 2+0:0:0:0:0, 4+3:0:0:0:0, 2+0:0:0:0:0, 3+2:0:0:0:0, 3+1:1:0:0:1, 2+2:0:0:0:0, 3+2:0:0:0:0, 1+0:0:0:0:0, 5+5:0:0:0:0, 2+0:0:0:0:0, 2+0:0:0:0:0, 2+3:0:0:0:3, 3+2:1:0:0:2, 3+1:0:0:0:0, 2+1:0:0:0:1, 3+1:0:0:0:0, 2+0:0:0:0:0, 2+0:0:0:0:0, 3+1:0:0:0:0, 2+0:0:0:0:0, 3+2:0:0:0:1, 2+2:0:0:0:0, 3+3:0:0:0:0, 4+3:0:0:0:0, 3+3:0:0:0:1, 3+3:0:0:0:0, 3+2:0:0:0:0, 2+0:0:0:0:0, 4+1:0:0:0:0, 3+0:0:0:0:0, 5+2:0:0:0:0, 2+2:0:0:0:0, 5+1:0:0:0:0, 3+1:0:0:0:0, 2+0:0:0:0:0, 4+1:0:0:0:0, 3+2:0:0:0:1, 3+3:0:0:0:0, 3+2:0:0:0:0, 3+1:0:0:0:0, 3+3:0:0:0:0, 4+1:0:0:0:0, 4+1:0:0:0:0, 5+1:0:0:0:0, 4+3:0:0:0:0, 2+3:0:0:0:0, 2+0:0:0:0:0, 2+0:0:0:0:0, 4+2:0:0:0:0, 2+0:0:0:0:0, 3+1:0:0:0:0, 4+1:0:0:0:0, 4+3:0:0:0:1, 4+2:0:0:0:0, 2+2:0:0:0:0, 4+1:0:0:0:0, 3+2:0:0:0:1, 2+2:0:0:0:0, 4+3:0:0:0:0, 4+1:0:0:0:0, 2+2:0:0:0:0, 4+1:0:0:0:0, 4+2:0:0:0:0, 3+1:0:0:0:1, 2+0:0:0:0:0, 3+1:0:0:0:0, 5+5:0:0:0:0, 5+3:0:0:0:0, 3+3:0:0:0:2, 2+2:0:0:0:0, 3+2:0:0:0:0, 3+2:0:0:0:2, 3+2:0:0:0:0, 4+1:0:0:0:0, 4+3:0:1:0:1, 4+0:0:0:0:0, 3+2:1:0:0:0, 3+1:0:0:0:0, 3+2:0:0:0:0, 3+1:1:1:0:1, 2+3:0:0:0:0, 6+2:0:0:0:0, 4+3:0:0:0:0, 4+1:0:0:0:0, 4+3:0:0:0:1, 4+2:0:0:0:0, 2+2:0:0:0:0, 4+1:0:0:0:0, 3+2:0:0:0:1, 2+2:0:0:0:0, 4+2:0:0:0:0, 4+1:0:0:0:0, 2+2:0:0:0:0, 4+1:0:0:0:0, 4+2:0:0:0:0, 3+1:0:0:0:1, 2+0:0:0:0:0, 3+1:0:0:0:0, 4+6:0:0:0:0, 5+3:0:0:0:0, 3+3:0:0:0:2, 2+2:0:0:0:0, 3+2:0:0:0:0, 3+2:0:0:0:2, 3+2:0:0:0:0, 4+1:0:0:0:0, 4+3:0:1:0:1, 4+0:0:0:0:0, 3+2:1:0:0:0, 3+1:0:0:0:0, 3+2:0:0:0:0, 3+1:1:1:0:1, 2+2:0:0:0:0, 6+2:0:0:0:0, 4+3:0:0:0:0, 5+3:0:0:0:0, 2+1:1:0:0:1, 2+3:0:0:0:0, 3+3:0:0:0:0, 5+2:0:0:0:0, 5+2:1:0:0:1, 3+2:0:0:0:0, 4+3:0:0:0:0, 4+0:0:0:0:0, 3+1:0:0:0:0, 3+1:0:0:0:0, 5+1:0:0:0:0, 3+3:0:0:0:0, 2+2:0:0:0:0, 3+2:0:0:0:0, 4+3:0:0:0:0, 3+2:0:1:0:1, 4+4:0:0:0:3, 4+2:0:0:0:0, 3+2:0:0:0:0, 4+1:0:0:0:0, 4+1:0:0:0:0, 3+1:0:0:0:0, 4+2:1:1:0:1, 4+0:0:0:0:0, 4+1:0:0:0:1, 3+1:0:0:0:0, 2+1:0:0:0:0, 4+1:0:0:0:0, 3+3:0:0:0:0, 1+0:0:0:0:0, 2+2:0:0:0:0, 5+1:0:0:0:0, 3+2:0:0:0:0, 2+0:0:0:0:0, 3+3:0:0:0:0, 1+0:0:0:0:0, 0+0:0:0:0:0, 0+0:0:0:0:0, 0+0:0:0:0:0, 0+0:0:0:0:0, 0+0:0:0:0:0, 0+0:0:0:0:0, 519+277:9:6:0:38
