 , 0, 1, 2, 3, 4, 5, 6, 7, 8, 9, 10, 11, 12, 13, 14, 15, 16, 17, 18, 19, 20, 21, 22, 23, 24, 25, 26, 27, 28, 29, 30, 31, 32, 33, 34, 35, 36, 37, 38, 39, 40, 41, 42, 43, 44, 45, 46, 47, 48, 49, 50, 51, 52, 53, 54, 55, 56, 57, 58, 59, 60, 61, 62, 63, 64, 65, 66, 67, 68, 69, 70, 71, 72, 73, 74, 75, 76, 77, 78, 79, 80, 81, 82, 83, 84, 85, 86, 87, 88, 89, 90, 91, 92, 93, 94, 95, 96, 97, 98, 99, 100, 101, 102, 103, 104, 105, 106, 107, 108, 109, 110, 111, 112, 113, 114, 115, 116, 117, 118, 119, 120, 121, 122, 123, 124, 125, 126, 127, 128, 129, 130, 131, 132, 133, 134, 135, 136, 137, 138, 139, 140, 141, 142, 143, 144, 145, 146, 147, 148, 149, 150, 151, 152, 153, 154, 155, 156, 157, 158, 159, 160, 161, 162, 163, 164, 165, 166, 167, 168, 169, 170, 171, 172, 173, 174, 175, 176, 177, 178, 179, 180, 181, 182, 183, 184, 185, 186, 187, 188, 189, 190, 191, 192, rowcost
C major (0), 4+2:1:0:0:0, 0+0:0:0:0:0, 0+0:0:0:0:0, 1+1:0:0:0:1, 2+3:0:0:0:3, 1+0:0:0:0:0, 0+0:0:0:0:0, 1+1:0:0:0:0, 1+1:0:0:0:1, 2+1:0:0:0:0, 1+1:0:0:0:1, 0+0:0:0:0:0, 2+1:1:0:0:0, 2+1:0:0:0:1, 3+1:0:0:0:1, 0+0:0:0:0:0, 4+2:1:0:0:0, 0+0:0:0:0:0, 0+0:0:0:0:0, 1+1:0:0:0:1, 2+3:0:0:0:3, 1+0:0:0:0:0, 0+0:0:0:0:0, 1+0:0:0:0:0, 1+1:0:0:0:1, 2+1:0:0:0:0, 1+1:0:0:0:1, 2+3:0:0:0:0, 4+2:1:0:0:0, 2+1:0:0:0:1, 0+0:0:0:0:0, 0+0:0:0:0:0, 4+2:1:0:0:0, 1+1:0:0:0:0, 0+0:0:0:0:0, 1+1:0:0:0:1, 3+3:0:0:0:2, 2+1:1:0:0:0, 0+0:0:0:0:0, 1+1:0:0:0:0, 1+1:0:0:0:1, 0+0:0:0:0:0, 1+2:0:0:0:2, 0+0:0:0:0:0, 3+1:1:0:0:0, 5+3:0:0:0:3, 1+2:0:0:0:0, 2+1:0:0:0:0, 3+2:0:0:0:0, 2+1:0:0:0:0, 1+1:0:0:0:0, 1+1:0:0:0:1, 2+4:0:0:0:4, 3+1:0:0:0:1, 0+0:0:0:0:0, 1+0:0:0:0:0, 1+1:0:0:0:1, 0+0:0:0:0:0, 1+1:0:0:0:1, 3+1:0:0:0:0, 1+1:0:0:0:0, 2+1:0:0:0:1, 0+0:0:0:0:0, 0+0:0:0:0:0, 1+2:0:0:0:0, 2+1:0:0:0:0, 2+1:0:0:0:0, 2+1:0:0:0:1, 2+2:0:0:0:2, 1+0:0:0:0:0, 0+0:0:0:0:0, 1+1:0:0:0:0, 1+1:0:0:0:0, 2+1:0:0:0:0, 3+2:0:0:0:1, 0+0:0:0:0:0, 5+2:1:0:0:1, 2+1:0:0:0:1, 2+1:0:0:0:1, 0+0:0:0:0:0, 3+2:1:0:0:0, 0+0:0:0:0:0, 1+1:0:0:0:0, 1+1:0:0:0:1, 1+1:0:0:0:1, 1+0:0:0:0:0, 0+0:0:0:0:0, 1+0:0:0:0:0, 0+0:0:0:0:0, 1+1:0:0:0:0, 1+4:0:0:0:4, 2+1:0:0:0:0, 2+3:0:0:0:0, 4+2:0:0:0:1, 0+0:0:0:0:0, 0+0:0:0:0:0, 1+1:0:0:0:0, 0+0:0:0:0:0, 0+0:0:0:0:0, 1+1:0:0:0:1, 1+1:0:0:0:1, 1+0:0:0:0:0, 0+0:0:0:0:0, 1+1:0:0:0:0, 0+0:0:0:0:0, 0+0:0:0:0:0, 1+1:0:0:0:1, 0+0:0:0:0:0, 2+1:1:0:0:0, 2+1:0:0:0:1, 1+0:0:0:0:0, 0+0:0:0:0:0, 1+1:0:0:0:0, 0+0:0:0:0:0, 0+0:0:0:0:0, 1+2:0:0:0:2, 1+2:0:0:0:2, 1+0:0:0:0:0, 0+0:0:0:0:0, 1+0:0:0:0:0, 0+0:0:0:0:0, 0+0:0:0:0:0, 2+2:0:0:0:2, 2+1:0:0:0:0, 2+2:0:0:0:0, 2+2:0:0:0:2, 0+0:0:0:0:0, 2+1:0:0:0:0, 1+2:0:0:0:0, 0+0:0:0:0:0, 0+0:0:0:0:0, 1+3:0:0:0:3, 1+1:0:0:0:1, 1+0:0:0:0:0, 0+0:0:0:0:0, 1+3:0:0:0:0, 0+0:0:0:0:0, 0+0:0:0:0:0, 1+3:0:0:0:3, 0+0:0:0:0:0, 2+1:1:0:0:0, 3+2:0:0:0:2, 1+0:0:0:0:0, 0+0:0:0:0:0, 1+2:0:0:0:0, 0+0:0:0:0:0, 2+2:0:0:0:0, 1+2:0:0:0:2, 1+3:0:0:0:3, 1+0:0:0:0:0, 0+0:0:0:0:0, 1+0:0:0:0:0, 0+0:0:0:0:0, 0+0:0:0:0:0, 1+4:0:0:0:4, 2+1:0:0:0:0, 1+2:0:0:0:0, 2+2:0:0:0:2, 0+0:0:0:0:0, 0+0:0:0:0:0, 2+1:0:0:0:0, 0+0:0:0:0:0, 0+0:0:0:0:0, 1+3:0:0:0:3, 1+2:0:0:0:2, 1+0:0:0:0:0, 0+0:0:0:0:0, 2+4:0:0:0:0, 0+0:0:0:0:0, 1+1:0:0:0:0, 1+1:0:0:0:1, 1+2:0:0:0:2, 2+1:1:0:0:0, 5+3:0:0:0:3, 1+0:0:0:0:0, 0+0:0:0:0:0, 1+1:0:0:0:0, 0+0:0:0:0:0, 0+0:0:0:0:0, 1+1:0:0:0:1, 1+1:0:0:0:1, 2+1:0:0:0:1, 0+0:0:0:0:0, 3+2:2:0:0:2, 0+0:0:0:0:0, 0+0:0:0:0:0, 2+2:0:0:0:2, 2+1:0:0:0:0, 1+1:0:0:0:0, 3+3:0:0:0:3, 0+0:0:0:0:0, 0+0:0:0:0:0, 0+0:0:0:0:0, 216+178:14:0:0:100
A minor (0), 4+2:1:0:0:1, 0+4:0:0:0:0, 0+2:0:0:0:0, 1+2:0:0:0:0, 2+3:0:0:0:0, 1+1:0:0:0:0, 0+1:0:0:0:0, 1+3:0:0:0:0, 1+0:0:0:0:0, 2+3:0:0:0:0, 1+0:0:0:0:0, 0+1:0:0:0:0, 2+3:1:0:0:1, 2+4:0:0:0:0, 3+2:0:0:0:0, 0+3:0:0:0:0, 4+2:1:0:0:1, 0+4:0:0:0:0, 0+4:0:0:0:0, 1+2:0:0:0:0, 2+3:0:0:0:0, 1+1:0:0:0:0, 0+2:0:0:0:0, 1+1:0:0:0:0, 1+0:0:0:0:0, 2+3:0:0:0:0, 1+0:0:0:0:0, 3+3:0:0:0:1, 4+2:1:0:0:1, 2+3:0:0:0:0, 0+1:0:0:0:0, 0+2:0:0:0:0, 4+2:1:0:0:1, 1+5:0:0:0:0, 0+2:0:0:0:0, 1+1:0:0:0:0, 3+2:0:0:0:0, 2+3:1:0:0:1, 0+2:0:0:0:0, 1+3:0:0:0:0, 1+0:0:0:0:0, 0+2:0:0:0:0, 1+0:0:0:0:0, 0+1:0:0:0:0, 3+3:1:0:0:1, 5+4:0:0:0:0, 1+4:0:0:0:0, 2+5:0:0:0:0, 4+6:0:0:0:1, 2+3:0:0:0:0, 1+2:0:0:0:0, 1+2:0:0:0:0, 2+4:0:0:0:0, 3+1:0:0:0:0, 0+1:0:0:0:0, 1+2:0:0:0:0, 1+0:0:0:0:0, 0+2:0:0:0:0, 1+0:0:0:0:0, 3+4:0:0:0:1, 1+4:0:0:0:1, 2+3:0:0:0:0, 0+1:0:0:0:0, 0+2:0:0:0:0, 1+3:0:0:0:2, 2+5:0:0:0:0, 2+4:0:0:0:0, 2+3:0:0:0:0, 2+2:0:0:0:0, 1+1:0:0:0:0, 0+1:0:0:0:0, 1+3:0:0:0:0, 1+1:0:0:0:0, 2+2:0:0:0:0, 3+6:0:0:0:0, 0+2:0:0:0:0, 5+3:1:0:0:1, 2+3:0:0:0:0, 2+2:0:0:0:0, 0+2:0:0:0:0, 3+3:1:0:0:1, 0+2:0:0:0:0, 1+2:0:0:0:0, 1+1:0:0:0:0, 1+1:0:0:0:0, 1+1:0:0:0:0, 0+2:0:0:0:0, 1+2:0:0:0:0, 0+1:0:0:0:0, 1+2:0:0:0:0, 1+0:0:0:0:0, 2+2:0:0:0:1, 2+5:0:0:0:1, 4+4:0:0:0:0, 0+1:0:0:0:0, 0+2:0:0:0:0, 1+2:0:0:0:1, 0+2:0:0:0:0, 0+2:0:0:0:0, 1+1:0:0:0:0, 1+1:0:0:0:0, 1+2:0:0:0:0, 0+2:0:0:0:0, 1+3:0:0:0:0, 0+0:0:0:0:0, 0+2:0:0:0:0, 1+2:0:0:0:0, 0+1:0:0:0:0, 2+3:1:0:0:1, 2+3:0:0:0:0, 1+2:0:0:0:0, 0+2:0:0:0:0, 1+2:0:0:0:1, 0+2:0:0:0:0, 0+2:0:0:0:0, 1+1:0:0:0:0, 1+1:0:0:0:0, 1+1:0:0:0:0, 0+1:0:0:0:0, 1+2:0:0:0:0, 0+0:0:0:0:0, 0+3:0:0:0:0, 2+1:0:0:0:1, 2+2:0:0:0:1, 2+3:0:0:0:1, 2+3:0:0:0:0, 0+1:0:0:0:0, 2+3:0:0:0:0, 1+4:0:0:0:2, 0+3:0:0:0:0, 0+3:0:0:0:0, 1+2:0:0:0:0, 1+2:0:0:0:0, 1+1:0:0:0:0, 0+2:0:0:0:0, 1+5:0:0:0:0, 0+0:0:0:0:0, 0+3:0:0:0:0, 1+2:0:0:0:0, 0+1:0:0:0:0, 2+2:1:0:0:1, 3+5:0:0:0:0, 1+1:0:0:0:0, 0+1:0:0:0:0, 1+3:0:0:0:2, 0+3:0:0:0:0, 2+3:0:0:0:0, 1+1:0:0:0:0, 1+1:0:0:0:0, 1+1:0:0:0:0, 0+1:0:0:0:0, 1+2:0:0:0:0, 0+0:0:0:0:0, 0+3:0:0:0:0, 1+0:0:0:0:0, 2+2:0:0:0:1, 1+4:0:0:0:2, 2+2:0:0:0:0, 0+1:0:0:0:0, 0+2:0:0:0:0, 2+2:0:0:0:1, 0+4:0:0:0:0, 0+3:0:0:0:0, 1+2:0:0:0:0, 1+1:0:0:0:0, 1+1:0:0:0:0, 0+3:0:0:0:0, 2+6:0:0:0:0, 0+0:0:0:0:0, 1+2:0:0:0:0, 1+2:0:0:0:0, 1+3:0:0:0:2, 2+3:1:0:0:1, 5+4:0:0:0:0, 1+1:0:0:0:0, 0+3:0:0:0:0, 1+2:0:0:0:1, 0+3:0:0:0:0, 0+4:0:0:0:0, 1+2:0:0:0:0, 1+1:0:0:0:0, 2+2:0:0:0:0, 0+1:0:0:0:0, 3+3:2:0:0:2, 0+1:0:0:0:0, 0+1:0:0:0:0, 2+1:0:0:0:0, 2+2:0:0:0:1, 1+2:0:0:0:1, 3+3:0:0:0:0, 0+1:0:0:0:0, 0+1:0:0:0:0, 0+0:0:0:0:0, 218+411:14:0:0:40
F major (1b), 5+3:0:0:0:0, 1+0:0:0:0:0, 1+0:0:0:0:0, 2+1:0:0:0:1, 2+3:0:0:0:3, 2+1:0:0:0:0, 1+0:0:0:0:0, 2+1:0:0:0:0, 2+1:0:0:0:1, 3+1:0:0:0:0, 2+1:0:0:0:1, 0+0:0:0:0:0, 3+1:1:0:0:0, 3+1:0:0:0:0, 4+1:0:0:0:1, 1+0:0:0:0:0, 5+3:0:0:0:0, 1+0:0:0:0:0, 1+0:0:0:0:0, 2+1:0:0:0:1, 2+3:0:0:0:3, 2+1:0:0:0:0, 1+0:0:0:0:0, 0+0:0:0:0:0, 2+1:0:0:0:1, 3+1:0:0:0:0, 2+1:0:0:0:1, 1+2:0:0:0:0, 5+3:0:0:0:0, 3+1:0:0:0:1, 1+0:0:0:0:0, 1+0:0:0:0:0, 5+3:0:0:0:0, 2+1:0:0:0:0, 1+0:0:0:0:0, 2+1:0:0:0:1, 3+3:0:0:0:2, 1+2:2:0:0:2, 1+0:0:0:0:0, 2+1:0:0:0:0, 2+1:0:0:0:1, 1+0:0:0:0:0, 2+2:0:0:0:2, 1+0:0:0:0:0, 4+3:0:0:0:0, 6+3:0:0:0:3, 2+2:0:0:0:0, 3+1:0:0:0:0, 4+2:0:0:0:0, 3+1:0:0:0:0, 2+1:0:0:0:0, 2+1:0:0:0:1, 2+4:0:0:0:4, 3+2:0:0:0:0, 1+0:0:0:0:0, 0+0:0:0:0:0, 2+1:0:0:0:1, 1+0:0:0:0:0, 2+1:0:0:0:1, 2+1:0:0:0:0, 2+1:0:0:0:0, 3+1:0:0:0:1, 1+0:0:0:0:0, 1+0:0:0:0:0, 2+2:0:0:0:0, 3+1:0:0:0:0, 3+1:0:0:0:0, 3+1:0:0:0:1, 2+2:0:0:0:2, 1+1:0:0:0:0, 1+0:0:0:0:0, 2+1:0:0:0:0, 2+1:0:0:0:0, 3+1:0:0:0:0, 4+2:0:0:0:1, 0+0:0:0:0:0, 5+2:1:0:0:1, 3+1:0:0:0:0, 2+1:0:0:0:1, 1+0:0:0:0:0, 4+2:0:0:0:0, 1+0:0:0:0:0, 2+1:0:0:0:0, 2+1:0:0:0:1, 1+1:0:0:0:1, 1+2:0:0:0:0, 1+0:0:0:0:0, 0+0:0:0:0:0, 0+0:0:0:0:0, 2+1:0:0:0:0, 2+4:0:0:0:4, 1+1:0:0:0:0, 3+3:0:0:0:0, 5+2:0:0:0:1, 1+0:0:0:0:0, 1+0:0:0:0:0, 2+1:0:0:0:0, 1+0:0:0:0:0, 1+0:0:0:0:0, 2+1:0:0:0:1, 1+1:0:0:0:1, 1+1:0:0:0:0, 1+0:0:0:0:0, 2+1:0:0:0:0, 0+0:0:0:0:0, 1+0:0:0:0:0, 2+1:0:0:0:1, 0+0:0:0:0:0, 2+1:1:0:0:0, 3+1:0:0:0:0, 1+0:0:0:0:0, 1+0:0:0:0:0, 2+1:0:0:0:0, 1+0:0:0:0:0, 1+0:0:0:0:0, 2+2:0:0:0:2, 1+2:0:0:0:2, 1+2:0:0:0:0, 1+0:0:0:0:0, 0+0:0:0:0:0, 0+0:0:0:0:0, 1+0:0:0:0:0, 3+2:0:0:0:2, 1+1:0:0:0:0, 3+2:0:0:0:0, 3+2:0:0:0:2, 1+0:0:0:0:0, 3+1:0:0:0:0, 2+2:0:0:0:0, 1+0:0:0:0:0, 1+0:0:0:0:0, 2+3:0:0:0:3, 1+1:0:0:0:1, 1+2:0:0:0:0, 1+0:0:0:0:0, 2+3:0:0:0:0, 0+0:0:0:0:0, 1+0:0:0:0:0, 2+3:0:0:0:3, 0+0:0:0:0:0, 2+1:1:0:0:0, 4+2:0:0:0:1, 1+0:0:0:0:0, 1+0:0:0:0:0, 2+2:0:0:0:0, 1+0:0:0:0:0, 1+2:0:0:0:0, 2+2:0:0:0:2, 1+3:0:0:0:3, 1+3:0:0:0:0, 1+0:0:0:0:0, 0+0:0:0:0:0, 0+0:0:0:0:0, 1+0:0:0:0:0, 2+4:0:0:0:4, 1+1:0:0:0:0, 2+2:0:0:0:0, 3+2:0:0:0:2, 1+0:0:0:0:0, 1+0:0:0:0:0, 3+1:0:0:0:0, 1+0:0:0:0:0, 1+0:0:0:0:0, 2+3:0:0:0:3, 1+2:0:0:0:2, 1+2:0:0:0:0, 1+0:0:0:0:0, 3+4:0:0:0:0, 0+0:0:0:0:0, 2+1:0:0:0:0, 2+1:0:0:0:1, 1+2:0:0:0:0, 2+3:0:0:0:0, 6+4:0:0:0:2, 1+1:0:0:0:0, 1+0:0:0:0:0, 2+1:0:0:0:0, 1+0:0:0:0:0, 1+0:0:0:0:0, 2+1:0:0:0:1, 1+1:0:0:0:1, 2+2:0:0:0:1, 1+0:0:0:0:0, 2+2:2:0:0:2, 0+0:0:0:0:0, 1+0:0:0:0:0, 3+2:0:0:0:2, 1+1:0:0:0:0, 2+1:0:0:0:0, 4+3:0:0:0:3, 1+0:0:0:0:0, 0+0:0:0:0:0, 0+0:0:0:0:0, 338+205:8:0:0:94
G major (1#), 3+2:1:0:0:0, 0+0:0:0:0:0, 1+0:0:0:0:0, 2+1:0:0:0:1, 2+3:0:0:0:3, 0+0:0:0:0:0, 1+0:0:0:0:0, 1+1:0:0:0:0, 2+1:0:0:0:1, 3+1:0:0:0:0, 2+1:0:0:0:1, 0+0:0:0:0:0, 1+1:1:0:0:0, 1+1:0:0:0:0, 2+1:0:0:0:1, 1+0:0:0:0:0, 3+2:1:0:0:0, 0+0:0:0:0:0, 1+0:0:0:0:0, 2+1:0:0:0:1, 2+3:0:0:0:3, 0+0:0:0:0:0, 1+0:0:0:0:0, 2+2:0:0:0:0, 2+1:0:0:0:1, 3+1:0:0:0:0, 2+1:0:0:0:1, 3+3:0:0:0:0, 3+2:1:0:0:0, 3+1:0:0:0:1, 1+0:0:0:0:0, 1+0:0:0:0:0, 3+2:1:0:0:0, 2+1:0:0:0:0, 1+0:0:0:0:0, 2+1:0:0:0:1, 3+3:0:0:0:2, 1+1:1:0:0:0, 1+0:0:0:0:0, 1+1:0:0:0:0, 2+1:0:0:0:1, 1+0:0:0:0:0, 2+2:0:0:0:2, 0+0:0:0:0:0, 2+1:1:0:0:0, 4+3:0:0:0:3, 2+2:0:0:0:0, 3+1:0:0:0:0, 4+2:0:0:0:0, 1+1:0:0:0:0, 2+1:0:0:0:0, 2+1:0:0:0:1, 2+4:0:0:0:4, 2+1:0:0:0:1, 1+0:0:0:0:0, 2+2:0:0:0:0, 2+1:0:0:0:1, 1+0:0:0:0:0, 2+1:0:0:0:1, 4+2:0:0:0:0, 2+1:0:0:0:0, 3+1:0:0:0:1, 1+0:0:0:0:0, 1+0:0:0:0:0, 2+2:0:0:0:0, 3+1:0:0:0:0, 3+1:0:0:0:0, 3+1:0:0:0:1, 2+2:0:0:0:2, 0+0:0:0:0:0, 1+0:0:0:0:0, 2+1:0:0:0:0, 2+1:0:0:0:0, 3+1:0:0:0:0, 4+2:0:0:0:1, 0+0:0:0:0:0, 4+2:1:0:0:1, 1+1:0:0:0:0, 1+1:0:0:0:1, 1+0:0:0:0:0, 2+2:1:0:0:0, 1+0:0:0:0:0, 2+1:0:0:0:0, 2+1:0:0:0:1, 1+1:0:0:0:1, 0+0:0:0:0:0, 1+0:0:0:0:0, 2+2:0:0:0:0, 1+0:0:0:0:0, 2+1:0:0:0:0, 2+4:0:0:0:4, 3+3:0:0:0:0, 3+3:0:0:0:0, 5+2:0:0:0:1, 1+0:0:0:0:0, 1+0:0:0:0:0, 2+1:0:0:0:0, 0+0:0:0:0:0, 1+0:0:0:0:0, 2+1:0:0:0:1, 1+1:0:0:0:1, 0+0:0:0:0:0, 1+0:0:0:0:0, 1+1:0:0:0:0, 1+0:0:0:0:0, 1+0:0:0:0:0, 2+1:0:0:0:1, 0+0:0:0:0:0, 1+1:1:0:0:0, 1+1:0:0:0:0, 0+0:0:0:0:0, 1+0:0:0:0:0, 2+1:0:0:0:0, 0+0:0:0:0:0, 1+0:0:0:0:0, 2+2:0:0:0:2, 1+2:0:0:0:2, 0+0:0:0:0:0, 1+0:0:0:0:0, 2+2:0:0:0:0, 1+0:0:0:0:0, 1+0:0:0:0:0, 3+2:0:0:0:2, 3+3:0:0:0:0, 3+2:0:0:0:0, 3+2:0:0:0:2, 1+0:0:0:0:0, 3+1:0:0:0:0, 2+2:0:0:0:0, 0+0:0:0:0:0, 1+0:0:0:0:0, 2+3:0:0:0:3, 1+1:0:0:0:1, 0+0:0:0:0:0, 1+0:0:0:0:0, 1+3:0:0:0:0, 1+0:0:0:0:0, 1+0:0:0:0:0, 2+3:0:0:0:3, 0+0:0:0:0:0, 1+1:1:0:0:0, 2+2:0:0:0:1, 0+0:0:0:0:0, 1+0:0:0:0:0, 2+2:0:0:0:0, 0+0:0:0:0:0, 2+1:0:0:0:1, 2+2:0:0:0:2, 1+3:0:0:0:3, 0+0:0:0:0:0, 1+0:0:0:0:0, 2+3:0:0:0:0, 1+0:0:0:0:0, 1+0:0:0:0:0, 2+4:0:0:0:4, 3+4:0:0:0:0, 2+2:0:0:0:0, 3+2:0:0:0:2, 1+0:0:0:0:0, 1+0:0:0:0:0, 3+1:0:0:0:0, 0+0:0:0:0:0, 1+0:0:0:0:0, 2+3:0:0:0:3, 1+2:0:0:0:2, 0+0:0:0:0:0, 1+0:0:0:0:0, 2+4:0:0:0:0, 1+0:0:0:0:0, 2+1:0:0:0:0, 2+1:0:0:0:1, 2+2:0:0:0:2, 1+1:1:0:0:0, 4+3:0:0:0:2, 0+0:0:0:0:0, 1+0:0:0:0:0, 2+1:0:0:0:0, 0+0:0:0:0:0, 1+0:0:0:0:0, 2+1:0:0:0:1, 1+1:0:0:0:1, 1+1:0:0:0:1, 1+0:0:0:0:0, 4+2:2:0:0:2, 1+0:0:0:0:0, 1+0:0:0:0:0, 3+2:0:0:0:2, 3+3:0:0:0:0, 2+1:0:0:0:0, 4+3:0:0:0:3, 1+0:0:0:0:0, 0+0:0:0:0:0, 0+0:0:0:0:0, 306+198:14:0:0:96
D minor (1b), 5+6:0:0:0:1, 1+4:0:0:0:0, 1+2:0:0:0:0, 2+2:0:0:0:0, 2+3:0:0:0:0, 2+2:0:0:0:0, 1+1:0:0:0:0, 2+3:0:0:0:0, 2+0:0:0:0:0, 3+3:0:0:0:0, 2+0:0:0:0:0, 0+1:0:0:0:0, 3+3:1:0:0:1, 3+1:0:0:0:0, 4+2:0:0:0:0, 1+3:0:0:0:0, 5+6:0:0:0:1, 1+4:0:0:0:0, 1+4:0:0:0:0, 2+2:0:0:0:0, 2+3:0:0:0:0, 2+2:0:0:0:0, 1+2:0:0:0:0, 0+1:0:0:0:0, 2+0:0:0:0:0, 3+3:0:0:0:0, 2+0:0:0:0:0, 1+4:0:0:0:2, 5+6:0:0:0:1, 3+3:0:0:0:0, 1+1:0:0:0:0, 1+2:0:0:0:0, 5+9:0:0:0:1, 2+5:0:0:0:0, 1+2:0:0:0:0, 2+1:0:0:0:0, 3+2:0:0:0:0, 1+4:2:0:0:0, 1+2:0:0:0:0, 2+3:0:0:0:0, 2+0:0:0:0:0, 1+2:0:0:0:0, 2+0:0:0:0:0, 1+1:0:0:0:0, 4+6:0:0:0:1, 6+3:0:0:0:2, 2+4:0:0:0:0, 3+5:0:0:0:0, 5+6:0:0:0:1, 3+6:0:0:0:0, 2+2:0:0:0:0, 2+2:0:0:0:0, 2+4:0:0:0:0, 3+3:0:0:0:0, 1+1:0:0:0:0, 0+2:0:0:0:0, 2+0:0:0:0:0, 1+2:0:0:0:0, 2+0:0:0:0:0, 2+4:0:0:0:1, 2+4:0:0:0:1, 3+3:0:0:0:0, 1+1:0:0:0:0, 1+2:0:0:0:0, 2+3:0:0:0:2, 3+5:0:0:0:0, 3+4:0:0:0:0, 3+3:0:0:0:0, 2+2:0:0:0:0, 1+2:0:0:0:0, 1+1:0:0:0:0, 2+3:0:0:0:0, 2+1:0:0:0:0, 3+2:0:0:0:0, 4+3:0:0:0:0, 0+2:0:0:0:0, 5+3:1:0:0:1, 3+1:0:0:0:0, 2+2:0:0:0:0, 1+2:0:0:0:0, 4+4:0:0:0:1, 1+2:0:0:0:0, 2+2:0:0:0:0, 2+1:0:0:0:0, 1+1:0:0:0:0, 1+3:0:0:0:0, 1+2:0:0:0:0, 0+2:0:0:0:0, 0+2:0:0:0:0, 2+2:0:0:0:0, 2+0:0:0:0:0, 1+2:0:0:0:1, 3+5:0:0:0:1, 5+4:0:0:0:0, 1+1:0:0:0:0, 1+2:0:0:0:0, 2+2:0:0:0:1, 1+2:0:0:0:0, 1+2:0:0:0:0, 2+1:0:0:0:0, 1+1:0:0:0:0, 1+2:0:0:0:0, 1+2:0:0:0:0, 2+3:0:0:0:0, 0+0:0:0:0:0, 1+2:0:0:0:0, 2+0:0:0:0:0, 0+1:0:0:0:0, 2+3:1:0:0:1, 3+1:0:0:0:0, 1+2:0:0:0:0, 1+2:0:0:0:0, 2+2:0:0:0:1, 1+2:0:0:0:0, 1+2:0:0:0:0, 2+1:0:0:0:0, 1+1:0:0:0:0, 1+4:0:0:0:0, 1+1:0:0:0:0, 0+2:0:0:0:0, 0+1:0:0:0:0, 1+3:0:0:0:0, 3+1:0:0:0:1, 1+2:0:0:0:1, 3+3:0:0:0:1, 3+3:0:0:0:0, 1+1:0:0:0:0, 3+3:0:0:0:0, 2+4:0:0:0:2, 1+3:0:0:0:0, 1+3:0:0:0:0, 2+2:0:0:0:0, 1+2:0:0:0:0, 1+4:0:0:0:0, 1+2:0:0:0:0, 2+5:0:0:0:0, 0+0:0:0:0:0, 1+3:0:0:0:0, 2+0:0:0:0:0, 0+1:0:0:0:0, 2+2:1:0:0:1, 4+1:0:0:0:0, 1+1:0:0:0:0, 1+1:0:0:0:0, 2+3:0:0:0:2, 1+3:0:0:0:0, 1+3:0:0:0:0, 2+1:0:0:0:0, 1+1:0:0:0:0, 1+4:0:0:0:0, 1+1:0:0:0:0, 0+2:0:0:0:0, 0+3:0:0:0:0, 1+3:0:0:0:0, 2+0:0:0:0:0, 1+2:0:0:0:1, 2+4:0:0:0:2, 3+2:0:0:0:0, 1+1:0:0:0:0, 1+2:0:0:0:0, 3+2:0:0:0:1, 1+4:0:0:0:0, 1+3:0:0:0:0, 2+2:0:0:0:0, 1+1:0:0:0:0, 1+4:0:0:0:0, 1+3:0:0:0:0, 3+6:0:0:0:0, 0+0:0:0:0:0, 2+2:0:0:0:0, 2+0:0:0:0:0, 1+3:0:0:0:2, 2+4:0:0:0:1, 6+4:0:0:0:0, 1+4:0:0:0:0, 1+3:0:0:0:0, 2+2:0:0:0:1, 1+3:0:0:0:0, 1+4:0:0:0:0, 2+2:0:0:0:0, 1+1:0:0:0:0, 2+3:0:0:0:0, 1+1:0:0:0:0, 2+3:2:0:0:2, 0+1:0:0:0:0, 1+1:0:0:0:0, 3+1:0:0:0:0, 1+2:0:0:0:1, 2+2:0:0:0:1, 4+3:0:0:0:0, 1+1:0:0:0:0, 0+2:0:0:0:0, 0+2:0:0:0:0, 339+450:8:0:0:42
E minor (1#), 3+2:1:0:0:1, 0+2:0:0:0:0, 1+2:0:0:0:0, 2+2:0:0:0:0, 2+1:0:0:0:0, 0+1:0:0:0:0, 1+1:0:0:0:0, 1+3:0:0:0:0, 2+0:0:0:0:0, 3+3:0:0:0:0, 2+0:0:0:0:0, 0+0:0:0:0:0, 1+3:1:0:0:1, 1+1:0:0:0:0, 2+2:0:0:0:0, 1+3:0:0:0:0, 3+2:1:0:0:1, 0+2:0:0:0:0, 1+4:0:0:0:0, 2+2:0:0:0:0, 2+1:0:0:0:0, 0+1:0:0:0:0, 1+2:0:0:0:0, 2+6:0:0:0:0, 2+0:0:0:0:0, 3+3:0:0:0:0, 2+0:0:0:0:0, 4+3:0:0:0:1, 3+2:1:0:0:1, 3+3:0:0:0:0, 1+1:0:0:0:0, 1+2:0:0:0:0, 3+2:1:0:0:1, 2+5:0:0:0:0, 1+2:0:0:0:0, 2+1:0:0:0:0, 3+2:0:0:0:0, 1+3:1:0:0:1, 1+2:0:0:0:0, 1+3:0:0:0:0, 2+0:0:0:0:0, 1+2:0:0:0:0, 2+0:0:0:0:0, 0+0:0:0:0:0, 2+3:1:0:0:1, 4+4:0:0:0:0, 2+4:0:0:0:0, 3+5:0:0:0:0, 5+6:0:0:0:1, 1+3:0:0:0:0, 2+2:0:0:0:0, 2+2:0:0:0:0, 2+1:0:0:0:0, 2+1:0:0:0:0, 1+1:0:0:0:0, 2+5:0:0:0:0, 2+0:0:0:0:0, 1+2:0:0:0:0, 2+0:0:0:0:0, 4+3:0:0:0:1, 2+4:0:0:0:1, 3+3:0:0:0:0, 1+1:0:0:0:0, 1+2:0:0:0:0, 2+3:0:0:0:2, 3+5:0:0:0:0, 3+4:0:0:0:0, 3+3:0:0:0:0, 2+1:0:0:0:0, 0+1:0:0:0:0, 1+1:0:0:0:0, 2+3:0:0:0:0, 2+1:0:0:0:0, 3+2:0:0:0:0, 4+3:0:0:0:0, 0+0:0:0:0:0, 4+3:1:0:0:1, 1+1:0:0:0:0, 1+2:0:0:0:0, 1+2:0:0:0:0, 2+3:1:0:0:1, 1+2:0:0:0:0, 2+2:0:0:0:0, 2+1:0:0:0:0, 1+1:0:0:0:0, 0+1:0:0:0:0, 1+2:0:0:0:0, 2+5:0:0:0:0, 1+1:0:0:0:0, 2+2:0:0:0:0, 2+0:0:0:0:0, 3+4:0:0:0:1, 3+5:0:0:0:1, 5+4:0:0:0:0, 1+1:0:0:0:0, 1+2:0:0:0:0, 2+2:0:0:0:1, 0+2:0:0:0:0, 1+2:0:0:0:0, 2+1:0:0:0:0, 1+1:0:0:0:0, 0+2:0:0:0:0, 1+2:0:0:0:0, 1+3:0:0:0:0, 1+0:0:0:0:0, 1+2:0:0:0:0, 2+0:0:0:0:0, 0+0:0:0:0:0, 1+3:1:0:0:1, 1+1:0:0:0:0, 0+2:0:0:0:0, 1+2:0:0:0:0, 2+2:0:0:0:1, 0+2:0:0:0:0, 1+2:0:0:0:0, 2+1:0:0:0:0, 1+2:0:0:0:0, 0+1:0:0:0:0, 1+1:0:0:0:0, 2+5:0:0:0:0, 1+0:0:0:0:0, 1+3:0:0:0:0, 3+1:0:0:0:1, 3+4:0:0:0:1, 3+3:0:0:0:1, 3+3:0:0:0:0, 1+1:0:0:0:0, 3+3:0:0:0:0, 2+4:0:0:0:2, 0+3:0:0:0:0, 1+3:0:0:0:0, 2+2:0:0:0:0, 1+1:0:0:0:0, 0+1:0:0:0:0, 1+2:0:0:0:0, 1+5:0:0:0:0, 1+0:0:0:0:0, 1+3:0:0:0:0, 2+0:0:0:0:0, 0+0:0:0:0:0, 1+2:1:0:0:1, 2+1:0:0:0:0, 0+1:0:0:0:0, 1+1:0:0:0:0, 2+3:0:0:0:2, 0+3:0:0:0:0, 2+2:0:0:0:1, 2+1:0:0:0:0, 1+3:0:0:0:0, 0+1:0:0:0:0, 1+1:0:0:0:0, 2+5:0:0:0:0, 1+0:0:0:0:0, 1+3:0:0:0:0, 2+0:0:0:0:0, 3+5:0:0:0:1, 2+4:0:0:0:2, 3+2:0:0:0:0, 1+1:0:0:0:0, 1+2:0:0:0:0, 3+2:0:0:0:1, 0+4:0:0:0:0, 1+3:0:0:0:0, 2+2:0:0:0:0, 1+2:0:0:0:0, 0+1:0:0:0:0, 1+3:0:0:0:0, 2+6:0:0:0:0, 1+0:0:0:0:0, 2+2:0:0:0:0, 2+0:0:0:0:0, 2+3:0:0:0:2, 1+3:1:0:0:1, 4+3:0:0:0:0, 0+1:0:0:0:0, 1+3:0:0:0:0, 2+2:0:0:0:1, 0+3:0:0:0:0, 1+4:0:0:0:0, 2+2:0:0:0:0, 1+1:0:0:0:0, 1+2:0:0:0:0, 1+1:0:0:0:0, 4+3:2:0:0:2, 1+1:0:0:0:0, 1+1:0:0:0:0, 3+1:0:0:0:0, 3+4:0:0:0:1, 2+2:0:0:0:1, 4+3:0:0:0:0, 1+1:0:0:0:0, 0+1:0:0:0:0, 0+0:0:0:0:0, 308+399:14:0:0:41
Bb major (2b), 6+2:1:0:0:0, 2+0:0:0:0:0, 1+0:0:0:0:0, 3+1:0:0:0:1, 3+3:0:0:0:3, 3+0:0:0:0:0, 2+0:0:0:0:0, 3+1:0:0:0:0, 3+1:0:0:0:1, 2+1:0:0:0:0, 3+1:0:0:0:1, 1+0:0:0:0:0, 4+1:1:0:0:0, 4+1:0:0:0:1, 5+1:0:0:0:1, 1+0:0:0:0:0, 6+2:1:0:0:0, 2+0:0:0:0:0, 1+0:0:0:0:0, 3+1:0:0:0:1, 3+3:0:0:0:3, 3+0:0:0:0:0, 2+0:0:0:0:0, 1+0:0:0:0:0, 3+1:0:0:0:1, 2+1:0:0:0:0, 3+1:0:0:0:1, 2+2:0:0:0:0, 6+3:0:0:0:0, 4+1:0:0:0:1, 1+0:0:0:0:0, 2+0:0:0:0:0, 6+2:1:0:0:0, 3+1:0:0:0:0, 1+0:0:0:0:0, 3+1:0:0:0:1, 4+3:0:0:0:2, 2+2:2:0:0:2, 1+1:0:0:0:0, 3+1:0:0:0:0, 3+1:0:0:0:1, 2+0:0:0:0:0, 3+2:0:0:0:2, 2+0:0:0:0:0, 5+1:1:0:0:0, 7+3:0:0:0:3, 3+2:0:0:0:0, 4+1:0:0:0:0, 5+2:0:0:0:0, 4+1:0:0:0:0, 3+1:0:0:0:0, 3+1:0:0:0:1, 3+4:0:0:0:4, 4+1:0:0:0:1, 1+0:0:0:0:0, 1+0:0:0:0:0, 3+1:0:0:0:1, 2+0:0:0:0:0, 3+1:0:0:0:1, 3+1:0:0:0:0, 3+2:0:0:0:0, 4+1:0:0:0:1, 1+0:0:0:0:0, 2+0:0:0:0:0, 3+2:0:0:0:0, 4+1:0:0:0:0, 2+1:0:0:0:0, 4+1:0:0:0:1, 3+2:0:0:0:2, 2+0:0:0:0:0, 1+0:0:0:0:0, 3+1:0:0:0:0, 3+1:0:0:0:0, 2+1:0:0:0:0, 5+2:0:0:0:1, 1+0:0:0:0:0, 6+2:1:0:0:1, 4+1:0:0:0:1, 3+1:0:0:0:1, 2+0:0:0:0:0, 5+2:1:0:0:0, 2+0:0:0:0:0, 1+1:0:0:0:0, 3+1:0:0:0:1, 2+1:0:0:0:1, 2+0:0:0:0:0, 2+0:0:0:0:0, 1+0:0:0:0:0, 1+0:0:0:0:0, 2+1:0:0:0:0, 3+4:0:0:0:4, 2+1:0:0:0:0, 4+2:0:0:0:0, 6+2:0:0:0:1, 1+0:0:0:0:0, 2+0:0:0:0:0, 3+1:0:0:0:0, 2+0:0:0:0:0, 1+0:0:0:0:0, 3+1:0:0:0:1, 2+1:0:0:0:1, 2+0:0:0:0:0, 1+0:0:0:0:0, 3+1:0:0:0:0, 1+0:0:0:0:0, 1+1:0:0:0:0, 3+1:0:0:0:1, 1+0:0:0:0:0, 3+1:1:0:0:0, 4+1:0:0:0:1, 2+0:0:0:0:0, 1+0:0:0:0:0, 3+1:0:0:0:0, 2+0:0:0:0:0, 1+0:0:0:0:0, 3+2:0:0:0:2, 2+2:0:0:0:2, 2+0:0:0:0:0, 2+0:0:0:0:0, 1+0:0:0:0:0, 1+0:0:0:0:0, 1+1:0:0:0:0, 4+2:0:0:0:2, 2+1:0:0:0:0, 4+2:0:0:0:0, 4+2:0:0:0:2, 1+0:0:0:0:0, 4+1:0:0:0:0, 3+2:0:0:0:0, 2+0:0:0:0:0, 1+0:0:0:0:0, 3+3:0:0:0:3, 2+1:0:0:0:1, 2+0:0:0:0:0, 2+0:0:0:0:0, 3+3:0:0:0:0, 1+0:0:0:0:0, 1+1:0:0:0:0, 3+3:0:0:0:3, 1+0:0:0:0:0, 3+1:1:0:0:0, 5+2:0:0:0:2, 2+0:0:0:0:0, 1+0:0:0:0:0, 3+2:0:0:0:0, 2+0:0:0:0:0, 2+2:0:0:0:0, 3+2:0:0:0:2, 2+3:0:0:0:3, 2+0:0:0:0:0, 2+0:0:0:0:0, 1+0:0:0:0:0, 1+0:0:0:0:0, 1+1:0:0:0:0, 3+4:0:0:0:4, 2+1:0:0:0:0, 3+3:0:0:0:0, 4+2:0:0:0:2, 2+0:0:0:0:0, 2+0:0:0:0:0, 4+1:0:0:0:0, 2+0:0:0:0:0, 1+0:0:0:0:0, 3+3:0:0:0:3, 2+2:0:0:0:2, 2+0:0:0:0:0, 2+0:0:0:0:0, 4+4:0:0:0:0, 1+0:0:0:0:0, 2+1:0:0:0:0, 3+1:0:0:0:1, 2+2:0:0:0:0, 3+1:1:0:0:0, 5+3:1:0:0:2, 2+0:0:0:0:0, 1+0:0:0:0:0, 3+1:0:0:0:0, 2+0:0:0:0:0, 1+0:0:0:0:0, 3+1:0:0:0:1, 2+1:0:0:0:1, 3+1:0:0:0:1, 2+0:0:0:0:0, 3+2:0:0:0:0, 1+0:0:0:0:0, 2+1:0:0:0:0, 4+2:0:0:0:2, 2+1:0:0:0:0, 3+2:0:0:0:0, 5+3:0:0:0:3, 1+0:0:0:0:0, 1+0:0:0:0:0, 0+0:0:0:0:0, 491+187:13:0:0:97
D major (2#), 4+2:1:0:0:0, 1+0:0:0:0:0, 2+3:0:0:0:0, 3+2:0:0:0:1, 3+3:0:0:0:3, 1+0:0:0:0:0, 2+3:0:0:0:0, 2+1:1:0:0:0, 3+1:0:0:0:1, 4+1:0:0:0:0, 3+1:0:0:0:1, 1+0:0:0:0:0, 2+1:1:0:0:0, 1+1:0:0:0:0, 3+1:0:0:0:1, 2+2:0:0:0:0, 4+2:1:0:0:0, 1+0:0:0:0:0, 2+3:0:0:0:0, 3+2:0:0:0:1, 3+3:0:0:0:3, 1+0:0:0:0:0, 2+2:0:0:0:0, 3+1:0:0:0:0, 3+0:0:0:0:0, 4+3:0:0:0:0, 3+0:0:0:0:0, 4+4:0:0:0:2, 4+2:1:0:0:0, 4+2:0:0:0:1, 2+2:0:0:0:0, 2+1:0:0:0:0, 4+2:1:0:0:0, 2+1:0:1:0:1, 2+2:0:0:0:0, 3+2:0:0:0:1, 4+3:0:0:0:3, 2+1:1:0:0:0, 2+2:0:0:0:0, 2+1:1:0:0:0, 3+1:0:0:0:1, 2+0:0:0:0:0, 3+2:0:0:0:2, 1+0:0:0:0:0, 3+1:1:0:0:0, 4+3:0:0:0:2, 3+1:0:0:0:0, 4+3:0:0:0:0, 5+2:0:0:0:0, 2+1:0:0:0:0, 3+1:0:0:0:0, 3+1:0:0:0:1, 3+4:0:0:0:4, 3+1:0:0:0:1, 2+3:0:0:0:0, 3+2:0:0:0:0, 3+0:0:0:0:0, 2+2:0:0:0:0, 3+0:0:0:0:0, 5+4:0:0:0:1, 3+6:0:0:0:0, 4+3:0:0:0:0, 2+1:0:0:0:0, 2+2:0:0:0:0, 3+3:0:0:0:2, 4+5:0:0:0:0, 4+4:0:0:0:0, 4+1:0:0:0:1, 3+2:0:0:0:2, 1+0:0:0:0:0, 2+2:0:0:0:0, 3+1:0:0:0:0, 3+1:0:0:0:0, 4+2:0:0:0:0, 4+6:0:0:0:0, 1+0:0:0:0:0, 5+2:1:0:0:1, 1+1:0:0:0:0, 2+1:0:0:0:1, 2+2:0:0:0:0, 3+2:1:0:0:0, 2+1:0:0:0:0, 3+1:0:0:0:0, 3+1:0:0:0:1, 2+1:0:0:0:1, 1+0:0:0:0:0, 2+3:0:0:0:0, 3+2:0:0:0:0, 2+2:0:0:0:0, 3+2:0:0:0:0, 2+2:0:0:0:0, 4+2:0:0:0:1, 4+4:0:0:0:0, 6+4:0:0:0:0, 2+1:0:0:0:0, 2+2:0:0:0:0, 3+1:0:0:0:0, 1+0:0:0:0:0, 2+2:0:0:0:0, 3+2:0:0:0:1, 2+1:0:0:0:1, 1+0:0:0:0:0, 2+0:0:0:0:0, 2+3:0:0:0:0, 2+1:0:0:0:0, 2+2:0:0:0:0, 2+2:0:0:0:0, 1+0:0:0:0:0, 2+1:1:0:0:0, 1+1:0:0:0:0, 1+0:0:0:0:0, 2+2:0:0:0:0, 3+1:0:0:0:0, 1+0:0:0:0:0, 2+2:0:0:0:0, 3+3:0:0:0:2, 2+2:0:0:0:2, 1+0:0:0:0:0, 2+3:0:0:0:0, 3+2:0:0:0:0, 2+1:0:0:0:0, 2+3:0:0:0:0, 3+3:0:0:0:1, 4+2:0:0:0:1, 4+4:0:0:0:0, 4+3:0:0:0:0, 2+1:0:0:0:0, 4+3:0:0:0:0, 3+2:0:0:0:0, 1+0:0:0:0:0, 2+3:0:0:0:0, 3+4:0:0:0:3, 2+1:0:0:0:1, 1+0:0:0:0:0, 2+0:0:0:0:0, 2+5:0:0:0:0, 2+2:0:0:0:0, 2+3:0:0:0:0, 2+2:0:0:0:0, 1+0:0:0:0:0, 2+1:1:0:0:0, 2+2:0:0:0:1, 1+0:0:0:0:0, 2+5:0:0:0:0, 3+2:0:0:0:0, 1+0:0:0:0:0, 3+5:0:0:0:1, 3+3:0:0:0:2, 2+3:0:0:0:3, 1+0:0:0:0:0, 2+4:0:0:0:0, 3+2:0:0:0:0, 2+3:0:0:0:0, 2+3:0:0:0:0, 2+3:0:0:0:0, 4+2:0:0:0:1, 3+6:0:0:0:0, 4+2:0:0:0:0, 2+1:0:0:0:0, 2+2:0:0:0:0, 4+1:0:0:0:0, 1+0:0:0:0:0, 2+3:0:0:0:0, 3+4:0:0:0:3, 2+2:0:0:0:2, 1+0:0:0:0:0, 2+0:0:0:0:0, 3+6:0:0:0:0, 2+3:0:0:0:0, 3+2:0:0:0:0, 2+2:0:0:0:0, 3+3:0:0:0:2, 2+1:1:0:0:0, 4+3:0:0:0:2, 1+0:0:0:0:0, 2+2:0:0:0:0, 3+1:0:0:0:0, 1+0:0:0:0:0, 2+2:0:0:0:0, 3+2:0:0:0:1, 2+1:0:0:0:1, 2+1:0:0:0:1, 2+3:0:0:0:0, 5+3:2:0:0:2, 2+1:0:0:0:0, 2+1:0:0:0:0, 3+5:0:0:0:0, 4+2:0:0:0:1, 3+5:0:0:0:0, 5+3:0:0:0:0, 2+1:0:0:0:0, 1+2:0:0:0:0, 1+2:0:0:0:0, 484+359:16:1:0:76
G minor (2b), 6+2:1:0:0:0, 2+0:0:0:0:0, 1+3:0:0:0:0, 3+2:0:0:0:1, 3+3:0:0:0:3, 3+0:0:0:0:0, 2+3:0:0:0:0, 3+1:1:0:0:0, 3+1:0:0:0:1, 2+1:0:0:0:0, 3+1:0:0:0:1, 1+0:0:0:0:0, 4+1:1:0:0:0, 4+1:0:0:0:1, 5+1:0:0:0:1, 1+2:0:0:0:0, 6+2:1:0:0:0, 2+0:0:0:0:0, 1+3:0:0:0:0, 3+2:0:0:0:1, 3+3:0:0:0:3, 3+0:0:0:0:0, 2+2:0:0:0:0, 1+1:0:0:0:0, 3+0:0:0:0:0, 2+3:0:0:0:1, 3+0:0:0:0:0, 2+4:0:0:0:2, 6+2:1:0:0:0, 4+2:0:0:0:1, 1+2:0:0:0:0, 2+1:0:0:0:0, 6+2:1:0:0:0, 3+1:0:0:0:0, 1+2:0:0:0:0, 3+2:0:0:0:1, 4+3:0:0:0:3, 2+1:1:0:0:0, 1+2:0:0:0:0, 3+1:1:0:0:0, 3+1:0:0:0:1, 2+0:0:0:0:0, 3+2:0:0:0:2, 2+0:0:0:0:0, 5+1:1:0:0:0, 7+3:0:0:0:3, 3+1:0:0:0:0, 4+3:0:0:0:0, 5+2:0:0:0:0, 4+1:0:0:0:0, 3+1:0:0:0:0, 3+1:0:0:0:1, 3+4:0:0:0:4, 4+1:0:0:0:1, 1+3:0:0:0:0, 1+2:0:0:0:0, 3+0:0:0:0:0, 2+2:0:0:0:0, 3+0:0:0:0:0, 3+4:0:0:0:1, 3+6:0:0:0:0, 4+3:0:0:0:0, 1+1:0:0:0:0, 2+2:0:0:0:0, 3+3:0:0:0:2, 4+5:0:0:0:0, 2+4:0:0:0:1, 4+1:0:0:0:1, 3+2:0:0:0:2, 2+0:0:0:0:0, 1+2:0:0:0:0, 3+1:0:0:0:0, 3+1:0:0:0:0, 2+1:0:0:0:0, 5+2:0:0:0:1, 1+0:0:0:0:0, 6+2:1:0:0:1, 4+1:0:0:0:1, 3+1:0:0:0:1, 2+2:0:0:0:0, 5+2:1:0:0:0, 2+1:0:0:0:0, 1+4:0:0:0:0, 3+2:0:0:0:1, 2+1:0:0:0:1, 2+0:0:0:0:0, 2+3:0:0:0:0, 1+4:0:0:0:0, 1+2:0:0:0:0, 2+2:0:0:0:0, 3+0:0:0:0:0, 2+2:0:0:0:1, 4+4:0:0:0:0, 6+4:0:0:0:0, 1+1:0:0:0:0, 2+2:0:0:0:0, 3+1:0:0:0:0, 2+0:0:0:0:0, 1+2:0:0:0:0, 3+2:0:0:0:1, 2+1:0:0:0:1, 2+0:0:0:0:0, 1+0:0:0:0:0, 3+3:0:0:0:0, 1+1:0:0:0:0, 1+2:0:0:0:0, 3+1:0:0:0:1, 1+0:0:0:0:0, 3+1:1:0:0:0, 4+1:0:0:0:1, 2+0:0:0:0:0, 1+2:0:0:0:0, 3+1:0:0:0:0, 2+0:0:0:0:0, 1+2:0:0:0:0, 3+3:0:0:0:2, 2+2:0:0:0:2, 2+0:0:0:0:0, 2+3:0:0:0:0, 1+2:0:0:0:0, 1+1:0:0:0:0, 1+2:0:0:0:0, 4+1:0:0:0:1, 2+2:0:0:0:1, 4+4:0:0:0:0, 4+3:0:0:0:0, 1+1:0:0:0:0, 4+3:0:0:0:0, 3+2:0:0:0:0, 2+0:0:0:0:0, 1+3:0:0:0:0, 3+4:0:0:0:3, 2+1:0:0:0:1, 2+0:0:0:0:0, 2+0:0:0:0:0, 3+5:0:0:0:0, 1+2:0:0:0:0, 1+3:0:0:0:0, 3+3:0:0:0:3, 1+0:0:0:0:0, 3+1:1:0:0:0, 5+2:0:0:0:2, 2+0:0:0:0:0, 1+5:0:0:0:0, 3+2:0:0:0:0, 2+0:0:0:0:0, 2+5:1:0:0:0, 3+3:0:0:0:2, 2+3:0:0:0:3, 2+0:0:0:0:0, 2+4:0:0:0:0, 1+3:0:0:0:0, 1+3:0:0:0:0, 1+2:0:0:0:0, 3+0:0:0:0:0, 2+2:0:0:0:1, 3+6:0:0:0:0, 4+2:0:0:0:0, 2+1:0:0:0:0, 2+2:0:0:0:0, 4+1:0:0:0:0, 2+0:0:0:0:0, 1+3:0:0:0:0, 3+4:0:0:0:3, 2+2:0:0:0:2, 2+0:0:0:0:0, 2+0:0:0:0:0, 4+6:0:0:0:0, 1+3:0:0:0:0, 2+4:0:0:0:0, 3+0:0:0:0:0, 2+3:0:0:0:2, 3+1:1:0:0:0, 5+3:1:0:0:2, 2+0:0:0:0:0, 1+2:0:0:0:0, 3+1:0:0:0:0, 2+0:0:0:0:0, 1+2:0:0:0:0, 3+2:0:0:0:1, 2+1:0:0:0:1, 3+1:0:0:0:1, 2+3:0:0:0:0, 3+3:0:0:0:0, 1+1:0:0:0:0, 2+2:0:0:0:0, 4+1:0:0:0:0, 2+2:0:0:0:1, 3+5:0:0:0:0, 5+3:0:0:0:0, 1+1:0:0:0:0, 1+2:0:0:0:0, 0+2:0:0:0:0, 491+349:16:0:0:84
B minor (2#), 4+2:1:0:0:1, 1+2:0:0:0:0, 2+5:0:0:0:0, 3+3:0:0:0:0, 3+1:0:0:0:0, 1+1:0:0:0:0, 2+6:0:0:0:0, 2+1:1:0:0:1, 3+0:0:0:0:0, 4+3:0:0:0:0, 3+0:0:0:0:0, 1+0:0:0:0:0, 2+3:1:0:0:1, 1+1:0:0:0:0, 3+2:0:0:0:0, 2+4:0:0:0:0, 4+2:1:0:0:1, 1+2:0:0:0:0, 2+5:0:0:0:0, 3+3:0:0:0:0, 3+1:0:0:0:0, 1+1:0:0:0:0, 2+2:0:0:0:0, 3+1:0:0:0:0, 3+0:0:0:0:0, 4+3:0:0:0:0, 3+0:0:0:0:0, 5+3:0:0:0:1, 4+2:1:0:0:1, 4+5:0:0:0:0, 2+5:0:0:0:0, 2+3:0:0:0:0, 4+2:1:0:0:1, 2+3:0:1:0:1, 2+4:0:0:0:0, 3+3:0:0:0:0, 4+3:0:0:0:0, 2+3:1:0:0:1, 2+4:0:0:0:0, 2+1:1:0:0:1, 3+0:0:0:0:0, 2+2:0:0:0:0, 3+0:0:0:0:0, 1+0:0:0:0:0, 3+3:1:0:0:1, 4+5:0:0:0:0, 3+4:0:0:0:0, 4+6:0:0:0:0, 6+6:0:0:0:1, 2+3:0:0:0:0, 3+2:0:0:0:0, 3+2:0:0:0:0, 3+1:0:0:0:0, 3+1:0:0:0:0, 2+1:0:0:0:0, 3+2:0:0:0:0, 3+0:0:0:0:0, 2+2:0:0:0:0, 3+0:0:0:0:0, 5+4:0:0:0:1, 3+4:0:0:0:1, 4+3:0:0:0:0, 2+1:0:0:0:0, 2+2:0:0:0:0, 3+3:0:0:0:2, 4+5:0:0:0:0, 4+4:0:0:0:0, 4+3:0:0:0:0, 3+1:0:0:0:0, 1+1:0:0:0:0, 2+5:0:0:0:0, 3+3:0:0:0:0, 3+1:0:0:0:0, 4+2:0:0:0:0, 4+3:0:0:0:0, 1+0:0:0:0:0, 5+3:1:0:0:1, 1+1:0:0:0:0, 2+2:0:0:0:0, 2+5:0:0:0:0, 3+3:1:0:0:1, 2+2:0:0:0:0, 3+2:0:0:0:0, 3+1:0:0:0:0, 2+1:0:0:0:0, 1+1:0:0:0:0, 2+2:0:0:0:0, 3+2:0:0:0:0, 2+2:0:0:0:0, 3+2:0:0:0:0, 2+0:0:0:0:0, 4+2:0:0:0:1, 4+5:0:0:0:1, 6+4:0:0:0:0, 2+1:0:0:0:0, 2+2:0:0:0:0, 3+2:0:0:0:1, 1+1:0:0:0:0, 2+5:0:0:0:0, 3+3:0:0:0:0, 2+1:0:0:0:0, 1+2:0:0:0:0, 2+5:0:0:0:0, 2+1:1:0:0:1, 2+0:0:0:0:0, 2+2:0:0:0:0, 2+0:0:0:0:0, 1+0:0:0:0:0, 2+3:1:0:0:1, 1+1:0:0:0:0, 1+2:0:0:0:0, 2+5:0:0:0:0, 3+2:0:0:0:1, 1+1:0:0:0:0, 2+5:0:0:0:0, 3+4:0:0:0:0, 2+2:0:0:0:0, 1+1:0:0:0:0, 2+1:0:0:0:0, 3+2:0:0:0:0, 2+1:0:0:0:0, 2+3:0:0:0:0, 3+1:0:0:0:1, 4+2:0:0:0:1, 4+3:0:0:0:1, 4+3:0:0:0:0, 2+1:0:0:0:0, 4+3:0:0:0:0, 3+4:0:0:0:2, 1+1:0:0:0:0, 2+5:0:0:0:0, 3+5:0:0:0:0, 2+1:0:0:0:0, 1+1:0:0:0:0, 2+5:0:0:0:0, 2+3:3:0:0:3, 2+0:0:0:0:0, 2+3:0:0:0:0, 2+0:0:0:0:0, 1+0:0:0:0:0, 2+2:1:0:0:1, 2+1:0:0:0:0, 1+1:0:0:0:0, 2+8:0:0:0:0, 3+3:0:0:0:2, 1+2:0:0:0:0, 3+8:0:0:0:0, 3+4:0:0:0:0, 2+3:0:0:0:0, 1+1:0:0:0:0, 2+1:0:0:0:0, 3+2:0:0:0:0, 2+3:0:0:0:0, 2+3:0:0:0:0, 2+0:0:0:0:0, 4+2:0:0:0:1, 3+4:0:0:0:2, 4+2:0:0:0:0, 2+1:0:0:0:0, 2+2:0:0:0:0, 4+2:0:0:0:1, 1+1:0:0:0:0, 2+5:0:0:0:0, 3+5:0:0:0:0, 2+2:0:0:0:0, 1+1:0:0:0:0, 2+6:0:0:0:0, 3+4:3:0:0:3, 2+0:0:0:0:0, 3+2:0:0:0:0, 2+2:0:0:0:0, 3+3:0:0:0:2, 2+3:1:0:0:1, 4+3:0:0:0:0, 1+1:0:0:0:0, 2+4:0:0:0:0, 3+2:0:0:0:1, 1+1:0:0:0:0, 2+4:0:0:0:0, 3+3:0:0:0:0, 2+1:0:0:0:0, 2+2:0:0:0:0, 2+1:0:0:0:0, 5+3:2:0:0:2, 2+1:0:0:0:0, 2+1:0:0:0:0, 3+1:0:0:0:0, 4+2:0:0:0:1, 3+2:0:0:0:1, 5+3:0:0:0:0, 2+1:0:0:0:0, 1+1:0:0:0:0, 1+0:0:0:0:0, 486+445:23:1:0:50
Eb major (3b), 7+3:0:0:0:0, 3+0:0:0:0:0, 2+0:0:0:0:0, 3+1:0:0:0:1, 4+3:0:0:0:3, 4+1:0:0:0:0, 3+0:0:0:0:0, 3+1:0:0:0:0, 4+1:0:0:0:1, 3+1:0:0:0:0, 4+1:0:0:0:1, 2+0:0:0:0:0, 5+2:0:0:0:0, 4+2:0:0:0:1, 6+3:0:0:0:0, 2+0:0:0:0:0, 7+3:0:0:0:0, 3+0:0:0:0:0, 2+0:0:0:0:0, 3+1:0:0:0:1, 4+3:0:0:0:3, 4+1:0:0:0:0, 3+0:0:0:0:0, 1+0:0:0:0:0, 4+1:0:0:0:1, 3+1:0:0:0:0, 4+1:0:0:0:1, 3+2:0:0:0:0, 7+3:0:0:0:0, 5+1:0:0:0:1, 2+0:0:0:0:0, 3+0:0:0:0:0, 7+3:0:0:0:0, 4+1:0:0:0:0, 2+0:0:0:0:0, 3+1:0:0:0:1, 5+3:0:0:0:2, 3+2:2:0:0:2, 2+0:0:0:0:0, 3+1:0:0:0:0, 4+1:0:0:0:1, 3+0:0:0:0:0, 4+2:0:0:0:2, 3+0:0:0:0:0, 6+3:0:0:0:0, 8+7:0:0:0:2, 4+2:0:0:0:0, 5+1:0:0:0:0, 6+2:0:0:0:0, 5+1:0:0:0:0, 4+1:0:0:0:0, 3+1:0:0:0:1, 4+4:0:0:0:4, 5+2:0:0:0:0, 2+0:0:0:0:0, 2+0:0:0:0:0, 4+1:0:0:0:1, 3+0:0:0:0:0, 4+1:0:0:0:1, 4+1:0:0:0:0, 4+1:0:0:0:0, 5+1:0:0:0:1, 2+0:0:0:0:0, 3+0:0:0:0:0, 4+2:0:0:0:0, 5+1:0:0:0:0, 3+1:0:0:0:0, 4+1:0:0:0:1, 4+2:0:0:0:2, 3+1:0:0:0:0, 2+0:0:0:0:0, 3+1:0:0:0:0, 4+1:0:0:0:0, 3+1:0:0:0:0, 6+2:0:0:0:1, 2+0:0:0:0:0, 7+3:0:0:0:0, 4+4:0:0:0:1, 4+2:0:0:0:0, 3+0:0:0:0:0, 6+2:0:0:0:0, 3+0:0:0:0:0, 2+1:0:0:0:0, 3+1:0:0:0:1, 3+1:0:0:0:1, 3+2:0:0:0:0, 3+0:0:0:0:0, 1+0:0:0:0:0, 2+0:0:0:0:0, 3+1:0:0:0:0, 4+4:0:0:0:4, 3+1:0:0:0:0, 5+3:0:0:0:0, 7+2:0:0:0:1, 2+0:0:0:0:0, 3+0:0:0:0:0, 4+1:0:0:0:0, 3+0:0:0:0:0, 2+0:0:0:0:0, 3+1:0:0:0:1, 3+1:0:0:0:1, 3+1:0:0:0:0, 2+0:0:0:0:0, 3+1:0:0:0:0, 2+0:0:0:0:0, 2+0:0:0:0:0, 4+1:0:0:0:1, 2+0:0:0:0:0, 4+2:0:0:0:0, 4+2:0:0:0:1, 3+1:0:0:0:0, 2+0:0:0:0:0, 4+1:0:0:0:0, 3+0:0:0:0:0, 2+0:0:0:0:0, 3+2:0:0:0:1, 3+2:0:0:0:2, 3+2:0:0:0:0, 3+0:0:0:0:0, 1+0:0:0:0:0, 2+0:0:0:0:0, 2+0:0:0:0:0, 5+2:0:0:0:2, 3+1:0:0:0:0, 5+2:0:0:0:0, 5+2:0:0:0:1, 2+0:0:0:0:0, 5+1:0:0:0:0, 4+2:0:0:0:0, 3+0:0:0:0:0, 2+0:0:0:0:0, 3+3:0:0:0:1, 3+1:0:0:0:1, 3+2:0:0:0:0, 3+0:0:0:0:0, 3+3:0:0:0:0, 2+0:0:0:0:0, 2+0:0:0:0:0, 4+3:0:0:0:3, 2+0:0:0:0:0, 4+3:0:0:0:0, 5+2:0:0:0:2, 3+2:0:0:0:0, 2+0:0:0:0:0, 4+2:0:0:0:0, 3+0:0:0:0:0, 3+2:0:0:0:0, 3+2:0:0:0:1, 3+3:0:0:0:3, 3+3:0:0:0:0, 3+0:0:0:0:0, 1+0:0:0:0:0, 2+0:0:0:0:0, 2+0:0:0:0:0, 4+4:0:0:0:4, 3+1:0:0:0:0, 4+2:0:0:0:0, 5+2:0:0:0:1, 3+0:0:0:0:0, 3+0:0:0:0:0, 5+1:0:0:0:0, 3+0:0:0:0:0, 2+0:0:0:0:0, 3+3:0:0:0:1, 3+2:0:0:0:2, 3+2:0:0:0:0, 3+0:0:0:0:0, 3+4:0:0:0:0, 2+0:0:0:0:0, 3+1:0:0:0:0, 4+1:0:0:0:1, 3+2:0:0:0:0, 4+3:0:0:0:0, 5+4:0:0:0:2, 3+1:0:0:0:0, 2+0:0:0:0:0, 4+1:0:0:0:0, 3+0:0:0:0:0, 2+0:0:0:0:0, 3+1:0:0:0:1, 3+1:0:0:0:1, 4+2:0:0:0:1, 3+0:0:0:0:0, 3+2:0:0:0:0, 2+0:0:0:0:0, 3+0:0:0:0:0, 5+2:0:0:0:2, 3+1:0:0:0:0, 4+1:0:0:0:0, 6+3:0:0:0:2, 2+0:0:0:0:0, 2+0:0:0:0:0, 0+0:0:0:0:0, 654+225:2:0:0:83
A major (3#), 5+6:0:0:0:1, 2+4:0:0:0:0, 3+2:0:0:0:0, 4+2:0:0:0:0, 4+3:0:0:0:0, 2+2:0:0:0:0, 3+1:0:0:0:0, 3+3:0:0:0:0, 2+0:0:0:0:0, 5+3:0:0:0:0, 2+0:0:0:0:0, 2+1:0:0:0:0, 3+3:1:0:0:1, 2+1:0:0:0:0, 4+2:0:0:0:0, 3+3:0:0:0:0, 5+6:0:0:0:1, 2+4:0:0:0:0, 3+4:0:0:0:0, 4+2:0:0:0:0, 4+3:0:0:0:0, 2+2:0:0:0:0, 3+2:0:0:0:0, 4+6:0:0:0:0, 2+0:0:0:0:0, 5+3:0:0:0:0, 2+0:0:0:0:0, 6+3:0:0:0:1, 5+6:0:0:0:1, 5+3:0:0:0:0, 3+1:0:0:0:0, 3+2:0:0:0:0, 5+9:0:0:0:1, 4+5:0:0:0:0, 3+2:0:0:0:0, 4+1:0:0:0:0, 5+2:0:0:0:0, 3+3:1:0:0:1, 3+2:0:0:0:0, 3+3:0:0:0:0, 2+0:0:0:0:0, 3+2:0:0:0:0, 2+0:0:0:0:0, 2+1:0:0:0:0, 4+6:0:0:0:1, 5+5:0:0:0:1, 4+4:0:0:0:0, 5+5:0:0:0:0, 7+6:0:0:0:1, 3+6:0:0:0:0, 4+2:0:0:0:0, 4+2:0:0:0:0, 4+4:0:0:0:0, 4+3:0:0:0:0, 3+1:0:0:0:0, 4+5:0:0:0:0, 2+0:0:0:0:0, 3+2:0:0:0:0, 2+0:0:0:0:0, 6+3:0:0:0:1, 4+4:0:0:0:1, 5+3:0:0:0:0, 3+1:0:0:0:0, 3+2:0:0:0:0, 4+3:0:0:0:2, 5+5:0:0:0:0, 5+4:0:0:0:0, 5+3:0:0:0:0, 4+2:0:0:0:0, 2+2:0:0:0:0, 3+1:0:0:0:0, 4+3:0:0:0:0, 3+1:0:0:0:0, 5+2:0:0:0:0, 3+6:0:0:0:0, 2+2:0:0:0:0, 6+3:1:0:0:1, 2+1:0:0:0:0, 3+2:0:0:0:0, 3+2:0:0:0:0, 4+4:0:0:0:1, 3+2:0:0:0:0, 4+2:0:0:0:0, 4+1:0:0:0:0, 3+1:0:0:0:0, 2+3:0:0:0:0, 3+2:0:0:0:0, 4+5:0:0:0:0, 3+1:0:0:0:0, 4+2:0:0:0:0, 1+2:0:0:0:0, 5+4:0:0:0:1, 5+5:0:0:0:1, 7+4:0:0:0:0, 3+1:0:0:0:0, 3+2:0:0:0:0, 4+2:0:0:0:1, 2+2:0:0:0:0, 3+2:0:0:0:0, 4+1:0:0:0:0, 3+1:0:0:0:0, 2+2:0:0:0:0, 3+2:0:0:0:0, 3+3:0:0:0:0, 2+0:0:0:0:0, 3+2:0:0:0:0, 1+2:0:0:0:0, 2+1:0:0:0:0, 3+3:1:0:0:1, 2+1:0:0:0:0, 2+2:0:0:0:0, 3+2:0:0:0:0, 4+2:0:0:0:1, 2+2:0:0:0:0, 3+2:0:0:0:0, 4+1:0:0:0:0, 3+1:0:0:0:0, 2+4:0:0:0:0, 3+1:0:0:0:0, 4+5:0:0:0:0, 2+0:0:0:0:0, 3+3:0:0:0:0, 2+3:0:0:0:1, 5+4:0:0:0:1, 5+3:0:0:0:1, 5+3:0:0:0:0, 3+1:0:0:0:0, 5+3:0:0:0:0, 4+4:0:0:0:2, 2+3:0:0:0:0, 3+3:0:0:0:0, 4+2:0:0:0:0, 3+2:0:0:0:0, 2+4:0:0:0:0, 3+2:0:0:0:0, 3+5:0:0:0:0, 2+0:0:0:0:0, 3+3:0:0:0:0, 1+2:0:0:0:0, 2+1:0:0:0:0, 3+2:1:0:0:1, 3+1:0:0:0:0, 2+1:0:0:0:0, 3+1:0:0:0:0, 4+3:0:0:0:2, 2+3:0:0:0:0, 4+2:0:0:0:1, 4+1:0:0:0:0, 3+1:0:0:0:0, 2+4:0:0:0:0, 3+1:0:0:0:0, 4+5:0:0:0:0, 2+0:0:0:0:0, 3+3:0:0:0:0, 1+3:0:0:0:0, 5+5:0:0:0:1, 4+4:0:0:0:2, 5+2:0:0:0:0, 3+1:0:0:0:0, 3+2:0:0:0:0, 5+2:0:0:0:1, 2+4:0:0:0:0, 3+3:0:0:0:0, 4+2:0:0:0:0, 3+1:0:0:0:0, 2+4:0:0:0:0, 3+3:0:0:0:0, 4+6:0:0:0:0, 2+0:0:0:0:0, 4+2:0:0:0:0, 1+2:0:0:0:0, 4+3:0:0:0:2, 3+3:1:0:0:1, 5+3:0:0:0:0, 2+1:0:0:0:0, 3+3:0:0:0:0, 4+2:0:0:0:1, 2+3:0:0:0:0, 3+4:0:0:0:0, 4+2:0:0:0:0, 3+1:0:0:0:0, 3+3:0:0:0:0, 3+1:0:0:0:0, 6+3:2:0:0:2, 3+1:0:0:0:0, 3+1:0:0:0:0, 2+5:0:0:0:0, 5+4:0:0:0:1, 4+2:0:0:0:1, 6+3:0:0:0:0, 3+1:0:0:0:0, 2+1:0:0:0:0, 1+0:0:0:0:0, 641+481:8:0:0:42
C minor (3b), 7+3:0:0:0:0, 3+0:0:0:0:0, 2+0:0:0:0:0, 3+1:0:0:0:1, 4+3:0:0:0:3, 4+1:0:0:0:0, 3+0:0:0:0:0, 3+1:0:0:0:0, 4+1:0:0:0:1, 3+1:0:0:0:0, 4+1:0:0:0:1, 2+0:0:0:0:0, 5+2:0:0:0:0, 4+1:0:0:0:1, 6+1:0:0:0:1, 2+0:0:0:0:0, 7+3:0:0:0:0, 3+0:0:0:0:0, 2+0:0:0:0:0, 3+1:0:0:0:1, 4+3:0:0:0:3, 4+1:0:0:0:0, 3+0:0:0:0:0, 1+2:0:0:0:0, 4+1:0:0:0:1, 3+1:0:0:0:0, 4+1:0:0:0:1, 3+3:0:0:0:0, 7+3:0:0:0:0, 5+1:0:0:0:1, 2+0:0:0:0:0, 3+0:0:0:0:0, 7+3:0:0:0:0, 4+1:0:0:0:0, 2+0:0:0:0:0, 3+1:0:0:0:1, 5+3:0:0:0:2, 3+1:1:0:0:0, 2+0:0:0:0:0, 3+1:0:0:0:0, 4+1:0:0:0:1, 3+0:0:0:0:0, 4+2:0:0:0:2, 3+0:0:0:0:0, 6+3:0:0:0:0, 8+3:0:0:0:3, 4+2:0:0:0:0, 5+1:0:0:0:0, 6+2:0:0:0:0, 5+1:0:0:0:0, 4+1:0:0:0:0, 3+1:0:0:0:1, 4+4:0:0:0:4, 5+2:0:0:0:0, 2+0:0:0:0:0, 2+2:0:0:0:0, 4+1:0:0:0:1, 3+0:0:0:0:0, 4+1:0:0:0:1, 4+2:0:0:0:0, 4+1:0:0:0:0, 5+1:0:0:0:1, 2+0:0:0:0:0, 3+0:0:0:0:0, 4+2:0:0:0:0, 5+1:0:0:0:0, 3+1:0:0:0:0, 4+1:0:0:0:1, 4+2:0:0:0:2, 3+1:0:0:0:0, 2+0:0:0:0:0, 3+1:0:0:0:0, 4+1:0:0:0:0, 3+1:0:0:0:0, 6+2:0:0:0:1, 2+0:0:0:0:0, 7+3:0:0:0:0, 4+1:0:0:0:1, 4+1:0:0:0:1, 3+0:0:0:0:0, 6+2:0:0:0:0, 3+0:0:0:0:0, 2+1:0:0:0:0, 3+1:0:0:0:1, 3+1:0:0:0:1, 3+2:0:0:0:0, 3+0:0:0:0:0, 1+2:0:0:0:0, 2+0:0:0:0:0, 3+1:0:0:0:0, 4+4:0:0:0:4, 3+3:0:0:0:0, 5+3:0:0:0:0, 7+2:0:0:0:1, 2+0:0:0:0:0, 3+0:0:0:0:0, 4+1:0:0:0:0, 3+0:0:0:0:0, 2+0:0:0:0:0, 3+1:0:0:0:1, 3+1:0:0:0:1, 3+1:0:0:0:0, 2+0:0:0:0:0, 3+1:0:0:0:0, 2+0:0:0:0:0, 2+0:0:0:0:0, 4+1:0:0:0:1, 2+0:0:0:0:0, 4+2:0:0:0:0, 4+1:0:0:0:1, 3+0:0:0:0:0, 2+0:0:0:0:0, 4+1:0:0:0:0, 3+0:0:0:0:0, 2+0:0:0:0:0, 3+2:0:0:0:1, 3+2:0:0:0:2, 3+2:0:0:0:0, 3+0:0:0:0:0, 1+2:0:0:0:0, 2+0:0:0:0:0, 2+0:0:0:0:0, 5+2:0:0:0:2, 3+3:0:0:0:0, 5+2:0:0:0:0, 5+2:0:0:0:1, 2+0:0:0:0:0, 5+1:0:0:0:0, 4+2:0:0:0:0, 3+0:0:0:0:0, 2+0:0:0:0:0, 3+3:0:0:0:1, 3+1:0:0:0:1, 3+2:0:0:0:0, 3+0:0:0:0:0, 3+3:0:0:0:0, 2+0:0:0:0:0, 2+0:0:0:0:0, 4+3:0:0:0:3, 2+0:0:0:0:0, 4+3:0:0:0:0, 5+2:0:0:0:2, 3+0:0:0:0:0, 2+0:0:0:0:0, 4+2:0:0:0:0, 3+0:0:0:0:0, 3+1:0:0:0:0, 3+2:0:0:0:1, 3+3:0:0:0:3, 3+3:0:0:0:0, 3+0:0:0:0:0, 1+3:0:0:0:0, 2+0:0:0:0:0, 2+0:0:0:0:0, 4+4:0:0:0:4, 3+4:0:0:0:0, 4+2:0:0:0:0, 5+2:0:0:0:1, 3+0:0:0:0:0, 3+0:0:0:0:0, 5+1:0:0:0:0, 3+0:0:0:0:0, 2+0:0:0:0:0, 3+3:0:0:0:1, 3+2:0:0:0:2, 3+2:0:0:0:0, 3+0:0:0:0:0, 3+4:0:0:0:0, 2+0:0:0:0:0, 3+1:0:0:0:0, 4+1:0:0:0:1, 3+2:0:0:0:2, 4+3:0:0:0:0, 5+4:0:0:0:2, 3+1:0:0:0:0, 2+0:0:0:0:0, 4+1:0:0:0:0, 3+0:0:0:0:0, 2+0:0:0:0:0, 3+1:0:0:0:1, 3+1:0:0:0:1, 4+2:0:0:0:1, 3+0:0:0:0:0, 3+2:0:0:0:0, 2+0:0:0:0:0, 3+0:0:0:0:0, 5+2:0:0:0:2, 3+3:0:0:0:0, 4+1:0:0:0:0, 6+3:0:0:0:2, 2+0:0:0:0:0, 2+0:0:0:0:0, 0+0:0:0:0:0, 654+230:1:0:0:86
F# minor (3#), 5+2:1:0:0:1, 2+2:0:0:0:0, 3+2:0:0:0:0, 4+2:0:0:0:0, 4+3:0:0:0:0, 2+1:0:0:0:0, 3+1:0:0:0:0, 3+3:0:0:0:0, 2+0:0:0:0:0, 5+3:0:0:0:0, 2+0:0:0:0:0, 2+1:0:0:0:0, 3+3:1:0:0:1, 2+1:0:0:0:0, 4+2:0:0:0:0, 3+3:0:0:0:0, 5+2:1:0:0:1, 2+2:0:0:0:0, 3+4:0:0:0:0, 4+2:0:0:0:0, 4+3:0:0:0:0, 2+1:0:0:0:0, 3+2:0:0:0:0, 4+6:0:0:0:0, 2+0:0:0:0:0, 5+3:0:0:0:0, 2+0:0:0:0:0, 6+3:0:0:0:1, 5+2:1:0:0:1, 5+3:0:0:0:0, 3+1:0:0:0:0, 3+2:0:0:0:0, 5+2:1:0:0:1, 4+5:0:0:0:0, 3+2:0:0:0:0, 4+1:0:0:0:0, 5+2:0:0:0:0, 3+3:1:0:0:1, 3+2:0:0:0:0, 3+3:0:0:0:0, 2+0:0:0:0:0, 3+2:0:0:0:0, 2+0:0:0:0:0, 2+1:0:0:0:0, 4+3:1:0:0:1, 5+5:0:0:0:0, 4+4:0:0:0:0, 5+5:0:0:0:0, 7+6:0:0:0:1, 3+3:0:0:0:0, 4+2:0:0:0:0, 4+2:0:0:0:0, 4+4:0:0:0:0, 4+1:0:0:0:0, 3+1:0:0:0:0, 4+5:0:0:0:0, 2+0:0:0:0:0, 3+2:0:0:0:0, 2+0:0:0:0:0, 6+3:0:0:0:1, 4+4:0:0:0:1, 5+3:0:0:0:0, 3+1:0:0:0:0, 3+2:0:0:0:0, 4+3:0:0:0:2, 5+5:0:0:0:0, 5+4:0:0:0:0, 5+3:0:0:0:0, 4+2:0:0:0:0, 2+1:0:0:0:0, 3+1:0:0:0:0, 4+3:0:0:0:0, 3+1:0:0:0:0, 5+2:0:0:0:0, 3+6:0:0:0:0, 2+2:0:0:0:0, 6+3:1:0:0:1, 2+1:0:0:0:0, 3+2:0:0:0:0, 3+2:0:0:0:0, 4+3:1:0:0:1, 3+2:0:0:0:0, 4+2:0:0:0:0, 4+1:0:0:0:0, 3+1:0:0:0:0, 2+1:0:0:0:0, 3+2:0:0:0:0, 4+5:0:0:0:0, 3+1:0:0:0:0, 4+2:0:0:0:0, 1+2:0:0:0:0, 5+4:0:0:0:1, 5+5:0:0:0:1, 7+4:0:0:0:0, 3+1:0:0:0:0, 3+2:0:0:0:0, 4+2:0:0:0:1, 2+2:0:0:0:0, 3+2:0:0:0:0, 4+1:0:0:0:0, 3+1:0:0:0:0, 2+2:0:0:0:0, 3+2:0:0:0:0, 3+3:0:0:0:0, 2+0:0:0:0:0, 3+2:0:0:0:0, 1+2:0:0:0:0, 2+1:0:0:0:0, 3+3:1:0:0:1, 2+1:0:0:0:0, 2+2:0:0:0:0, 3+2:0:0:0:0, 4+2:0:0:0:1, 2+2:0:0:0:0, 3+2:0:0:0:0, 4+1:0:0:0:0, 3+1:0:0:0:0, 2+1:0:0:0:0, 3+1:0:0:0:0, 4+5:0:0:0:0, 2+0:0:0:0:0, 3+3:0:0:0:0, 2+3:0:0:0:1, 5+4:0:0:0:1, 5+3:0:0:0:1, 5+3:0:0:0:0, 3+1:0:0:0:0, 5+3:0:0:0:0, 4+4:0:0:0:2, 2+3:0:0:0:0, 3+3:0:0:0:0, 4+2:0:0:0:0, 3+2:0:0:0:0, 2+1:0:0:0:0, 3+2:0:0:0:0, 3+5:0:0:0:0, 2+0:0:0:0:0, 3+3:0:0:0:0, 1+2:0:0:0:0, 2+1:0:0:0:0, 3+2:1:0:0:1, 3+1:0:0:0:0, 2+1:0:0:0:0, 3+1:0:0:0:0, 4+3:0:0:0:2, 2+3:0:0:0:0, 4+2:0:0:0:1, 4+1:0:0:0:0, 3+1:0:0:0:0, 2+1:0:0:0:0, 3+1:0:0:0:0, 4+5:0:0:0:0, 2+0:0:0:0:0, 3+3:0:0:0:0, 1+3:0:0:0:0, 5+5:0:0:0:1, 4+4:0:0:0:2, 5+2:0:0:0:0, 3+1:0:0:0:0, 3+2:0:0:0:0, 5+2:0:0:0:1, 2+4:0:0:0:0, 3+3:0:0:0:0, 4+2:0:0:0:0, 3+1:0:0:0:0, 2+1:0:0:0:0, 3+3:0:0:0:0, 4+6:0:0:0:0, 2+0:0:0:0:0, 4+2:0:0:0:0, 1+2:0:0:0:0, 4+3:0:0:0:2, 3+3:1:0:0:1, 5+3:0:0:0:0, 2+1:0:0:0:0, 3+3:0:0:0:0, 4+2:0:0:0:1, 2+3:0:0:0:0, 3+4:0:0:0:0, 4+2:0:0:0:0, 3+1:0:0:0:0, 3+2:0:0:0:0, 3+1:0:0:0:0, 6+6:0:0:0:0, 3+1:0:0:0:0, 3+1:0:0:0:0, 2+5:0:0:0:0, 5+4:0:0:0:1, 4+2:0:0:0:1, 6+3:0:0:0:0, 3+1:0:0:0:0, 2+1:0:0:0:0, 1+0:0:0:0:0, 641+434:12:0:0:39
Ab major (4b), 7+4:0:0:0:0, 4+1:0:0:0:0, 3+1:0:0:0:0, 4+1:0:0:0:1, 4+3:0:0:0:3, 5+1:0:0:0:0, 4+1:0:0:0:0, 3+1:0:0:0:0, 4+1:0:0:0:1, 4+1:0:0:0:0, 5+1:0:0:0:1, 2+0:0:0:0:0, 6+2:0:0:0:0, 5+1:0:0:0:1, 7+3:0:0:0:0, 3+1:0:0:0:0, 7+3:0:0:0:0, 4+0:0:0:0:0, 3+1:0:0:0:0, 4+1:0:0:0:1, 4+3:0:0:0:3, 5+1:0:0:0:0, 4+1:0:0:0:0, 2+0:0:0:0:0, 4+1:0:0:0:1, 4+1:0:0:0:0, 5+1:0:0:0:1, 4+2:0:0:0:0, 7+3:0:0:0:0, 6+1:0:0:0:1, 3+2:0:0:0:0, 4+1:0:0:0:0, 7+3:0:0:0:0, 5+1:0:0:0:0, 3+1:0:0:0:0, 4+1:0:0:0:1, 5+3:0:0:0:3, 4+2:2:0:0:2, 3+1:0:0:0:0, 3+1:0:0:0:0, 4+1:0:0:0:1, 4+2:0:0:0:0, 5+2:0:0:0:2, 3+0:0:0:0:0, 7+1:1:0:0:0, 9+3:0:0:0:3, 5+2:0:0:0:0, 6+3:0:0:0:0, 6+4:0:0:0:0, 6+4:0:0:0:0, 5+2:0:0:0:0, 4+1:0:0:0:1, 4+4:0:0:0:4, 5+2:0:0:0:1, 3+2:0:0:0:0, 3+0:0:0:0:0, 4+1:0:0:0:1, 4+2:0:0:0:0, 5+1:0:0:0:1, 5+1:0:0:0:0, 4+2:0:0:0:0, 6+5:1:0:0:1, 3+2:0:0:0:0, 4+2:0:0:0:0, 5+4:0:0:0:0, 6+2:0:0:0:0, 4+3:0:0:0:1, 5+3:1:0:0:1, 4+2:0:0:0:2, 4+1:0:0:0:0, 3+1:0:0:0:0, 4+1:0:0:0:0, 4+1:0:0:0:0, 4+1:0:0:0:0, 7+2:0:0:0:1, 2+0:0:0:0:0, 8+3:0:0:0:0, 5+1:0:0:0:1, 5+2:0:0:0:0, 4+1:0:0:0:0, 7+3:0:0:0:0, 4+1:0:0:0:0, 3+2:0:0:0:2, 4+3:1:0:0:1, 3+1:0:0:0:1, 4+2:0:0:0:0, 4+1:0:0:0:0, 2+0:0:0:0:0, 2+0:0:0:0:0, 4+1:0:0:0:0, 5+4:0:0:0:4, 4+1:0:0:0:0, 5+2:0:0:0:0, 8+4:1:0:0:1, 3+1:0:0:0:0, 4+1:0:0:0:0, 4+2:0:0:0:0, 4+1:0:0:0:0, 3+1:0:0:0:0, 4+1:0:0:0:1, 3+1:0:0:0:1, 4+1:0:0:0:0, 3+1:0:0:0:0, 3+1:0:0:0:0, 2+0:0:0:0:0, 3+1:0:0:0:0, 5+1:0:0:0:1, 2+0:0:0:0:0, 5+2:0:0:0:0, 5+1:0:0:0:1, 4+1:0:0:0:0, 3+1:0:0:0:0, 4+2:0:0:0:0, 4+1:0:0:0:0, 3+1:0:0:0:0, 4+2:0:0:0:1, 3+2:0:0:0:2, 4+2:0:0:0:0, 4+1:0:0:0:0, 2+0:0:0:0:0, 2+0:0:0:0:0, 3+1:0:0:0:0, 6+2:0:0:0:2, 4+1:0:0:0:0, 5+2:0:0:0:0, 6+4:1:0:0:1, 3+1:0:0:0:0, 6+2:0:0:0:0, 4+3:0:0:0:0, 4+1:0:0:0:0, 3+1:0:0:0:0, 4+3:0:0:0:1, 3+1:0:0:0:1, 4+2:0:0:0:0, 4+1:0:0:0:0, 3+1:0:0:0:0, 2+0:0:0:0:0, 3+1:0:0:0:0, 5+3:0:0:0:3, 2+0:0:0:0:0, 5+3:0:0:0:0, 6+2:0:0:0:2, 4+2:0:0:0:0, 3+1:0:0:0:0, 4+3:0:0:0:0, 4+2:0:0:0:0, 4+2:0:0:0:0, 4+2:0:0:0:1, 3+3:0:0:0:3, 4+3:0:0:0:0, 4+1:0:0:0:0, 2+0:0:0:0:0, 3+0:0:0:0:0, 3+1:0:0:0:0, 5+4:0:0:0:4, 4+1:0:0:0:0, 4+3:0:0:0:0, 6+5:1:0:0:1, 4+1:0:0:0:0, 4+1:0:0:0:0, 6+3:0:0:0:0, 4+1:0:0:0:0, 3+2:0:0:0:0, 4+3:0:0:0:1, 3+2:0:0:0:2, 4+2:0:0:0:0, 4+1:0:0:0:0, 3+2:0:0:0:0, 2+0:0:0:0:0, 4+1:0:0:0:0, 5+1:0:0:0:1, 4+2:0:0:0:0, 5+3:0:0:0:0, 6+4:0:0:0:2, 4+1:0:0:0:0, 3+1:0:0:0:0, 4+3:0:0:0:0, 4+1:0:0:0:0, 3+1:0:0:0:0, 4+1:0:0:0:1, 3+1:0:0:0:1, 5+2:0:0:0:1, 4+1:0:0:0:0, 4+2:0:0:0:0, 3+0:0:0:0:0, 4+1:0:0:0:0, 6+2:0:0:0:2, 4+1:0:0:0:0, 4+2:0:0:0:0, 7+6:2:0:0:2, 3+1:0:0:0:0, 3+0:0:0:0:0, 0+0:0:0:0:0, 798+313:11:0:0:89
E major (4#), 5+2:1:0:0:1, 3+2:0:0:0:0, 4+5:0:0:0:0, 5+3:0:0:0:0, 3+1:0:0:0:0, 3+1:0:0:0:0, 4+6:0:0:0:0, 3+1:1:0:0:1, 2+0:0:0:0:0, 6+3:0:0:0:0, 3+0:0:0:0:0, 2+0:0:0:0:0, 4+3:1:0:0:1, 3+4:0:0:0:0, 5+2:0:0:0:0, 4+4:0:0:0:0, 5+2:1:0:0:1, 3+2:0:0:0:0, 4+5:0:0:0:0, 5+3:0:0:0:0, 3+1:0:0:0:0, 3+1:0:0:0:0, 4+5:0:0:0:0, 5+6:0:0:0:0, 2+0:0:0:0:0, 6+3:0:0:0:0, 3+0:0:0:0:0, 7+3:0:0:0:1, 5+2:1:0:0:1, 6+5:0:0:0:0, 4+5:0:0:0:0, 4+3:0:0:0:0, 5+2:1:0:0:1, 4+3:0:1:0:1, 4+4:0:0:0:0, 5+3:0:0:0:0, 4+3:0:0:0:0, 4+3:1:0:0:1, 4+4:0:0:0:0, 3+1:1:0:0:1, 2+0:0:0:0:0, 4+2:0:0:0:0, 3+0:0:0:0:0, 2+0:0:0:0:0, 5+3:1:0:0:1, 6+4:0:0:0:0, 5+4:0:0:0:0, 6+6:0:0:0:0, 7+6:0:0:0:1, 4+3:0:0:0:0, 5+2:0:0:0:0, 5+2:0:0:0:0, 3+1:0:0:0:0, 3+1:0:0:0:0, 4+7:0:0:0:0, 5+5:0:0:0:0, 2+0:0:0:0:0, 4+2:0:0:0:0, 3+0:0:0:0:0, 7+3:0:0:0:1, 4+4:0:0:0:1, 6+3:0:0:0:0, 4+1:0:0:0:0, 4+2:0:0:0:0, 5+3:0:0:0:2, 6+5:0:0:0:0, 6+4:0:0:0:0, 6+3:0:0:0:0, 3+1:0:0:0:0, 3+1:0:0:0:0, 4+5:0:0:0:0, 5+3:0:0:0:0, 3+1:0:0:0:0, 6+2:0:0:0:0, 4+6:0:0:0:0, 2+0:0:0:0:0, 7+3:1:0:0:1, 3+3:0:0:0:0, 4+2:0:0:0:0, 4+5:0:0:0:0, 5+3:1:0:0:1, 4+2:0:0:0:0, 5+2:0:0:0:0, 5+1:0:0:0:0, 3+1:0:0:0:0, 3+1:0:0:0:0, 4+6:0:0:0:0, 5+5:0:0:0:0, 3+1:0:0:0:0, 5+2:0:0:0:0, 2+2:0:0:0:0, 6+4:0:0:0:1, 5+5:0:0:0:1, 8+4:0:0:0:0, 4+1:0:0:0:0, 4+2:0:0:0:0, 4+2:0:0:0:1, 3+1:0:0:0:0, 4+5:0:0:0:0, 5+3:0:0:0:0, 3+1:0:0:0:0, 3+2:0:0:0:0, 4+5:0:0:0:0, 3+1:1:0:0:1, 2+0:0:0:0:0, 4+2:0:0:0:0, 2+2:0:0:0:0, 2+0:0:0:0:0, 4+3:1:0:0:1, 3+3:0:0:0:0, 3+2:0:0:0:0, 4+5:0:0:0:0, 4+2:0:0:0:1, 3+1:0:0:0:0, 4+5:0:0:0:0, 5+4:0:0:0:0, 3+2:0:0:0:0, 3+1:0:0:0:0, 4+6:0:0:0:0, 5+5:0:0:0:0, 2+0:0:0:0:0, 4+3:0:0:0:0, 3+3:0:0:0:1, 6+4:0:0:0:1, 5+3:0:0:0:1, 6+3:0:0:0:0, 4+1:0:0:0:0, 6+3:0:0:0:0, 4+4:0:0:0:1, 3+1:0:0:0:0, 4+5:0:0:0:0, 5+5:0:0:0:0, 3+1:0:0:0:0, 3+1:0:0:0:0, 4+5:0:0:0:0, 3+3:3:0:0:3, 2+0:0:0:0:0, 4+3:0:0:0:0, 2+2:0:0:0:0, 2+0:0:0:0:0, 4+2:1:0:0:1, 4+5:0:0:0:0, 3+1:0:0:0:0, 4+8:0:0:0:0, 4+3:0:0:0:1, 3+2:0:0:0:0, 5+8:0:0:0:0, 5+4:0:0:0:0, 3+3:0:0:0:0, 3+1:0:0:0:0, 4+7:0:0:0:0, 5+5:0:0:0:0, 3+0:0:0:0:0, 4+3:0:0:0:0, 2+3:0:0:0:0, 6+5:0:0:0:1, 4+4:0:0:0:1, 6+2:0:0:0:0, 4+1:0:0:0:0, 4+2:0:0:0:0, 6+2:0:0:0:1, 3+1:0:0:0:0, 4+5:0:0:0:0, 5+5:0:0:0:0, 3+2:0:0:0:0, 3+1:0:0:0:0, 4+6:0:0:0:0, 4+4:3:0:0:3, 2+0:0:0:0:0, 5+2:0:0:0:0, 2+2:0:0:0:0, 5+3:0:0:0:2, 4+3:1:0:0:1, 6+4:0:0:0:0, 3+1:0:0:0:0, 4+4:0:0:0:0, 4+2:0:0:0:1, 3+1:0:0:0:0, 4+4:0:0:0:0, 5+3:0:0:0:0, 3+1:0:0:0:0, 4+2:0:0:0:0, 4+7:0:0:0:0, 7+6:0:0:0:0, 4+1:0:0:0:0, 4+1:0:0:0:0, 3+5:0:0:0:0, 6+4:0:0:0:1, 4+2:0:0:0:1, 7+3:0:0:0:0, 4+1:0:0:0:0, 3+1:0:0:0:0, 1+0:0:0:0:0, 778+527:21:1:0:45
F minor (4b), 7+3:0:0:0:0, 4+0:0:0:0:0, 3+0:0:0:0:0, 4+1:0:0:0:1, 4+3:0:0:0:3, 5+1:0:0:0:0, 4+0:0:0:0:0, 3+1:0:0:0:0, 4+1:0:0:0:1, 4+1:0:0:0:0, 5+1:0:0:0:1, 2+0:0:0:0:0, 6+2:0:0:0:0, 5+2:0:0:0:1, 7+3:0:0:0:0, 3+0:0:0:0:0, 7+3:0:0:0:0, 4+0:0:0:0:0, 3+0:0:0:0:0, 4+1:0:0:0:1, 4+3:0:0:0:3, 5+1:0:0:0:0, 4+0:0:0:0:0, 2+0:0:0:0:0, 4+1:0:0:0:1, 4+1:0:0:0:0, 5+1:0:0:0:1, 4+2:0:0:0:0, 7+3:0:0:0:0, 6+1:0:0:0:1, 3+0:0:0:0:0, 4+0:0:0:0:0, 7+3:0:0:0:0, 5+1:0:0:0:0, 3+0:0:0:0:0, 4+1:0:0:0:1, 5+3:0:0:0:3, 4+2:2:0:0:2, 3+1:0:0:0:0, 3+1:0:0:0:0, 4+1:0:0:0:1, 4+0:0:0:0:0, 5+2:0:0:0:2, 3+0:0:0:0:0, 7+3:0:0:0:0, 9+7:0:0:0:2, 5+2:0:0:0:0, 6+1:0:0:0:0, 6+2:0:0:0:0, 6+1:0:0:0:0, 5+1:0:0:0:0, 4+1:0:0:0:1, 4+4:0:0:0:4, 5+2:0:0:0:1, 3+0:0:0:0:0, 3+0:0:0:0:0, 4+1:0:0:0:1, 4+0:0:0:0:0, 5+1:0:0:0:1, 5+1:0:0:0:0, 4+2:0:0:0:0, 6+1:0:0:0:1, 3+0:0:0:0:0, 4+0:0:0:0:0, 5+2:0:0:0:0, 6+1:0:0:0:0, 4+1:0:0:0:0, 5+1:0:0:0:1, 4+2:0:0:0:2, 4+1:0:0:0:0, 3+0:0:0:0:0, 4+1:0:0:0:0, 4+1:0:0:0:0, 4+1:0:0:0:0, 7+2:0:0:0:1, 2+0:0:0:0:0, 8+3:0:0:0:0, 5+4:0:0:0:1, 5+2:0:0:0:0, 4+0:0:0:0:0, 7+2:0:0:0:0, 4+0:0:0:0:0, 3+1:0:0:0:0, 4+1:0:0:0:1, 3+1:0:0:0:1, 4+2:0:0:0:0, 4+0:0:0:0:0, 2+0:0:0:0:0, 2+0:0:0:0:0, 4+1:0:0:0:0, 5+4:0:0:0:4, 4+1:0:0:0:0, 5+2:0:0:0:0, 8+2:0:0:0:1, 3+0:0:0:0:0, 4+0:0:0:0:0, 4+1:0:0:0:0, 4+0:0:0:0:0, 3+0:0:0:0:0, 4+1:0:0:0:1, 3+1:0:0:0:1, 4+1:0:0:0:0, 3+0:0:0:0:0, 3+1:0:0:0:0, 2+0:0:0:0:0, 3+1:0:0:0:0, 5+1:0:0:0:1, 2+0:0:0:0:0, 5+2:0:0:0:0, 5+2:0:0:0:1, 4+1:0:0:0:0, 3+0:0:0:0:0, 4+1:0:0:0:0, 4+0:0:0:0:0, 3+0:0:0:0:0, 4+2:0:0:0:1, 3+2:0:0:0:2, 4+2:0:0:0:0, 4+0:0:0:0:0, 2+0:0:0:0:0, 2+0:0:0:0:0, 3+1:0:0:0:0, 6+2:0:0:0:2, 4+1:0:0:0:0, 5+2:0:0:0:0, 6+2:0:0:0:1, 3+0:0:0:0:0, 6+1:0:0:0:0, 4+2:0:0:0:0, 4+0:0:0:0:0, 3+0:0:0:0:0, 4+3:0:0:0:1, 3+1:0:0:0:1, 4+2:0:0:0:0, 4+0:0:0:0:0, 3+3:0:0:0:0, 2+0:0:0:0:0, 3+1:0:0:0:0, 5+3:0:0:0:3, 2+0:0:0:0:0, 5+3:0:0:0:0, 6+2:0:0:0:2, 4+2:0:0:0:0, 3+0:0:0:0:0, 4+2:0:0:0:0, 4+0:0:0:0:0, 4+2:0:0:0:0, 4+2:0:0:0:1, 3+3:0:0:0:3, 4+3:0:0:0:0, 4+0:0:0:0:0, 2+0:0:0:0:0, 3+0:0:0:0:0, 3+1:0:0:0:0, 5+4:0:0:0:4, 4+1:0:0:0:0, 4+3:0:0:0:0, 6+2:0:0:0:1, 4+0:0:0:0:0, 4+0:0:0:0:0, 6+1:0:0:0:0, 4+0:0:0:0:0, 3+0:0:0:0:0, 4+3:0:0:0:1, 3+2:0:0:0:2, 4+2:0:0:0:0, 4+0:0:0:0:0, 3+4:0:0:0:0, 2+0:0:0:0:0, 4+1:0:0:0:0, 5+1:0:0:0:1, 4+2:0:0:0:0, 5+3:0:0:0:0, 6+4:0:0:0:2, 4+1:0:0:0:0, 3+0:0:0:0:0, 4+1:0:0:0:0, 4+0:0:0:0:0, 3+0:0:0:0:0, 4+1:0:0:0:1, 3+1:0:0:0:1, 5+2:0:0:0:1, 4+0:0:0:0:0, 4+2:0:0:0:0, 3+0:0:0:0:0, 4+1:0:0:0:0, 6+2:0:0:0:2, 4+1:0:0:0:0, 4+2:0:0:0:0, 7+3:0:0:0:2, 3+0:0:0:0:0, 3+0:0:0:0:0, 0+0:0:0:0:0, 798+233:2:0:0:85
C# minor (4#), 5+2:1:0:0:1, 3+2:0:0:0:0, 4+5:0:0:0:0, 5+3:0:0:0:0, 3+1:0:0:0:0, 3+1:0:0:0:0, 4+6:0:0:0:0, 3+1:1:0:0:1, 2+3:0:0:0:0, 6+3:0:0:0:0, 3+0:0:0:0:0, 2+0:0:0:0:0, 4+3:1:0:0:1, 3+1:0:0:0:0, 5+2:0:0:0:0, 4+4:0:0:0:0, 5+2:1:0:0:1, 3+2:0:0:0:0, 4+5:0:0:0:0, 5+3:0:0:0:0, 3+1:0:0:0:0, 3+1:0:0:0:0, 4+5:0:0:0:0, 5+6:0:0:0:0, 2+3:0:0:0:0, 6+3:0:0:0:0, 3+5:0:0:0:0, 7+3:0:0:0:1, 5+2:1:0:0:1, 6+5:0:0:0:0, 4+5:0:0:0:0, 4+3:0:0:0:0, 5+2:1:0:0:1, 4+3:0:1:0:1, 4+4:0:0:0:0, 5+3:0:0:0:0, 4+3:0:0:0:0, 4+3:1:0:0:1, 4+4:0:0:0:0, 3+1:1:0:0:1, 2+4:0:0:0:0, 4+6:0:0:0:0, 3+9:0:0:0:0, 2+0:0:0:0:0, 5+3:1:0:0:1, 6+5:0:0:0:0, 5+4:0:0:0:0, 6+6:0:0:0:0, 6+5:2:0:0:2, 4+3:0:0:0:0, 5+7:0:0:0:0, 5+3:0:0:0:0, 3+1:0:0:0:0, 3+1:0:0:0:0, 4+7:0:0:0:0, 5+5:0:0:0:0, 2+4:0:0:0:0, 4+6:0:0:0:0, 3+0:0:0:0:0, 7+3:0:0:0:1, 4+4:0:0:0:1, 6+5:0:0:0:0, 4+5:0:0:0:0, 4+3:0:0:0:0, 5+3:0:0:0:2, 6+5:0:0:0:0, 6+4:0:0:0:0, 6+3:0:0:0:0, 3+1:0:0:0:0, 3+1:0:0:0:0, 4+5:0:0:0:0, 5+3:0:0:0:0, 3+1:0:0:0:0, 6+2:0:0:0:0, 4+6:0:0:0:0, 2+0:0:0:0:0, 7+3:1:0:0:1, 3+1:0:0:0:0, 4+2:0:0:0:0, 4+5:0:0:0:0, 5+3:1:0:0:1, 4+2:0:0:0:0, 5+2:0:0:0:0, 5+3:0:0:0:0, 3+1:0:0:0:0, 3+1:0:0:0:0, 4+6:0:0:0:0, 5+5:0:0:0:0, 3+1:0:0:0:0, 5+2:0:0:0:0, 2+2:0:0:0:0, 6+4:0:0:0:1, 5+5:0:0:0:1, 8+6:0:0:0:0, 4+5:0:0:0:0, 4+3:0:0:0:0, 4+3:1:0:0:1, 3+1:0:0:0:0, 4+5:0:0:0:0, 5+3:0:0:0:0, 3+1:0:0:0:0, 3+2:0:0:0:0, 4+5:0:0:0:0, 3+1:1:0:0:1, 2+2:0:0:0:0, 4+5:0:0:0:0, 2+4:0:0:0:2, 2+0:0:0:0:0, 4+3:1:0:0:1, 3+1:0:0:0:0, 3+2:0:0:0:0, 4+5:0:0:0:0, 4+3:1:0:0:1, 3+1:0:0:0:0, 4+5:0:0:0:0, 5+4:0:0:0:0, 3+2:0:0:0:0, 3+1:0:0:0:0, 4+6:0:0:0:0, 5+5:0:0:0:0, 2+0:0:0:0:0, 4+3:0:0:0:0, 3+3:0:0:0:1, 6+4:0:0:0:1, 5+3:0:0:0:1, 6+5:0:0:0:0, 4+5:0:0:0:0, 6+3:0:0:0:0, 4+4:0:0:0:1, 3+1:0:0:0:0, 4+5:0:0:0:0, 5+5:0:0:0:0, 3+1:0:0:0:0, 3+1:0:0:0:0, 4+5:0:0:0:0, 3+3:3:0:0:3, 2+1:0:0:0:0, 4+6:0:0:0:0, 2+3:0:0:0:2, 2+0:0:0:0:0, 4+2:1:0:0:1, 4+1:0:0:0:0, 3+1:0:0:0:0, 4+8:0:0:0:0, 4+2:1:0:0:1, 3+2:0:0:0:0, 5+8:0:0:0:0, 5+4:0:0:0:0, 3+3:0:0:0:0, 3+1:0:0:0:0, 4+7:0:0:0:0, 5+5:0:0:0:0, 3+0:0:0:0:0, 4+3:0:0:0:0, 2+3:0:0:0:0, 6+5:0:0:0:1, 4+4:0:0:0:1, 6+6:0:0:0:0, 4+8:0:0:0:0, 4+3:0:0:0:0, 6+4:1:0:0:1, 3+1:0:0:0:0, 4+5:0:0:0:0, 5+5:0:0:0:0, 3+2:0:0:0:0, 3+1:0:0:0:0, 4+6:0:0:0:0, 4+4:3:0:0:3, 2+0:0:0:0:0, 5+2:0:0:0:0, 2+2:0:0:0:0, 5+3:0:0:0:2, 4+3:1:0:0:1, 6+3:0:0:0:0, 3+1:0:0:0:0, 4+4:0:0:0:0, 4+2:1:0:0:1, 3+1:0:0:0:0, 4+4:0:0:0:0, 5+3:0:0:0:0, 3+1:0:0:0:0, 4+2:0:0:0:0, 4+7:0:0:0:0, 7+3:2:0:0:2, 4+1:0:0:0:0, 4+1:0:0:0:0, 3+5:0:0:0:0, 6+4:0:0:0:1, 4+2:0:0:0:1, 7+6:0:0:0:0, 4+5:0:0:0:0, 3+1:0:0:0:0, 1+0:0:0:0:0, 777+610:30:1:0:52
Db major (5b), 8+2:1:0:0:0, 5+0:0:0:0:0, 4+0:0:0:0:0, 5+1:0:0:0:1, 5+3:0:0:0:3, 6+0:0:0:0:0, 5+0:0:0:0:0, 4+1:0:0:0:0, 4+1:0:0:0:1, 5+1:0:0:0:0, 5+1:0:0:0:1, 3+0:0:0:0:0, 7+1:1:0:0:0, 6+1:0:0:0:1, 8+1:0:0:0:1, 4+0:0:0:0:0, 8+2:1:0:0:0, 5+0:0:0:0:0, 4+0:0:0:0:0, 5+1:0:0:0:1, 5+3:0:0:0:3, 6+0:0:0:0:0, 5+0:0:0:0:0, 3+0:0:0:0:0, 4+1:0:0:0:1, 5+1:0:0:0:0, 5+1:0:0:0:1, 5+2:0:0:0:0, 8+3:0:0:0:0, 7+1:0:0:0:1, 4+0:0:0:0:0, 5+0:0:0:0:0, 8+2:1:0:0:0, 6+1:0:0:0:0, 4+0:0:0:0:0, 5+1:0:0:0:1, 6+3:0:0:0:3, 5+1:1:0:0:0, 4+0:0:0:0:0, 4+1:0:0:0:0, 4+1:0:0:0:1, 5+0:0:0:0:0, 5+2:0:0:0:2, 4+0:0:0:0:0, 8+1:1:0:0:0, 10+3:0:0:0:3, 6+2:0:0:0:0, 7+1:0:0:0:0, 7+2:0:0:0:0, 7+1:0:0:0:0, 6+1:0:0:0:0, 5+1:0:0:0:1, 5+4:0:0:0:4, 6+1:0:0:0:1, 4+0:0:0:0:0, 4+0:0:0:0:0, 4+1:0:0:0:1, 5+0:0:0:0:0, 5+1:0:0:0:1, 6+1:0:0:0:0, 5+1:0:0:0:0, 7+1:0:0:0:1, 4+0:0:0:0:0, 5+0:0:0:0:0, 6+2:0:0:0:0, 7+1:0:0:0:0, 5+1:0:0:0:0, 6+1:0:0:0:1, 5+2:0:0:0:2, 5+0:0:0:0:0, 4+0:0:0:0:0, 5+1:0:0:0:0, 4+1:0:0:0:0, 5+1:0:0:0:0, 7+2:0:0:0:1, 3+0:0:0:0:0, 9+2:1:0:0:1, 6+1:0:0:0:1, 6+1:0:0:0:1, 5+0:0:0:0:0, 8+2:1:0:0:0, 5+0:0:0:0:0, 4+1:0:0:0:0, 5+1:0:0:0:1, 4+1:0:0:0:1, 5+0:0:0:0:0, 5+0:0:0:0:0, 3+0:0:0:0:0, 3+0:0:0:0:0, 5+1:0:0:0:0, 5+4:0:0:0:4, 5+1:0:0:0:0, 6+3:0:0:0:0, 9+2:0:0:0:1, 4+0:0:0:0:0, 5+0:0:0:0:0, 5+1:0:0:0:0, 5+0:0:0:0:0, 4+0:0:0:0:0, 5+1:0:0:0:1, 4+1:0:0:0:1, 5+0:0:0:0:0, 4+0:0:0:0:0, 4+1:0:0:0:0, 2+0:0:0:0:0, 4+0:0:0:0:0, 5+1:0:0:0:1, 3+0:0:0:0:0, 6+1:1:0:0:0, 6+1:0:0:0:1, 5+0:0:0:0:0, 4+0:0:0:0:0, 5+1:0:0:0:0, 5+0:0:0:0:0, 4+0:0:0:0:0, 5+2:0:0:0:1, 4+2:0:0:0:2, 5+0:0:0:0:0, 5+0:0:0:0:0, 3+0:0:0:0:0, 2+0:0:0:0:0, 4+0:0:0:0:0, 6+2:0:0:0:2, 5+1:0:0:0:0, 6+2:0:0:0:0, 7+2:0:0:0:1, 4+0:0:0:0:0, 7+1:0:0:0:0, 5+2:0:0:0:0, 5+0:0:0:0:0, 4+0:0:0:0:0, 5+3:0:0:0:1, 4+1:0:0:0:1, 5+0:0:0:0:0, 5+0:0:0:0:0, 4+3:0:0:0:0, 2+0:0:0:0:0, 4+0:0:0:0:0, 5+3:0:0:0:3, 3+0:0:0:0:0, 6+1:1:0:0:0, 7+2:0:0:0:2, 5+0:0:0:0:0, 4+0:0:0:0:0, 5+2:0:0:0:0, 5+0:0:0:0:0, 5+2:0:0:0:0, 5+2:0:0:0:1, 4+3:0:0:0:3, 5+0:0:0:0:0, 5+0:0:0:0:0, 3+0:0:0:0:0, 3+0:0:0:0:0, 4+0:0:0:0:0, 5+4:0:0:0:4, 5+1:0:0:0:0, 5+2:0:0:0:0, 7+2:0:0:0:1, 5+0:0:0:0:0, 5+0:0:0:0:0, 7+1:0:0:0:0, 5+0:0:0:0:0, 4+0:0:0:0:0, 5+3:0:0:0:1, 4+2:0:0:0:2, 5+0:0:0:0:0, 5+0:0:0:0:0, 4+4:0:0:0:0, 2+0:0:0:0:0, 5+1:0:0:0:0, 5+1:0:0:0:1, 5+2:0:0:0:0, 6+1:1:0:0:0, 7+3:1:0:0:2, 5+0:0:0:0:0, 4+0:0:0:0:0, 5+1:0:0:0:0, 5+0:0:0:0:0, 4+0:0:0:0:0, 5+1:0:0:0:1, 4+1:0:0:0:1, 6+1:0:0:0:1, 5+0:0:0:0:0, 5+2:0:0:0:0, 4+0:0:0:0:0, 5+0:0:0:0:0, 6+2:0:0:0:2, 5+1:0:0:0:0, 5+1:0:0:0:0, 8+3:0:0:0:2, 4+0:0:0:0:0, 4+0:0:0:0:0, 0+0:0:0:0:0, 968+178:12:0:0:87
B major (5#), 6+2:1:0:0:1, 4+2:0:0:0:0, 5+5:0:0:0:0, 5+3:0:0:0:0, 4+1:0:0:0:0, 4+1:0:0:0:0, 5+6:0:0:0:0, 3+1:1:0:0:1, 3+3:0:0:0:0, 7+3:0:0:0:0, 4+0:0:0:0:0, 3+0:0:0:0:0, 5+3:1:0:0:1, 3+1:0:0:0:0, 6+7:0:0:0:0, 5+4:0:0:0:0, 6+2:1:0:0:1, 4+2:0:0:0:0, 5+5:0:0:0:0, 5+3:0:0:0:0, 4+1:0:0:0:0, 4+1:0:0:0:0, 5+5:0:0:0:0, 5+6:0:0:0:0, 3+3:0:0:0:0, 7+3:0:0:0:0, 4+5:0:0:0:0, 8+3:0:0:0:1, 6+2:1:0:0:1, 7+5:0:0:0:0, 5+5:0:0:0:0, 5+3:0:0:0:0, 6+2:1:0:0:1, 5+3:0:1:0:1, 5+4:0:0:0:0, 5+3:0:0:0:0, 5+3:0:0:0:0, 5+3:1:0:0:1, 5+4:0:0:0:0, 3+1:1:0:0:1, 3+4:0:0:0:0, 5+6:0:0:0:0, 4+9:0:0:0:0, 3+0:0:0:0:0, 6+3:1:0:0:1, 7+5:0:0:0:0, 6+4:0:0:0:0, 7+6:0:0:0:0, 7+5:2:0:0:2, 5+3:0:0:0:0, 6+7:0:0:0:0, 5+3:0:0:0:0, 4+1:0:0:0:0, 4+1:0:0:0:0, 5+7:0:0:0:0, 6+5:0:0:0:0, 3+4:0:0:0:0, 5+6:0:0:0:0, 4+0:0:0:0:0, 8+4:0:0:0:1, 5+4:0:0:0:1, 7+5:0:0:0:0, 5+5:0:0:0:0, 5+3:0:0:0:0, 6+3:0:0:0:2, 7+5:0:0:0:0, 7+4:0:0:0:0, 6+3:0:0:0:0, 4+1:0:0:0:0, 4+1:0:0:0:0, 5+5:0:0:0:0, 5+3:0:0:0:0, 4+1:0:0:0:0, 7+2:0:0:0:0, 5+6:0:0:0:0, 3+0:0:0:0:0, 8+3:1:0:0:1, 3+1:0:0:0:0, 5+5:0:0:0:0, 5+5:0:0:0:0, 6+3:1:0:0:1, 5+2:0:0:0:0, 6+2:0:0:0:0, 5+3:0:0:0:0, 4+1:0:0:0:0, 4+1:0:0:0:0, 5+6:0:0:0:0, 5+5:0:0:0:0, 4+1:0:0:0:0, 6+2:0:0:0:0, 3+2:0:0:0:0, 7+4:0:0:0:1, 6+5:0:0:0:1, 9+6:0:0:0:0, 5+5:0:0:0:0, 5+3:0:0:0:0, 5+3:1:0:0:1, 4+1:0:0:0:0, 5+5:0:0:0:0, 5+3:0:0:0:0, 4+1:0:0:0:0, 4+2:0:0:0:0, 5+5:0:0:0:0, 3+1:1:0:0:1, 3+2:0:0:0:0, 5+5:0:0:0:0, 3+4:0:0:0:2, 3+0:0:0:0:0, 5+3:1:0:0:1, 3+1:0:0:0:0, 4+5:0:0:0:0, 5+5:0:0:0:0, 5+3:1:0:0:1, 4+1:0:0:0:0, 5+5:0:0:0:0, 5+4:0:0:0:0, 4+2:0:0:0:0, 4+1:0:0:0:0, 5+6:0:0:0:0, 5+5:0:0:0:0, 3+0:0:0:0:0, 5+3:0:0:0:0, 4+3:0:0:0:1, 7+4:0:0:0:1, 5+3:0:0:0:2, 7+5:0:0:0:0, 5+5:0:0:0:0, 7+3:0:0:0:0, 5+4:0:0:0:1, 4+1:0:0:0:0, 5+5:0:0:0:0, 5+5:0:0:0:0, 4+1:0:0:0:0, 4+1:0:0:0:0, 5+5:0:0:0:0, 3+3:1:0:0:1, 3+1:0:0:0:0, 5+6:0:0:0:0, 3+6:0:0:0:2, 3+0:0:0:0:0, 5+2:1:0:0:1, 3+1:0:0:0:0, 4+6:0:0:0:0, 5+8:0:0:0:0, 5+2:1:0:0:1, 4+2:0:0:0:0, 6+8:0:0:0:0, 5+4:0:0:0:0, 4+3:0:0:0:0, 4+1:0:0:0:0, 5+7:0:0:0:0, 5+5:0:0:0:0, 4+0:0:0:0:0, 5+3:0:0:0:0, 3+3:0:0:0:0, 7+5:0:0:0:1, 5+4:0:0:0:1, 7+6:0:0:0:0, 5+8:0:0:0:0, 5+3:0:0:0:0, 7+4:1:0:0:1, 4+1:0:0:0:0, 5+5:0:0:0:0, 5+5:0:0:0:0, 4+2:0:0:0:0, 4+1:0:0:0:0, 5+6:0:0:0:0, 4+4:1:0:0:1, 3+0:0:0:0:0, 6+2:0:0:0:0, 3+2:0:0:0:0, 6+3:0:0:0:2, 5+3:1:0:0:1, 6+3:0:0:0:0, 4+4:0:0:0:0, 5+4:0:0:0:0, 5+2:1:0:0:1, 4+1:0:0:0:0, 5+4:0:0:0:0, 5+3:0:0:0:0, 4+1:0:0:0:0, 5+2:0:0:0:0, 5+7:0:0:0:0, 7+3:2:0:0:2, 5+1:0:0:0:0, 5+1:0:0:0:0, 4+5:0:0:0:0, 7+4:0:0:0:1, 5+2:0:0:0:1, 8+6:0:0:0:0, 5+5:0:0:0:0, 4+1:0:0:0:0, 1+0:0:0:0:0, 939+633:26:1:0:49
Bb minor (5b), 8+4:0:0:0:0, 5+1:0:0:0:0, 4+1:0:0:0:0, 5+1:0:0:0:1, 5+3:0:0:0:3, 6+0:0:0:0:0, 5+0:0:0:0:0, 4+1:0:0:0:0, 4+1:0:0:0:1, 5+1:0:0:0:0, 5+1:0:0:0:1, 3+0:0:0:0:0, 7+1:1:0:0:0, 6+1:0:0:0:1, 8+1:0:0:0:1, 4+0:0:0:0:0, 8+2:1:0:0:0, 5+0:0:0:0:0, 4+1:0:0:0:0, 5+1:0:0:0:1, 5+3:0:0:0:3, 6+1:0:0:0:0, 5+1:0:0:0:0, 3+0:0:0:0:0, 4+1:0:0:0:1, 5+1:0:0:0:0, 5+1:0:0:0:1, 5+2:0:0:0:0, 8+3:0:0:0:0, 7+1:0:0:0:1, 4+2:0:0:0:0, 5+1:0:0:0:0, 8+3:0:0:0:0, 6+1:0:0:0:0, 4+1:0:0:0:0, 5+1:0:0:0:1, 6+3:0:0:0:3, 5+2:2:0:0:2, 4+1:0:0:0:0, 4+1:0:0:0:0, 4+1:0:0:0:1, 5+2:0:0:0:0, 5+2:0:0:0:2, 4+0:0:0:0:0, 8+1:1:0:0:0, 10+3:0:0:0:3, 6+2:0:0:0:0, 7+3:0:0:0:0, 7+4:0:0:0:0, 7+4:0:0:0:0, 6+2:0:0:0:0, 5+1:0:0:0:1, 5+4:0:0:0:4, 6+2:0:0:0:1, 4+2:0:0:0:0, 4+0:0:0:0:0, 4+1:0:0:0:1, 5+2:0:0:0:0, 5+1:0:0:0:1, 6+1:0:0:0:0, 5+2:0:0:0:0, 7+5:1:0:0:1, 4+2:0:0:0:0, 5+2:0:0:0:0, 6+4:0:0:0:0, 7+2:0:0:0:0, 5+3:0:0:0:1, 6+3:1:0:0:1, 5+2:0:0:0:2, 5+1:0:0:0:0, 4+1:0:0:0:0, 5+1:0:0:0:0, 4+1:0:0:0:0, 5+3:0:0:0:1, 7+2:0:0:0:1, 3+0:0:0:0:0, 9+2:1:0:0:1, 6+1:0:0:0:1, 6+1:0:0:0:1, 5+0:0:0:0:0, 8+2:0:0:0:0, 5+1:0:0:0:0, 4+2:0:0:0:2, 5+3:1:0:0:1, 4+1:0:0:0:1, 5+2:0:0:0:0, 5+1:0:0:0:0, 3+0:0:0:0:0, 3+0:0:0:0:0, 5+1:0:0:0:0, 5+4:0:0:0:4, 5+1:0:0:0:0, 6+2:0:0:0:0, 9+4:1:0:0:1, 4+1:0:0:0:0, 5+1:0:0:0:0, 5+2:0:0:0:0, 5+1:0:0:0:0, 4+1:0:0:0:0, 5+1:0:0:0:1, 4+1:0:0:0:1, 5+0:0:0:0:0, 4+0:0:0:0:0, 4+1:0:0:0:0, 2+0:0:0:0:0, 4+1:0:0:0:0, 5+1:0:0:0:1, 3+0:0:0:0:0, 6+1:1:0:0:0, 6+1:0:0:0:1, 5+0:0:0:0:0, 4+0:0:0:0:0, 5+2:0:0:0:0, 5+1:0:0:0:0, 4+1:0:0:0:0, 5+2:0:0:0:1, 4+2:0:0:0:2, 5+2:0:0:0:0, 5+1:0:0:0:0, 3+0:0:0:0:0, 2+0:0:0:0:0, 4+1:0:0:0:0, 6+2:0:0:0:2, 5+1:0:0:0:0, 6+2:0:0:0:0, 7+4:1:0:0:1, 4+1:0:0:0:0, 7+2:0:0:0:0, 5+3:0:0:0:0, 5+1:0:0:0:0, 4+1:0:0:0:0, 5+3:0:0:0:1, 4+1:0:0:0:1, 5+0:0:0:0:0, 5+0:0:0:0:0, 4+3:0:0:0:0, 2+0:0:0:0:0, 4+1:0:0:0:0, 5+3:0:0:0:3, 3+0:0:0:0:0, 6+1:1:0:0:0, 7+2:0:0:0:2, 5+0:0:0:0:0, 4+0:0:0:0:0, 5+3:0:0:0:0, 5+2:0:0:0:0, 5+2:0:0:0:0, 5+2:0:0:0:1, 4+3:0:0:0:3, 5+3:0:0:0:0, 5+1:0:0:0:0, 3+0:0:0:0:0, 3+0:0:0:0:0, 4+1:0:0:0:0, 5+4:0:0:0:4, 5+1:0:0:0:0, 5+3:0:0:0:0, 7+5:1:0:0:1, 5+1:0:0:0:0, 5+1:0:0:0:0, 7+3:0:0:0:0, 5+1:0:0:0:0, 4+2:0:0:0:0, 5+3:0:0:0:1, 4+2:0:0:0:2, 5+0:0:0:0:0, 5+0:0:0:0:0, 4+4:0:0:0:0, 2+0:0:0:0:0, 5+1:0:0:0:0, 5+1:0:0:0:1, 5+2:0:0:0:0, 6+1:1:0:0:0, 7+3:1:0:0:2, 5+0:0:0:0:0, 4+0:0:0:0:0, 5+3:0:0:0:0, 5+1:0:0:0:0, 4+1:0:0:0:0, 5+1:0:0:0:1, 4+1:0:0:0:1, 6+2:0:0:0:1, 5+1:0:0:0:0, 5+2:0:0:0:0, 4+0:0:0:0:0, 5+1:0:0:0:0, 6+2:0:0:0:2, 5+1:0:0:0:0, 5+2:0:0:0:0, 8+6:2:0:0:2, 4+1:0:0:0:0, 4+0:0:0:0:0, 0+0:0:0:0:0, 968+287:18:0:0:93
G# minor (5#), 6+5:1:0:0:2, 4+2:0:0:0:0, 5+2:0:0:0:0, 5+2:0:0:0:0, 4+1:0:0:0:0, 4+1:0:0:0:0, 5+1:0:0:0:0, 3+3:0:0:0:0, 3+0:0:0:0:0, 7+3:0:0:0:0, 4+0:0:0:0:0, 3+0:0:0:0:0, 5+3:1:0:0:1, 3+1:0:0:0:0, 6+7:0:0:0:0, 5+4:0:0:0:0, 6+2:1:0:0:1, 4+2:0:0:0:0, 5+4:0:0:0:0, 5+2:0:0:0:0, 4+1:0:0:0:0, 4+1:0:0:0:0, 5+2:0:0:0:0, 5+1:0:0:0:0, 3+0:0:0:0:0, 7+3:0:0:0:0, 4+0:0:0:0:0, 8+3:0:0:0:1, 6+2:1:0:0:1, 7+3:0:0:0:0, 5+1:0:0:0:0, 5+2:0:0:0:0, 6+2:1:0:0:1, 6+5:0:0:0:0, 5+2:0:0:0:0, 5+1:0:0:0:0, 5+2:0:0:0:0, 5+3:1:0:0:1, 5+4:0:0:0:0, 3+1:1:0:0:1, 3+4:0:0:0:0, 5+6:0:0:0:0, 4+0:0:0:0:0, 3+0:0:0:0:0, 6+3:1:0:0:1, 7+5:0:0:0:0, 6+4:0:0:0:0, 7+5:0:0:0:0, 8+6:0:0:0:1, 5+3:0:0:0:0, 6+2:0:0:0:0, 5+2:0:0:0:0, 4+1:0:0:0:0, 4+1:0:0:0:0, 5+1:0:0:0:0, 6+2:0:0:0:0, 3+0:0:0:0:0, 5+2:0:0:0:0, 4+0:0:0:0:0, 8+4:0:0:0:1, 5+4:0:0:0:1, 7+3:0:0:0:0, 5+1:0:0:0:0, 5+2:0:0:0:0, 6+3:0:0:0:2, 7+5:0:0:0:0, 7+4:0:0:0:0, 6+3:0:0:0:0, 4+1:0:0:0:0, 4+1:0:0:0:0, 5+1:0:0:0:0, 5+3:0:0:0:0, 4+1:0:0:0:0, 7+2:0:0:0:0, 6+7:0:0:0:3, 3+0:0:0:0:0, 8+3:1:0:0:1, 3+1:0:0:0:0, 5+5:0:0:0:0, 5+5:0:0:0:0, 6+3:1:0:0:1, 5+2:0:0:0:0, 6+2:0:0:0:0, 5+1:0:0:0:0, 4+1:0:0:0:0, 4+1:0:0:0:0, 5+2:0:0:0:0, 5+2:0:0:0:0, 4+2:0:0:0:0, 6+2:0:0:0:0, 3+2:0:0:0:0, 7+4:0:0:0:1, 6+5:0:0:0:1, 9+4:0:0:0:0, 5+1:0:0:0:0, 5+2:0:0:0:0, 5+2:0:0:0:1, 4+1:0:0:0:0, 5+2:0:0:0:0, 5+1:0:0:0:0, 4+1:0:0:0:0, 4+2:0:0:0:0, 5+2:0:0:0:0, 3+3:0:0:0:0, 3+0:0:0:0:0, 5+2:0:0:0:0, 3+4:0:0:0:2, 3+0:0:0:0:0, 5+3:1:0:0:1, 3+1:0:0:0:0, 4+5:0:0:0:0, 5+5:0:0:0:0, 5+2:0:0:0:1, 4+1:0:0:0:0, 5+2:0:0:0:0, 5+1:0:0:0:0, 4+2:0:0:0:0, 4+1:0:0:0:0, 5+1:0:0:0:0, 5+2:0:0:0:0, 3+1:0:0:0:0, 5+3:0:0:0:0, 4+3:0:0:0:1, 7+4:0:0:0:1, 5+3:0:0:0:2, 7+3:0:0:0:0, 5+1:0:0:0:0, 7+3:0:0:0:0, 5+4:0:0:0:1, 4+1:0:0:0:0, 5+3:0:0:0:0, 5+2:0:0:0:0, 4+1:0:0:0:0, 4+1:0:0:0:0, 5+2:0:0:0:0, 3+5:0:0:0:0, 3+0:0:0:0:0, 5+3:0:0:0:0, 3+3:0:0:0:2, 3+0:0:0:0:0, 5+2:1:0:0:1, 3+1:0:0:0:0, 4+6:0:0:0:0, 5+8:0:0:0:0, 5+3:0:0:0:1, 4+3:0:0:0:0, 7+3:0:0:0:0, 5+1:0:0:0:0, 4+3:0:0:0:0, 4+1:0:0:0:0, 5+1:0:0:0:0, 5+2:0:0:0:0, 4+3:0:0:0:0, 5+3:0:0:0:0, 3+3:0:0:0:0, 7+5:0:0:0:1, 5+4:0:0:0:1, 7+2:0:0:0:0, 5+1:0:0:0:0, 5+2:0:0:0:0, 7+2:0:0:0:1, 4+1:0:0:0:0, 5+3:0:0:0:0, 5+2:0:0:0:0, 4+2:0:0:0:0, 4+1:0:0:0:0, 5+3:0:0:0:0, 4+6:0:0:0:0, 3+0:0:0:0:0, 6+2:0:0:0:0, 3+2:0:0:0:0, 6+3:0:0:0:2, 5+3:1:0:0:1, 6+3:0:0:0:0, 4+4:0:0:0:0, 5+4:0:0:0:0, 5+2:0:0:0:1, 4+1:0:0:0:0, 5+4:0:0:0:0, 5+2:0:0:0:0, 4+1:0:0:0:0, 5+2:0:0:0:0, 5+1:0:0:0:0, 7+3:2:0:0:2, 5+1:0:0:0:0, 5+1:0:0:0:0, 4+5:0:0:0:0, 7+4:0:0:0:1, 5+2:0:0:0:1, 8+3:0:0:0:0, 5+1:0:0:0:0, 4+1:0:0:0:0, 1+0:0:0:0:0, 943+450:15:0:0:47
Gb major (6b), 9+3:0:0:0:0, 6+0:0:0:0:0, 5+0:0:0:0:0, 6+1:0:0:0:1, 6+3:0:0:0:3, 7+1:0:0:0:0, 6+0:0:0:0:0, 5+1:0:0:0:0, 5+1:0:0:0:1, 6+1:0:0:0:0, 6+1:0:0:0:1, 4+0:0:0:0:0, 8+1:1:0:0:0, 6+1:0:0:0:1, 9+1:0:0:0:1, 5+0:0:0:0:0, 9+3:0:0:0:0, 6+0:0:0:0:0, 5+0:0:0:0:0, 6+1:0:0:0:1, 6+3:0:0:0:3, 7+1:0:0:0:0, 6+0:0:0:0:0, 4+0:0:0:0:0, 5+1:0:0:0:1, 6+1:0:0:0:0, 6+1:0:0:0:1, 6+2:0:0:0:0, 9+3:0:0:0:0, 8+1:0:0:0:1, 5+0:0:0:0:0, 6+0:0:0:0:0, 9+3:0:0:0:0, 7+1:0:0:0:0, 5+0:0:0:0:0, 6+1:0:0:0:1, 7+3:0:0:0:3, 6+1:1:0:0:0, 5+0:0:0:0:0, 5+1:0:0:0:0, 5+1:0:0:0:1, 6+0:0:0:0:0, 6+2:0:0:0:2, 5+0:0:0:0:0, 9+1:1:0:0:0, 10+3:0:0:0:3, 7+2:0:0:0:0, 8+1:0:0:0:0, 8+2:0:0:0:0, 8+1:0:0:0:0, 7+1:0:0:0:0, 6+1:0:0:0:1, 6+4:0:0:0:4, 7+2:0:0:0:1, 5+0:0:0:0:0, 5+0:0:0:0:0, 5+1:0:0:0:1, 6+0:0:0:0:0, 6+1:0:0:0:1, 7+1:0:0:0:0, 6+1:0:0:0:0, 8+1:0:0:0:1, 5+0:0:0:0:0, 6+0:0:0:0:0, 7+2:0:0:0:0, 8+1:0:0:0:0, 6+1:0:0:0:0, 7+1:0:0:0:1, 6+2:0:0:0:2, 6+1:0:0:0:0, 5+0:0:0:0:0, 6+1:0:0:0:0, 5+1:0:0:0:0, 6+1:0:0:0:0, 7+2:0:0:0:1, 4+0:0:0:0:0, 10+2:1:0:0:1, 6+1:0:0:0:1, 7+1:0:0:0:1, 6+0:0:0:0:0, 9+2:0:0:0:0, 6+0:0:0:0:0, 5+1:0:0:0:0, 6+1:0:0:0:1, 5+1:0:0:0:1, 6+2:0:0:0:0, 6+0:0:0:0:0, 4+0:0:0:0:0, 4+0:0:0:0:0, 6+1:0:0:0:0, 5+4:0:0:0:4, 6+1:0:0:0:0, 7+3:0:0:0:0, 10+2:0:0:0:1, 5+0:0:0:0:0, 6+0:0:0:0:0, 6+1:0:0:0:0, 6+0:0:0:0:0, 5+0:0:0:0:0, 6+1:0:0:0:1, 5+1:0:0:0:1, 6+1:0:0:0:0, 5+0:0:0:0:0, 5+1:0:0:0:0, 3+0:0:0:0:0, 5+0:0:0:0:0, 5+1:0:0:0:1, 4+0:0:0:0:0, 7+1:1:0:0:0, 6+1:0:0:0:1, 6+0:0:0:0:0, 5+0:0:0:0:0, 6+1:0:0:0:0, 6+0:0:0:0:0, 5+0:0:0:0:0, 6+2:0:0:0:1, 5+2:0:0:0:2, 6+2:0:0:0:0, 6+0:0:0:0:0, 4+0:0:0:0:0, 3+0:0:0:0:0, 5+0:0:0:0:0, 6+2:0:0:0:2, 6+1:0:0:0:0, 7+2:0:0:0:0, 8+2:0:0:0:1, 5+0:0:0:0:0, 8+1:0:0:0:0, 6+2:0:0:0:0, 6+0:0:0:0:0, 5+0:0:0:0:0, 6+3:0:0:0:1, 5+1:0:0:0:1, 6+2:0:0:0:0, 6+0:0:0:0:0, 5+3:0:0:0:0, 3+0:0:0:0:0, 5+0:0:0:0:0, 5+3:0:0:0:3, 4+0:0:0:0:0, 7+1:1:0:0:0, 7+2:0:0:0:2, 6+0:0:0:0:0, 5+0:0:0:0:0, 6+2:0:0:0:0, 6+0:0:0:0:0, 6+2:0:0:0:0, 6+2:0:0:0:1, 5+3:0:0:0:3, 6+3:0:0:0:0, 6+0:0:0:0:0, 4+0:0:0:0:0, 4+0:0:0:0:0, 5+0:0:0:0:0, 5+4:0:0:0:4, 6+1:0:0:0:0, 6+2:0:0:0:0, 8+2:0:0:0:1, 6+0:0:0:0:0, 6+0:0:0:0:0, 8+1:0:0:0:0, 6+0:0:0:0:0, 5+0:0:0:0:0, 6+3:0:0:0:1, 5+2:0:0:0:2, 6+2:0:0:0:0, 6+0:0:0:0:0, 5+4:0:0:0:0, 3+0:0:0:0:0, 6+1:0:0:0:0, 5+1:0:0:0:1, 6+2:0:0:0:0, 7+3:0:0:0:0, 7+3:1:0:0:2, 6+0:0:0:0:0, 5+0:0:0:0:0, 6+1:0:0:0:0, 6+0:0:0:0:0, 5+0:0:0:0:0, 6+1:0:0:0:1, 5+1:0:0:0:1, 7+2:0:0:0:1, 6+0:0:0:0:0, 6+2:0:0:0:0, 5+0:0:0:0:0, 6+0:0:0:0:0, 6+2:0:0:0:2, 6+1:0:0:0:0, 6+1:0:0:0:0, 9+3:0:0:0:2, 5+0:0:0:0:0, 5+0:0:0:0:0, 1+0:0:0:0:0, 1147+200:7:0:0:87
F# major (6#), 7+5:1:0:0:2, 5+2:0:0:0:0, 5+2:0:0:0:0, 6+2:0:0:0:0, 5+3:0:0:0:0, 5+1:0:0:0:0, 6+1:0:0:0:0, 4+3:0:0:0:0, 4+3:0:0:0:0, 7+3:0:0:0:1, 5+3:0:0:0:0, 4+1:0:0:0:0, 6+3:1:0:0:1, 4+1:0:0:0:0, 7+2:0:0:0:0, 5+3:0:0:0:0, 7+2:1:0:0:1, 5+2:0:0:0:0, 5+4:0:0:0:0, 6+2:0:0:0:0, 5+3:0:0:0:0, 5+1:0:0:0:0, 6+2:0:0:0:0, 6+6:0:0:0:0, 4+3:0:0:0:0, 7+3:0:0:0:1, 5+5:0:0:0:0, 9+3:0:0:0:1, 7+2:1:0:0:1, 8+3:0:0:0:0, 5+1:0:0:0:0, 6+2:0:0:0:0, 7+2:1:0:0:1, 7+5:0:0:0:0, 5+2:0:0:0:0, 6+1:0:0:0:0, 6+2:0:0:0:0, 6+3:1:0:0:1, 5+2:0:0:0:0, 4+3:0:0:0:0, 4+4:0:0:0:0, 6+2:0:0:0:0, 5+4:0:0:0:0, 4+1:0:0:0:0, 7+3:1:0:0:1, 8+5:0:0:0:0, 7+4:0:0:0:0, 8+5:0:0:0:0, 9+6:0:0:0:1, 6+3:0:0:0:0, 7+2:0:0:0:0, 6+2:0:0:0:0, 5+4:0:0:0:0, 5+1:0:0:0:0, 5+1:0:0:0:0, 7+5:0:0:0:0, 4+4:0:0:0:0, 6+2:0:0:0:0, 5+5:0:0:0:0, 9+3:0:0:0:1, 6+4:0:0:0:1, 8+3:0:0:0:0, 5+1:0:0:0:0, 6+2:0:0:0:0, 7+3:0:0:0:2, 8+5:0:0:0:0, 7+4:0:0:0:1, 7+3:0:0:0:0, 5+2:0:0:0:0, 5+1:0:0:0:0, 5+1:0:0:0:0, 6+3:0:0:0:0, 5+1:0:0:0:0, 7+2:0:0:0:1, 6+6:0:0:0:0, 4+2:0:0:0:0, 9+3:1:0:0:1, 4+1:0:0:0:0, 6+2:0:0:0:0, 6+2:0:0:0:0, 7+3:1:0:0:1, 6+2:0:0:0:0, 6+2:0:0:0:0, 6+1:0:0:0:0, 5+1:0:0:0:0, 5+1:0:0:0:0, 6+2:0:0:0:0, 6+5:0:0:0:0, 5+1:0:0:0:0, 6+2:0:0:0:0, 4+2:0:0:0:0, 8+4:0:0:0:1, 7+5:0:0:0:1, 10+4:0:0:0:0, 5+1:0:0:0:0, 6+2:0:0:0:0, 6+2:0:0:0:1, 5+2:0:0:0:0, 5+2:0:0:0:0, 6+1:0:0:0:0, 5+1:0:0:0:0, 5+2:0:0:0:0, 5+2:0:0:0:0, 4+3:0:0:0:0, 4+0:0:0:0:0, 5+2:0:0:0:0, 4+2:0:0:0:0, 4+1:0:0:0:0, 6+3:1:0:0:1, 4+1:0:0:0:0, 5+2:0:0:0:0, 5+2:0:0:0:0, 6+2:0:0:0:1, 5+2:0:0:0:0, 5+2:0:0:0:0, 6+1:0:0:0:0, 5+1:0:0:0:0, 5+1:0:0:0:0, 6+1:0:0:0:0, 6+5:0:0:0:0, 4+0:0:0:0:0, 5+3:0:0:0:0, 5+3:0:0:0:1, 8+4:0:0:0:1, 6+3:0:0:0:2, 8+3:0:0:0:0, 5+1:0:0:0:0, 8+3:0:0:0:0, 6+4:0:0:0:1, 5+3:0:0:0:0, 5+3:0:0:0:0, 6+2:0:0:0:0, 5+2:0:0:0:0, 5+1:0:0:0:0, 6+2:0:0:0:0, 4+5:0:0:0:0, 4+0:0:0:0:0, 5+3:0:0:0:0, 4+2:0:0:0:0, 4+1:0:0:0:0, 6+2:1:0:0:1, 4+1:0:0:0:0, 5+1:0:0:0:0, 5+1:0:0:0:0, 6+3:0:0:0:1, 5+3:0:0:0:0, 7+2:0:0:0:1, 6+1:0:0:0:0, 5+1:0:0:0:0, 5+1:0:0:0:0, 6+1:0:0:0:0, 6+5:0:0:0:0, 5+0:0:0:0:0, 5+3:0:0:0:0, 4+3:0:0:0:0, 8+5:0:0:0:1, 6+4:0:0:0:1, 8+2:0:0:0:0, 6+1:0:0:0:0, 6+2:0:0:0:0, 8+2:0:0:0:1, 5+4:0:0:0:0, 5+3:0:0:0:0, 6+2:0:0:0:0, 5+1:0:0:0:0, 5+1:0:0:0:0, 6+3:0:0:0:0, 5+6:0:0:0:0, 4+0:0:0:0:0, 6+2:0:0:0:0, 4+2:0:0:0:0, 7+3:0:0:0:2, 6+3:1:0:0:1, 6+3:1:0:0:1, 5+1:0:0:0:0, 5+3:0:0:0:0, 6+2:0:0:0:1, 5+3:0:0:0:0, 5+4:0:0:0:0, 6+2:0:0:0:0, 5+1:0:0:0:0, 6+2:0:0:0:0, 6+1:0:0:0:0, 8+3:2:0:0:2, 6+1:0:0:0:0, 6+1:0:0:0:0, 5+5:0:0:0:0, 8+4:0:0:0:1, 6+2:0:0:0:1, 9+3:0:0:0:0, 5+1:0:0:0:0, 5+1:0:0:0:0, 1+0:0:0:0:0, 1100+465:15:0:0:45
Eb minor (6b), 9+3:0:0:0:0, 6+0:0:0:0:0, 5+0:0:0:0:0, 6+1:0:0:0:1, 6+3:0:0:0:3, 7+1:0:0:0:0, 6+0:0:0:0:0, 5+1:0:0:0:0, 5+1:0:0:0:1, 6+1:0:0:0:0, 6+1:0:0:0:1, 4+0:0:0:0:0, 8+1:1:0:0:0, 6+1:0:0:0:1, 9+1:0:0:0:1, 5+0:0:0:0:0, 9+3:0:0:0:0, 6+0:0:0:0:0, 5+0:0:0:0:0, 6+1:0:0:0:1, 6+3:0:0:0:3, 7+1:0:0:0:0, 6+0:0:0:0:0, 4+0:0:0:0:0, 5+1:0:0:0:1, 6+1:0:0:0:0, 6+1:0:0:0:1, 6+2:0:0:0:0, 9+3:0:0:0:0, 8+1:0:0:0:1, 5+0:0:0:0:0, 6+0:0:0:0:0, 9+3:0:0:0:0, 7+1:0:0:0:0, 5+0:0:0:0:0, 6+1:0:0:0:1, 7+3:0:0:0:3, 6+1:1:0:0:0, 5+0:0:0:0:0, 5+1:0:0:0:0, 5+1:0:0:0:1, 6+0:0:0:0:0, 6+2:0:0:0:2, 5+0:0:0:0:0, 9+1:1:0:0:0, 10+3:0:0:0:3, 7+2:0:0:0:0, 8+1:0:0:0:0, 8+2:0:0:0:0, 8+1:0:0:0:0, 7+1:0:0:0:0, 6+1:0:0:0:1, 6+4:0:0:0:4, 7+2:0:0:0:1, 5+0:0:0:0:0, 5+0:0:0:0:0, 5+1:0:0:0:1, 6+0:0:0:0:0, 6+1:0:0:0:1, 7+1:0:0:0:0, 6+1:0:0:0:0, 8+1:0:0:0:1, 5+0:0:0:0:0, 6+0:0:0:0:0, 7+2:0:0:0:0, 8+1:0:0:0:0, 6+1:0:0:0:0, 7+1:0:0:0:1, 6+2:0:0:0:2, 6+1:0:0:0:0, 5+0:0:0:0:0, 6+1:0:0:0:0, 5+1:0:0:0:0, 6+1:0:0:0:0, 7+2:0:0:0:1, 4+0:0:0:0:0, 10+2:1:0:0:1, 6+1:0:0:0:1, 7+1:0:0:0:1, 6+0:0:0:0:0, 9+2:0:0:0:0, 6+0:0:0:0:0, 5+1:0:0:0:0, 6+1:0:0:0:1, 5+1:0:0:0:1, 6+2:0:0:0:0, 6+0:0:0:0:0, 4+0:0:0:0:0, 4+0:0:0:0:0, 6+1:0:0:0:0, 5+4:0:0:0:4, 6+1:0:0:0:0, 7+3:0:0:0:0, 10+2:0:0:0:1, 5+0:0:0:0:0, 6+0:0:0:0:0, 6+1:0:0:0:0, 6+0:0:0:0:0, 5+0:0:0:0:0, 6+1:0:0:0:1, 5+1:0:0:0:1, 6+1:0:0:0:0, 5+0:0:0:0:0, 5+1:0:0:0:0, 3+0:0:0:0:0, 5+0:0:0:0:0, 5+1:0:0:0:1, 4+0:0:0:0:0, 7+1:1:0:0:0, 6+1:0:0:0:1, 6+0:0:0:0:0, 5+0:0:0:0:0, 6+1:0:0:0:0, 6+0:0:0:0:0, 5+0:0:0:0:0, 6+2:0:0:0:1, 5+2:0:0:0:2, 6+2:0:0:0:0, 6+0:0:0:0:0, 4+0:0:0:0:0, 3+0:0:0:0:0, 5+0:0:0:0:0, 6+2:0:0:0:2, 6+1:0:0:0:0, 7+2:0:0:0:0, 8+2:0:0:0:1, 5+0:0:0:0:0, 8+1:0:0:0:0, 6+2:0:0:0:0, 6+0:0:0:0:0, 5+0:0:0:0:0, 6+3:0:0:0:1, 5+1:0:0:0:1, 6+2:0:0:0:0, 6+0:0:0:0:0, 5+3:0:0:0:0, 3+0:0:0:0:0, 5+0:0:0:0:0, 5+3:0:0:0:3, 4+0:0:0:0:0, 7+1:1:0:0:0, 7+2:0:0:0:2, 6+0:0:0:0:0, 5+0:0:0:0:0, 6+2:0:0:0:0, 6+0:0:0:0:0, 6+2:0:0:0:0, 6+2:0:0:0:1, 5+3:0:0:0:3, 6+3:0:0:0:0, 6+0:0:0:0:0, 4+0:0:0:0:0, 4+0:0:0:0:0, 5+0:0:0:0:0, 5+4:0:0:0:4, 6+1:0:0:0:0, 6+2:0:0:0:0, 8+2:0:0:0:1, 6+0:0:0:0:0, 6+0:0:0:0:0, 8+1:0:0:0:0, 6+0:0:0:0:0, 5+0:0:0:0:0, 6+3:0:0:0:1, 5+2:0:0:0:2, 6+2:0:0:0:0, 6+0:0:0:0:0, 5+4:0:0:0:0, 3+0:0:0:0:0, 6+1:0:0:0:0, 5+1:0:0:0:1, 6+2:0:0:0:0, 7+3:0:0:0:0, 7+3:1:0:0:2, 6+0:0:0:0:0, 5+0:0:0:0:0, 6+1:0:0:0:0, 6+0:0:0:0:0, 5+0:0:0:0:0, 6+1:0:0:0:1, 5+1:0:0:0:1, 7+2:0:0:0:1, 6+0:0:0:0:0, 6+2:0:0:0:0, 5+0:0:0:0:0, 6+0:0:0:0:0, 6+2:0:0:0:2, 6+1:0:0:0:0, 6+1:0:0:0:0, 9+3:0:0:0:2, 5+0:0:0:0:0, 5+0:0:0:0:0, 1+0:0:0:0:0, 1147+200:7:0:0:87
D# minor (6#), 7+2:1:0:0:1, 5+2:0:0:0:0, 5+2:0:0:0:0, 6+2:0:0:0:0, 5+3:0:0:0:0, 5+1:0:0:0:0, 6+1:0:0:0:0, 4+3:0:0:0:0, 4+0:0:0:0:0, 7+3:0:0:0:1, 5+0:0:0:0:0, 4+1:0:0:0:0, 6+3:1:0:0:1, 4+1:0:0:0:0, 7+2:0:0:0:0, 5+3:0:0:0:0, 7+2:1:0:0:1, 5+2:0:0:0:0, 5+4:0:0:0:0, 6+2:0:0:0:0, 5+3:0:0:0:0, 5+1:0:0:0:0, 6+2:0:0:0:0, 6+6:0:0:0:0, 4+0:0:0:0:0, 7+3:0:0:0:1, 5+0:0:0:0:0, 9+3:0:0:0:1, 7+2:1:0:0:1, 8+3:0:0:0:0, 5+1:0:0:0:0, 6+2:0:0:0:0, 7+2:1:0:0:1, 7+5:0:0:0:0, 5+2:0:0:0:0, 6+1:0:0:0:0, 6+2:0:0:0:0, 6+3:1:0:0:1, 5+2:0:0:0:0, 4+3:0:0:0:0, 4+0:0:0:0:0, 6+2:0:0:0:0, 5+0:0:0:0:0, 4+1:0:0:0:0, 7+3:1:0:0:1, 8+5:0:0:0:0, 7+4:0:0:0:0, 8+5:0:0:0:0, 9+6:0:0:0:1, 6+3:0:0:0:0, 7+2:0:0:0:0, 6+2:0:0:0:0, 5+4:0:0:0:0, 5+1:0:0:0:0, 5+1:0:0:0:0, 7+5:0:0:0:0, 4+0:0:0:0:0, 6+2:0:0:0:0, 5+0:0:0:0:0, 9+3:0:0:0:1, 6+4:0:0:0:1, 8+3:0:0:0:0, 5+1:0:0:0:0, 6+2:0:0:0:0, 7+3:0:0:0:2, 8+5:0:0:0:0, 7+4:0:0:0:1, 7+3:0:0:0:0, 5+2:0:0:0:0, 5+1:0:0:0:0, 5+1:0:0:0:0, 6+3:0:0:0:0, 5+1:0:0:0:0, 7+2:0:0:0:1, 6+6:0:0:0:0, 4+2:0:0:0:0, 9+3:1:0:0:1, 4+1:0:0:0:0, 6+2:0:0:0:0, 6+2:0:0:0:0, 7+3:1:0:0:1, 6+2:0:0:0:0, 6+2:0:0:0:0, 6+1:0:0:0:0, 5+1:0:0:0:0, 5+1:0:0:0:0, 6+2:0:0:0:0, 6+5:0:0:0:0, 5+1:0:0:0:0, 6+2:0:0:0:0, 4+2:0:0:0:0, 8+4:0:0:0:1, 7+5:0:0:0:1, 10+4:0:0:0:0, 5+1:0:0:0:0, 6+2:0:0:0:0, 6+2:0:0:0:1, 5+2:0:0:0:0, 5+2:0:0:0:0, 6+1:0:0:0:0, 5+1:0:0:0:0, 5+2:0:0:0:0, 5+2:0:0:0:0, 4+3:0:0:0:0, 4+0:0:0:0:0, 5+2:0:0:0:0, 4+2:0:0:0:0, 4+1:0:0:0:0, 6+3:1:0:0:1, 4+1:0:0:0:0, 5+2:0:0:0:0, 5+2:0:0:0:0, 6+2:0:0:0:1, 5+2:0:0:0:0, 5+2:0:0:0:0, 6+1:0:0:0:0, 5+1:0:0:0:0, 5+1:0:0:0:0, 6+1:0:0:0:0, 6+5:0:0:0:0, 4+0:0:0:0:0, 5+3:0:0:0:0, 5+3:0:0:0:1, 8+4:0:0:0:1, 6+3:0:0:0:2, 8+3:0:0:0:0, 5+1:0:0:0:0, 8+3:0:0:0:0, 6+4:0:0:0:1, 5+3:0:0:0:0, 5+3:0:0:0:0, 6+2:0:0:0:0, 5+2:0:0:0:0, 5+1:0:0:0:0, 6+2:0:0:0:0, 4+5:0:0:0:0, 4+0:0:0:0:0, 5+3:0:0:0:0, 4+2:0:0:0:0, 4+1:0:0:0:0, 6+2:1:0:0:1, 4+1:0:0:0:0, 5+1:0:0:0:0, 5+1:0:0:0:0, 6+3:0:0:0:1, 5+3:0:0:0:0, 7+2:0:0:0:1, 6+1:0:0:0:0, 5+1:0:0:0:0, 5+1:0:0:0:0, 6+1:0:0:0:0, 6+5:0:0:0:0, 5+0:0:0:0:0, 5+3:0:0:0:0, 4+3:0:0:0:0, 8+5:0:0:0:1, 6+4:0:0:0:1, 8+2:0:0:0:0, 6+1:0:0:0:0, 6+2:0:0:0:0, 8+2:0:0:0:1, 5+4:0:0:0:0, 5+3:0:0:0:0, 6+2:0:0:0:0, 5+1:0:0:0:0, 5+1:0:0:0:0, 6+3:0:0:0:0, 5+6:0:0:0:0, 4+0:0:0:0:0, 6+2:0:0:0:0, 4+2:0:0:0:0, 7+3:0:0:0:2, 6+3:1:0:0:1, 6+3:1:0:0:1, 5+1:0:0:0:0, 5+3:0:0:0:0, 6+2:0:0:0:1, 5+3:0:0:0:0, 5+4:0:0:0:0, 6+2:0:0:0:0, 5+1:0:0:0:0, 6+2:0:0:0:0, 6+1:0:0:0:0, 8+3:2:0:0:2, 6+1:0:0:0:0, 6+1:0:0:0:0, 5+5:0:0:0:0, 8+4:0:0:0:1, 6+2:0:0:0:1, 9+3:0:0:0:0, 5+1:0:0:0:0, 5+1:0:0:0:0, 1+0:0:0:0:0, 1100+431:15:0:0:44
Cb major (7b), 9+3:0:0:0:0, 6+0:0:0:0:0, 6+0:0:0:0:0, 7+1:0:0:0:1, 6+3:0:0:0:3, 7+1:0:0:0:0, 7+0:0:0:0:0, 5+1:0:0:0:0, 6+1:0:0:0:1, 7+1:0:0:0:0, 7+1:0:0:0:1, 4+0:0:0:0:0, 8+1:1:0:0:0, 6+1:0:0:0:0, 9+1:0:0:0:1, 6+0:0:0:0:0, 9+3:0:0:0:0, 6+0:0:0:0:0, 6+0:0:0:0:0, 7+1:0:0:0:1, 6+3:0:0:0:3, 7+1:0:0:0:0, 7+0:0:0:0:0, 5+0:0:0:0:0, 6+1:0:0:0:1, 7+1:0:0:0:0, 7+1:0:0:0:1, 7+2:0:0:0:0, 9+3:0:0:0:0, 9+1:0:0:0:1, 6+0:0:0:0:0, 7+0:0:0:0:0, 9+3:0:0:0:0, 8+1:0:0:0:0, 6+0:0:0:0:0, 7+1:0:0:0:1, 7+3:0:0:0:3, 6+2:2:0:0:2, 6+0:0:0:0:0, 5+1:0:0:0:0, 6+1:0:0:0:1, 7+0:0:0:0:0, 7+2:0:0:0:2, 5+0:0:0:0:0, 9+1:1:0:0:0, 10+3:0:0:0:3, 8+2:0:0:0:0, 9+1:0:0:0:0, 9+2:0:0:0:0, 8+1:0:0:0:0, 8+1:0:0:0:0, 7+1:0:0:0:1, 6+4:0:0:0:4, 7+2:0:0:0:1, 6+0:0:0:0:0, 6+0:0:0:0:0, 6+1:0:0:0:1, 7+0:0:0:0:0, 7+1:0:0:0:1, 8+1:0:0:0:0, 7+1:0:0:0:0, 9+1:0:0:0:1, 6+0:0:0:0:0, 7+0:0:0:0:0, 8+2:0:0:0:0, 9+1:0:0:0:0, 7+1:0:0:0:0, 8+1:0:0:0:1, 6+2:0:0:0:2, 6+1:0:0:0:0, 6+0:0:0:0:0, 7+1:0:0:0:0, 6+1:0:0:0:0, 7+1:0:0:0:0, 8+2:0:0:0:1, 4+0:0:0:0:0, 10+2:1:0:0:1, 6+1:0:0:0:0, 7+1:0:0:0:1, 7+0:0:0:0:0, 9+2:0:0:0:0, 7+0:0:0:0:0, 6+1:0:0:0:0, 7+1:0:0:0:1, 5+1:0:0:0:1, 6+2:0:0:0:0, 7+0:0:0:0:0, 5+0:0:0:0:0, 5+0:0:0:0:0, 7+1:0:0:0:0, 6+4:0:0:0:4, 7+1:0:0:0:0, 8+3:0:0:0:0, 11+2:0:0:0:1, 6+0:0:0:0:0, 7+0:0:0:0:0, 7+1:0:0:0:0, 6+0:0:0:0:0, 6+0:0:0:0:0, 7+1:0:0:0:1, 5+1:0:0:0:1, 6+1:0:0:0:0, 6+0:0:0:0:0, 5+1:0:0:0:0, 4+0:0:0:0:0, 6+0:0:0:0:0, 6+1:0:0:0:1, 4+0:0:0:0:0, 7+1:1:0:0:0, 6+1:0:0:0:0, 6+0:0:0:0:0, 6+0:0:0:0:0, 7+1:0:0:0:0, 6+0:0:0:0:0, 6+0:0:0:0:0, 7+2:0:0:0:1, 5+2:0:0:0:2, 6+2:0:0:0:0, 7+0:0:0:0:0, 5+0:0:0:0:0, 4+0:0:0:0:0, 6+0:0:0:0:0, 7+2:0:0:0:2, 7+1:0:0:0:0, 8+2:0:0:0:0, 9+2:0:0:0:1, 6+0:0:0:0:0, 9+1:0:0:0:0, 7+2:0:0:0:0, 6+0:0:0:0:0, 6+0:0:0:0:0, 7+3:0:0:0:1, 5+1:0:0:0:1, 6+2:0:0:0:0, 7+0:0:0:0:0, 5+3:0:0:0:0, 4+0:0:0:0:0, 6+0:0:0:0:0, 6+3:0:0:0:3, 4+0:0:0:0:0, 7+1:1:0:0:0, 7+2:0:0:0:1, 6+0:0:0:0:0, 6+0:0:0:0:0, 7+2:0:0:0:0, 6+0:0:0:0:0, 7+2:0:0:0:0, 7+2:0:0:0:1, 5+3:0:0:0:3, 6+3:0:0:0:0, 7+0:0:0:0:0, 5+0:0:0:0:0, 5+0:0:0:0:0, 6+0:0:0:0:0, 6+4:0:0:0:4, 7+1:0:0:0:0, 7+2:0:0:0:0, 9+2:0:0:0:1, 7+0:0:0:0:0, 7+0:0:0:0:0, 9+1:0:0:0:0, 6+0:0:0:0:0, 6+0:0:0:0:0, 7+3:0:0:0:1, 5+2:0:0:0:2, 6+2:0:0:0:0, 7+0:0:0:0:0, 5+4:0:0:0:0, 4+0:0:0:0:0, 7+1:0:0:0:0, 6+1:0:0:0:1, 7+2:0:0:0:0, 7+1:1:0:0:0, 7+3:1:0:0:1, 6+0:0:0:0:0, 6+0:0:0:0:0, 7+1:0:0:0:0, 6+0:0:0:0:0, 6+0:0:0:0:0, 7+1:0:0:0:1, 5+1:0:0:0:1, 7+2:0:0:0:1, 7+0:0:0:0:0, 7+2:0:0:0:0, 6+0:0:0:0:0, 7+0:0:0:0:0, 7+2:0:0:0:2, 7+1:0:0:0:0, 7+1:0:0:0:0, 10+3:0:0:0:2, 6+0:0:0:0:0, 5+0:0:0:0:0, 1+0:0:0:0:0, 1273+199:9:0:0:84
C# major (7#), 8+2:1:0:0:1, 6+2:0:0:0:0, 6+2:0:0:0:0, 7+2:0:0:0:0, 5+1:0:0:0:0, 6+1:0:0:0:0, 7+1:0:0:0:0, 5+3:0:0:0:0, 5+0:0:0:0:0, 8+3:0:0:0:1, 6+0:0:0:0:0, 4+0:0:0:0:0, 7+3:1:0:0:1, 5+1:0:0:0:0, 8+2:0:0:0:0, 6+4:0:0:0:0, 8+2:1:0:0:1, 6+2:0:0:0:0, 6+4:0:0:0:0, 7+2:0:0:0:0, 5+1:0:0:0:0, 6+1:0:0:0:0, 7+2:0:0:0:0, 6+6:0:0:0:0, 5+0:0:0:0:0, 8+3:0:0:0:1, 6+0:0:0:0:0, 9+3:0:0:0:1, 8+2:1:0:0:1, 9+3:0:0:0:0, 6+1:0:0:0:0, 7+2:0:0:0:0, 8+2:1:0:0:1, 8+5:0:0:0:0, 6+2:0:0:0:0, 7+1:0:0:0:0, 6+2:0:0:0:0, 6+3:1:0:0:1, 6+2:0:0:0:0, 5+3:0:0:0:0, 5+0:0:0:0:0, 7+2:0:0:0:0, 6+0:0:0:0:0, 5+0:0:0:0:0, 8+3:1:0:0:1, 9+5:0:0:0:0, 8+4:0:0:0:0, 9+5:0:0:0:0, 10+6:0:0:0:1, 7+3:0:0:0:0, 8+2:0:0:0:0, 7+2:0:0:0:0, 5+1:0:0:0:0, 5+1:0:0:0:0, 6+1:0:0:0:0, 7+5:0:0:0:0, 5+0:0:0:0:0, 7+2:0:0:0:0, 6+0:0:0:0:0, 9+3:0:0:0:1, 7+4:0:0:0:1, 9+3:0:0:0:0, 6+1:0:0:0:0, 7+2:0:0:0:0, 8+3:0:0:0:2, 9+5:0:0:0:0, 8+4:0:0:0:1, 8+3:0:0:0:0, 5+1:0:0:0:0, 5+1:0:0:0:0, 6+1:0:0:0:0, 7+3:0:0:0:0, 6+1:0:0:0:0, 8+2:0:0:0:1, 8+6:0:0:0:2, 4+0:0:0:0:0, 9+3:1:0:0:1, 5+1:0:0:0:0, 6+2:0:0:0:0, 7+5:0:0:0:0, 8+3:1:0:0:1, 7+2:0:0:0:0, 7+2:0:0:0:0, 7+1:0:0:0:0, 5+1:0:0:0:0, 5+1:0:0:0:0, 7+2:0:0:0:0, 6+5:0:0:0:0, 5+1:0:0:0:0, 7+2:0:0:0:0, 5+2:0:0:0:0, 8+4:0:0:0:1, 8+5:0:0:0:1, 11+4:0:0:0:0, 6+1:0:0:0:0, 7+2:0:0:0:0, 7+2:0:0:0:1, 6+1:0:0:0:0, 6+2:0:0:0:0, 7+1:0:0:0:0, 5+1:0:0:0:0, 5+2:0:0:0:0, 6+2:0:0:0:0, 5+3:0:0:0:0, 4+0:0:0:0:0, 6+2:0:0:0:0, 5+4:0:0:0:2, 4+0:0:0:0:0, 6+3:1:0:0:1, 5+1:0:0:0:0, 5+2:0:0:0:0, 6+2:0:0:0:0, 7+2:0:0:0:1, 6+1:0:0:0:0, 6+2:0:0:0:0, 7+1:0:0:0:0, 5+2:0:0:0:0, 5+1:0:0:0:0, 7+1:0:0:0:0, 6+5:0:0:0:0, 4+0:0:0:0:0, 6+3:0:0:0:0, 6+3:0:0:0:1, 8+4:0:0:0:1, 7+3:0:0:0:2, 9+3:0:0:0:0, 6+1:0:0:0:0, 9+3:0:0:0:0, 7+4:0:0:0:1, 6+1:0:0:0:0, 6+3:0:0:0:0, 7+2:0:0:0:0, 5+1:0:0:0:0, 5+1:0:0:0:0, 7+2:0:0:0:0, 5+5:0:0:0:0, 4+0:0:0:0:0, 6+3:0:0:0:0, 5+3:0:0:0:2, 4+0:0:0:0:0, 6+2:1:0:0:1, 5+1:0:0:0:0, 5+1:0:0:0:0, 6+1:0:0:0:0, 7+3:0:0:0:1, 6+2:0:0:0:0, 8+2:0:0:0:0, 7+1:0:0:0:0, 5+3:0:0:0:0, 5+1:0:0:0:0, 7+1:0:0:0:0, 6+5:0:0:0:0, 5+0:0:0:0:0, 6+3:0:0:0:0, 5+3:0:0:0:0, 8+5:0:0:0:1, 7+4:0:0:0:1, 9+2:0:0:0:0, 7+1:0:0:0:0, 7+2:0:0:0:0, 9+2:0:0:0:1, 6+1:0:0:0:0, 6+3:0:0:0:0, 7+2:0:0:0:0, 5+2:0:0:0:0, 5+1:0:0:0:0, 7+3:0:0:0:0, 6+6:0:0:0:0, 4+0:0:0:0:0, 7+2:0:0:0:0, 5+2:0:0:0:0, 7+3:0:0:0:2, 6+3:1:0:0:1, 7+3:1:0:0:1, 5+1:0:0:0:0, 6+3:0:0:0:0, 7+2:0:0:0:1, 6+1:0:0:0:0, 6+4:0:0:0:0, 7+2:0:0:0:0, 5+1:0:0:0:0, 6+2:0:0:0:0, 7+1:0:0:0:0, 8+3:2:0:0:2, 6+1:0:0:0:0, 7+1:0:0:0:0, 6+5:0:0:0:0, 8+4:0:0:0:1, 7+2:0:0:0:1, 10+3:0:0:0:0, 6+1:0:0:0:0, 5+1:0:0:0:0, 1+0:0:0:0:0, 1238+417:15:0:0:49
Ab minor (7b), 9+3:0:0:0:0, 6+0:0:0:0:0, 6+0:0:0:0:0, 7+1:0:0:0:1, 6+3:0:0:0:3, 7+1:0:0:0:0, 7+0:0:0:0:0, 5+1:0:0:0:0, 6+1:0:0:0:1, 7+1:0:0:0:0, 7+1:0:0:0:1, 4+0:0:0:0:0, 8+1:1:0:0:0, 6+1:0:0:0:0, 9+1:0:0:0:1, 6+0:0:0:0:0, 9+3:0:0:0:0, 6+0:0:0:0:0, 6+0:0:0:0:0, 7+1:0:0:0:1, 6+3:0:0:0:3, 7+1:0:0:0:0, 7+0:0:0:0:0, 5+0:0:0:0:0, 6+1:0:0:0:1, 7+1:0:0:0:0, 7+1:0:0:0:1, 7+2:0:0:0:0, 9+3:0:0:0:0, 9+1:0:0:0:1, 6+0:0:0:0:0, 7+0:0:0:0:0, 9+3:0:0:0:0, 8+1:0:0:0:0, 6+0:0:0:0:0, 7+1:0:0:0:1, 7+3:0:0:0:3, 6+2:2:0:0:2, 6+0:0:0:0:0, 5+1:0:0:0:0, 6+1:0:0:0:1, 7+0:0:0:0:0, 7+2:0:0:0:2, 5+0:0:0:0:0, 9+1:1:0:0:0, 10+3:0:0:0:3, 8+2:0:0:0:0, 9+1:0:0:0:0, 9+2:0:0:0:0, 8+1:0:0:0:0, 8+1:0:0:0:0, 7+1:0:0:0:1, 6+4:0:0:0:4, 7+2:0:0:0:1, 6+0:0:0:0:0, 6+0:0:0:0:0, 6+1:0:0:0:1, 7+0:0:0:0:0, 7+1:0:0:0:1, 8+1:0:0:0:0, 7+1:0:0:0:0, 9+1:0:0:0:1, 6+0:0:0:0:0, 7+0:0:0:0:0, 8+2:0:0:0:0, 9+1:0:0:0:0, 7+1:0:0:0:0, 8+1:0:0:0:1, 6+2:0:0:0:2, 6+1:0:0:0:0, 6+0:0:0:0:0, 7+1:0:0:0:0, 6+1:0:0:0:0, 7+1:0:0:0:0, 8+2:0:0:0:1, 4+0:0:0:0:0, 10+2:1:0:0:1, 6+1:0:0:0:0, 7+1:0:0:0:1, 7+0:0:0:0:0, 9+2:0:0:0:0, 7+0:0:0:0:0, 6+1:0:0:0:0, 7+1:0:0:0:1, 5+1:0:0:0:1, 6+2:0:0:0:0, 7+0:0:0:0:0, 5+0:0:0:0:0, 5+0:0:0:0:0, 7+1:0:0:0:0, 6+4:0:0:0:4, 7+1:0:0:0:0, 8+3:0:0:0:0, 11+2:0:0:0:1, 6+0:0:0:0:0, 7+0:0:0:0:0, 7+1:0:0:0:0, 6+0:0:0:0:0, 6+0:0:0:0:0, 7+1:0:0:0:1, 5+1:0:0:0:1, 6+1:0:0:0:0, 6+0:0:0:0:0, 5+1:0:0:0:0, 4+0:0:0:0:0, 6+0:0:0:0:0, 6+1:0:0:0:1, 4+0:0:0:0:0, 7+1:1:0:0:0, 6+1:0:0:0:0, 6+0:0:0:0:0, 6+0:0:0:0:0, 7+1:0:0:0:0, 6+0:0:0:0:0, 6+0:0:0:0:0, 7+2:0:0:0:1, 5+2:0:0:0:2, 6+2:0:0:0:0, 7+0:0:0:0:0, 5+0:0:0:0:0, 4+0:0:0:0:0, 6+0:0:0:0:0, 7+2:0:0:0:2, 7+1:0:0:0:0, 8+2:0:0:0:0, 9+2:0:0:0:1, 6+0:0:0:0:0, 9+1:0:0:0:0, 7+2:0:0:0:0, 6+0:0:0:0:0, 6+0:0:0:0:0, 7+3:0:0:0:1, 5+1:0:0:0:1, 6+2:0:0:0:0, 7+0:0:0:0:0, 5+3:0:0:0:0, 4+0:0:0:0:0, 6+0:0:0:0:0, 6+3:0:0:0:3, 4+0:0:0:0:0, 7+1:1:0:0:0, 7+2:0:0:0:1, 6+0:0:0:0:0, 6+0:0:0:0:0, 7+2:0:0:0:0, 6+0:0:0:0:0, 7+2:0:0:0:0, 7+2:0:0:0:1, 5+3:0:0:0:3, 6+3:0:0:0:0, 7+0:0:0:0:0, 5+0:0:0:0:0, 5+0:0:0:0:0, 6+0:0:0:0:0, 6+4:0:0:0:4, 7+1:0:0:0:0, 7+2:0:0:0:0, 9+2:0:0:0:1, 7+0:0:0:0:0, 7+0:0:0:0:0, 9+1:0:0:0:0, 6+0:0:0:0:0, 6+0:0:0:0:0, 7+3:0:0:0:1, 5+2:0:0:0:2, 6+2:0:0:0:0, 7+0:0:0:0:0, 5+4:0:0:0:0, 4+0:0:0:0:0, 7+1:0:0:0:0, 6+1:0:0:0:1, 7+2:0:0:0:0, 7+1:1:0:0:0, 7+3:1:0:0:1, 6+0:0:0:0:0, 6+0:0:0:0:0, 7+1:0:0:0:0, 6+0:0:0:0:0, 6+0:0:0:0:0, 7+1:0:0:0:1, 5+1:0:0:0:1, 7+2:0:0:0:1, 7+0:0:0:0:0, 7+2:0:0:0:0, 6+0:0:0:0:0, 7+0:0:0:0:0, 7+2:0:0:0:2, 7+1:0:0:0:0, 7+1:0:0:0:0, 10+3:0:0:0:2, 6+0:0:0:0:0, 5+0:0:0:0:0, 1+0:0:0:0:0, 1273+199:9:0:0:84
A# minor (7#), 8+2:1:0:0:1, 6+2:0:0:0:0, 6+2:0:0:0:0, 7+2:0:0:0:0, 5+1:0:0:0:0, 6+1:0:0:0:0, 7+1:0:0:0:0, 5+3:0:0:0:0, 5+0:0:0:0:0, 8+3:0:0:0:1, 6+0:0:0:0:0, 4+0:0:0:0:0, 7+3:1:0:0:1, 5+1:0:0:0:0, 8+2:0:0:0:0, 6+4:0:0:0:0, 8+2:1:0:0:1, 6+2:0:0:0:0, 6+4:0:0:0:0, 7+2:0:0:0:0, 5+1:0:0:0:0, 6+1:0:0:0:0, 7+2:0:0:0:0, 6+6:0:0:0:0, 5+0:0:0:0:0, 8+3:0:0:0:1, 6+0:0:0:0:0, 9+3:0:0:0:1, 8+2:1:0:0:1, 9+3:0:0:0:0, 6+1:0:0:0:0, 7+2:0:0:0:0, 8+2:1:0:0:1, 8+5:0:0:0:0, 6+2:0:0:0:0, 7+1:0:0:0:0, 6+2:0:0:0:0, 6+3:1:0:0:1, 6+2:0:0:0:0, 5+3:0:0:0:0, 5+0:0:0:0:0, 7+2:0:0:0:0, 6+0:0:0:0:0, 5+0:0:0:0:0, 8+3:1:0:0:1, 9+5:0:0:0:0, 8+4:0:0:0:0, 9+5:0:0:0:0, 10+6:0:0:0:1, 7+3:0:0:0:0, 8+2:0:0:0:0, 7+2:0:0:0:0, 5+1:0:0:0:0, 5+1:0:0:0:0, 6+1:0:0:0:0, 7+5:0:0:0:0, 5+0:0:0:0:0, 7+2:0:0:0:0, 6+0:0:0:0:0, 9+3:0:0:0:1, 7+4:0:0:0:1, 9+3:0:0:0:0, 6+1:0:0:0:0, 7+2:0:0:0:0, 8+3:0:0:0:2, 9+5:0:0:0:0, 8+4:0:0:0:1, 8+3:0:0:0:0, 5+1:0:0:0:0, 5+1:0:0:0:0, 6+1:0:0:0:0, 7+3:0:0:0:0, 6+1:0:0:0:0, 8+2:0:0:0:1, 7+6:0:0:0:0, 4+2:0:0:0:0, 9+3:1:0:0:1, 5+1:0:0:0:0, 6+2:0:0:0:0, 7+5:0:0:0:0, 8+3:1:0:0:1, 7+2:0:0:0:0, 7+2:0:0:0:0, 7+1:0:0:0:0, 5+1:0:0:0:0, 5+1:0:0:0:0, 7+2:0:0:0:0, 6+5:0:0:0:0, 5+1:0:0:0:0, 7+2:0:0:0:0, 5+2:0:0:0:0, 8+4:0:0:0:1, 8+5:0:0:0:1, 11+4:0:0:0:0, 6+1:0:0:0:0, 7+2:0:0:0:0, 7+2:0:0:0:1, 6+1:0:0:0:0, 6+2:0:0:0:0, 7+1:0:0:0:0, 5+1:0:0:0:0, 5+2:0:0:0:0, 6+2:0:0:0:0, 5+3:0:0:0:0, 4+0:0:0:0:0, 6+2:0:0:0:0, 5+2:0:0:0:0, 4+1:0:0:0:0, 6+3:1:0:0:1, 5+1:0:0:0:0, 5+2:0:0:0:0, 6+2:0:0:0:0, 7+2:0:0:0:1, 6+1:0:0:0:0, 6+2:0:0:0:0, 7+1:0:0:0:0, 5+2:0:0:0:0, 5+1:0:0:0:0, 7+1:0:0:0:0, 6+5:0:0:0:0, 4+0:0:0:0:0, 6+3:0:0:0:0, 6+3:0:0:0:1, 8+4:0:0:0:1, 7+3:0:0:0:2, 9+3:0:0:0:0, 6+1:0:0:0:0, 9+3:0:0:0:0, 7+4:0:0:0:1, 6+1:0:0:0:0, 6+3:0:0:0:0, 7+2:0:0:0:0, 5+1:0:0:0:0, 5+1:0:0:0:0, 7+2:0:0:0:0, 5+5:0:0:0:0, 4+0:0:0:0:0, 6+3:0:0:0:0, 5+2:0:0:0:0, 4+1:0:0:0:0, 6+2:1:0:0:1, 5+1:0:0:0:0, 5+1:0:0:0:0, 6+1:0:0:0:0, 7+3:0:0:0:1, 6+2:0:0:0:0, 8+2:0:0:0:0, 7+1:0:0:0:0, 5+3:0:0:0:0, 5+1:0:0:0:0, 7+1:0:0:0:0, 6+5:0:0:0:0, 5+0:0:0:0:0, 6+3:0:0:0:0, 5+3:0:0:0:0, 8+5:0:0:0:1, 7+4:0:0:0:1, 9+2:0:0:0:0, 7+1:0:0:0:0, 7+2:0:0:0:0, 9+2:0:0:0:1, 6+1:0:0:0:0, 6+3:0:0:0:0, 7+2:0:0:0:0, 5+2:0:0:0:0, 5+1:0:0:0:0, 7+3:0:0:0:0, 6+6:0:0:0:0, 4+0:0:0:0:0, 7+2:0:0:0:0, 5+2:0:0:0:0, 7+3:0:0:0:2, 6+3:1:0:0:1, 7+3:1:0:0:1, 5+1:0:0:0:0, 6+3:0:0:0:0, 7+2:0:0:0:1, 6+1:0:0:0:0, 6+4:0:0:0:0, 7+2:0:0:0:0, 5+1:0:0:0:0, 6+2:0:0:0:0, 7+1:0:0:0:0, 8+3:2:0:0:2, 6+1:0:0:0:0, 7+1:0:0:0:0, 6+5:0:0:0:0, 8+4:0:0:0:1, 7+2:0:0:0:1, 10+3:0:0:0:0, 6+1:0:0:0:0, 5+1:0:0:0:0, 1+0:0:0:0:0, 1237+418:15:0:0:43
