 , 0, 1, 2, 3, 4, 5, 6, 7, 8, 9, 10, 11, 12, 13, 14, 15, 16, 17, 18, 19, 20, 21, 22, 23, 24, 25, 26, 27, 28, 29, 30, 31, 32, 33, 34, 35, 36, 37, 38, 39, 40, 41, 42, 43, 44, 45, 46, 47, 48, 49, 50, 51, 52, 53, 54, 55, 56, 57, 58, 59, 60, 61, 62, 63, 64, 65, 66, 67, 68, 69, 70, 71, 72, 73, 74, 75, 76, 77, 78, 79, 80, 81, 82, 83, 84, 85, 86, 87, 88, 89, 90, 91, 92, 93, 94, 95, 96, 97, 98, 99, 100, 101, 102, 103, 104, 105, 106, 107, 108, 109, 110, 111, 112, 113, 114, 115, 116, 117, 118, 119, 120, 121, 122, 123, 124, 125, 126, 127, 128, 129, 130, 131, 132, 133, 134, 135, 136, 137, 138, 139, 140, 141, 142, 143, 144, rowcost
C major (0), 3, 5, 5, 2, 1, 3, 2, 1, 4, 2, 1, 0, 0, 0, 1, 1, 0, 1, 3, 1, 4, 4, 2, 2, 4, 4, 2, 0,  , 1, 1, 2, 5, 2, 1, 2, 3, 2, 1, 3, 1, 1, 1, 3, 1, 3, 1, 1,  , 6, 3, 4, 6, 2, 2, 4, 4, 0, 4, 2, 0, 2, 5, 4, 6, 4, 1,  , 1, 1, 1, 3, 4, 1, 1, 1, 1, 4, 5, 5, 3, 1, 1, 2, 4, 1, 4, 6, 4, 2, 0, 3, 1, 4, 2, 2,  , 1, 1, 1, 5, 2, 3, 2, 2, 5, 3, 1, 2, 2, 1, 1, 0, 3, 5, 5, 6, 2, 4, 2, 5, 2, 2, 0, 0, 2, 3, 3, 2, 0, 1, 2, 5, 0, 2, 5, 3, 2, 3, 0, 2, 4, 2, 4, 1, 334
A minor (0), 3, 5, 5, 2, 1, 5, 4, 2, 5, 3, 1, 0, 0, 0, 1, 1, 0, 1, 3, 2, 5, 7, 3, 2, 5, 5, 3, 0,  , 2, 2, 2, 5, 6, 1, 2, 4, 3, 1, 4, 1, 1, 1, 3, 1, 4, 1, 1,  , 6, 4, 5, 6, 3, 2, 3, 2, 0, 4, 2, 0, 2, 4, 6, 5, 4, 1,  , 1, 1, 1, 3, 5, 1, 1, 1, 1, 6, 4, 4, 4, 1, 1, 3, 4, 1, 5, 5, 4, 2, 0, 2, 1, 5, 3, 3,  , 1, 1, 1, 6, 3, 5, 2, 1, 5, 2, 1, 2, 2, 1, 1, 0, 3, 5, 5, 6, 2, 4, 2, 2, 2, 3, 0, 0, 2, 2, 4, 3, 0, 1, 3, 3, 0, 2, 4, 2, 2, 3, 0, 2, 5, 3, 3, 1, 364
A minor mel (0), 3, 5, 5, 2, 1, 5, 4, 2, 5, 3, 1, 0, 0, 0, 1, 1, 0, 1, 3, 2, 5, 7, 3, 2, 5, 5, 3, 0,  , 2, 2, 2, 5, 6, 1, 2, 4, 3, 1, 4, 1, 1, 1, 3, 1, 4, 1, 1,  , 6, 4, 5, 6, 3, 2, 3, 2, 0, 4, 2, 0, 2, 4, 6, 5, 4, 1,  , 1, 1, 1, 3, 5, 1, 1, 1, 1, 6, 4, 4, 4, 1, 1, 3, 4, 1, 5, 5, 4, 2, 0, 2, 1, 5, 3, 3,  , 1, 1, 1, 6, 3, 5, 2, 1, 5, 2, 1, 2, 2, 1, 1, 0, 3, 5, 5, 6, 2, 4, 2, 2, 2, 3, 0, 0, 2, 2, 4, 3, 0, 1, 3, 3, 0, 2, 4, 2, 2, 3, 0, 2, 5, 3, 3, 1, 364
C major blues (0), 3, 5, 5, 2, 1, 3, 2, 1, 4, 2, 1, 0, 0, 0, 1, 1, 0, 1, 3, 1, 4, 4, 2, 2, 4, 4, 2, 0,  , 1, 1, 2, 5, 2, 1, 2, 3, 2, 1, 3, 1, 1, 1, 3, 1, 3, 1, 1,  , 6, 3, 4, 6, 2, 2, 4, 4, 0, 4, 2, 0, 2, 5, 4, 6, 4, 1,  , 1, 1, 1, 3, 4, 1, 1, 1, 1, 4, 5, 5, 3, 1, 1, 2, 4, 1, 4, 6, 4, 2, 0, 3, 1, 4, 2, 2,  , 1, 1, 1, 5, 2, 3, 2, 2, 5, 3, 1, 2, 2, 1, 1, 0, 3, 5, 5, 6, 2, 4, 2, 5, 2, 2, 0, 0, 2, 3, 3, 2, 0, 1, 2, 5, 0, 2, 5, 3, 2, 3, 0, 2, 4, 2, 4, 1, 334
A minor blues (0), 3, 5, 5, 2, 1, 5, 4, 2, 5, 3, 1, 0, 0, 0, 1, 1, 0, 1, 3, 2, 5, 7, 3, 2, 5, 5, 3, 0,  , 2, 2, 2, 5, 6, 1, 2, 4, 3, 1, 4, 1, 1, 1, 3, 1, 4, 1, 1,  , 6, 4, 5, 6, 3, 2, 3, 2, 0, 4, 2, 0, 2, 4, 6, 5, 4, 1,  , 1, 1, 1, 3, 5, 1, 1, 1, 1, 6, 4, 4, 4, 1, 1, 3, 4, 1, 5, 5, 4, 2, 0, 2, 1, 5, 3, 3,  , 1, 1, 1, 6, 3, 5, 2, 1, 5, 2, 1, 2, 2, 1, 1, 0, 3, 5, 5, 6, 2, 4, 2, 2, 2, 3, 0, 0, 2, 2, 4, 3, 0, 1, 3, 3, 0, 2, 4, 2, 2, 3, 0, 2, 5, 3, 3, 1, 364
C dorian (0), 3, 5, 5, 2, 1, 3, 2, 1, 4, 2, 1, 0, 0, 0, 1, 1, 0, 1, 3, 1, 4, 4, 2, 2, 4, 4, 2, 0,  , 1, 1, 2, 5, 2, 1, 2, 3, 2, 1, 3, 1, 1, 1, 3, 1, 3, 1, 1,  , 6, 3, 4, 6, 2, 2, 4, 4, 0, 4, 2, 0, 2, 5, 4, 6, 4, 1,  , 1, 1, 1, 3, 4, 1, 1, 1, 1, 4, 5, 5, 3, 1, 1, 2, 4, 1, 4, 6, 4, 2, 0, 3, 1, 4, 2, 2,  , 1, 1, 1, 5, 2, 3, 2, 2, 5, 3, 1, 2, 2, 1, 1, 0, 3, 5, 5, 6, 2, 4, 2, 5, 2, 2, 0, 0, 2, 3, 3, 2, 0, 1, 2, 5, 0, 2, 5, 3, 2, 3, 0, 2, 4, 2, 4, 1, 334
C phrygian (0), 3, 5, 5, 2, 1, 3, 2, 1, 4, 2, 1, 0, 0, 0, 1, 1, 0, 1, 3, 1, 4, 4, 2, 2, 4, 4, 2, 0,  , 1, 1, 2, 5, 2, 1, 2, 3, 2, 1, 3, 1, 1, 1, 3, 1, 3, 1, 1,  , 6, 3, 4, 6, 2, 2, 4, 4, 0, 4, 2, 0, 2, 5, 4, 6, 4, 1,  , 1, 1, 1, 3, 4, 1, 1, 1, 1, 4, 5, 5, 3, 1, 1, 2, 4, 1, 4, 6, 4, 2, 0, 3, 1, 4, 2, 2,  , 1, 1, 1, 5, 2, 3, 2, 2, 5, 3, 1, 2, 2, 1, 1, 0, 3, 5, 5, 6, 2, 4, 2, 5, 2, 2, 0, 0, 2, 3, 3, 2, 0, 1, 2, 5, 0, 2, 5, 3, 2, 3, 0, 2, 4, 2, 4, 1, 334
C lydian (0), 3, 5, 5, 2, 1, 3, 2, 1, 4, 2, 1, 0, 0, 0, 1, 1, 0, 1, 3, 1, 4, 4, 2, 2, 4, 4, 2, 0,  , 1, 1, 2, 5, 2, 1, 2, 3, 2, 1, 3, 1, 1, 1, 3, 1, 3, 1, 1,  , 6, 3, 4, 6, 2, 2, 4, 4, 0, 4, 2, 0, 2, 5, 4, 6, 4, 1,  , 1, 1, 1, 3, 4, 1, 1, 1, 1, 4, 5, 5, 3, 1, 1, 2, 4, 1, 4, 6, 4, 2, 0, 3, 1, 4, 2, 2,  , 1, 1, 1, 5, 2, 3, 2, 2, 5, 3, 1, 2, 2, 1, 1, 0, 3, 5, 5, 6, 2, 4, 2, 5, 2, 2, 0, 0, 2, 3, 3, 2, 0, 1, 2, 5, 0, 2, 5, 3, 2, 3, 0, 2, 4, 2, 4, 1, 334
C mixolydian (0), 3, 5, 5, 2, 1, 3, 2, 1, 4, 2, 1, 0, 0, 0, 1, 1, 0, 1, 3, 1, 4, 4, 2, 2, 4, 4, 2, 0,  , 1, 1, 2, 5, 2, 1, 2, 3, 2, 1, 3, 1, 1, 1, 3, 1, 3, 1, 1,  , 6, 3, 4, 6, 2, 2, 4, 4, 0, 4, 2, 0, 2, 5, 4, 6, 4, 1,  , 1, 1, 1, 3, 4, 1, 1, 1, 1, 4, 5, 5, 3, 1, 1, 2, 4, 1, 4, 6, 4, 2, 0, 3, 1, 4, 2, 2,  , 1, 1, 1, 5, 2, 3, 2, 2, 5, 3, 1, 2, 2, 1, 1, 0, 3, 5, 5, 6, 2, 4, 2, 5, 2, 2, 0, 0, 2, 3, 3, 2, 0, 1, 2, 5, 0, 2, 5, 3, 2, 3, 0, 2, 4, 2, 4, 1, 334
C aeolian (0), 3, 5, 5, 2, 1, 3, 2, 1, 4, 2, 1, 0, 0, 0, 1, 1, 0, 1, 3, 1, 4, 4, 2, 2, 4, 4, 2, 0,  , 1, 1, 2, 5, 2, 1, 2, 3, 2, 1, 3, 1, 1, 1, 3, 1, 3, 1, 1,  , 6, 3, 4, 6, 2, 2, 4, 4, 0, 4, 2, 0, 2, 5, 4, 6, 4, 1,  , 1, 1, 1, 3, 4, 1, 1, 1, 1, 4, 5, 5, 3, 1, 1, 2, 4, 1, 4, 6, 4, 2, 0, 3, 1, 4, 2, 2,  , 1, 1, 1, 5, 2, 3, 2, 2, 5, 3, 1, 2, 2, 1, 1, 0, 3, 5, 5, 6, 2, 4, 2, 5, 2, 2, 0, 0, 2, 3, 3, 2, 0, 1, 2, 5, 0, 2, 5, 3, 2, 3, 0, 2, 4, 2, 4, 1, 334
C locrian (0), 3, 5, 5, 2, 1, 3, 2, 1, 4, 2, 1, 0, 0, 0, 1, 1, 0, 1, 3, 1, 4, 4, 2, 2, 4, 4, 2, 0,  , 1, 1, 2, 5, 2, 1, 2, 3, 2, 1, 3, 1, 1, 1, 3, 1, 3, 1, 1,  , 6, 3, 4, 6, 2, 2, 4, 4, 0, 4, 2, 0, 2, 5, 4, 6, 4, 1,  , 1, 1, 1, 3, 4, 1, 1, 1, 1, 4, 5, 5, 3, 1, 1, 2, 4, 1, 4, 6, 4, 2, 0, 3, 1, 4, 2, 2,  , 1, 1, 1, 5, 2, 3, 2, 2, 5, 3, 1, 2, 2, 1, 1, 0, 3, 5, 5, 6, 2, 4, 2, 5, 2, 2, 0, 0, 2, 3, 3, 2, 0, 1, 2, 5, 0, 2, 5, 3, 2, 3, 0, 2, 4, 2, 4, 1, 334
F major (1b), 2, 4, 4, 1, 1, 2, 1, 1, 4, 1, 2, 0, 0, 0, 0, 0, 0, 0, 2, 2, 5, 3, 1, 2, 2, 4, 1, 0,  , 1, 2, 1, 3, 2, 0, 2, 3, 1, 0, 3, 1, 0, 0, 2, 0, 4, 0, 0,  , 5, 4, 3, 5, 2, 3, 5, 4, 0, 5, 3, 1, 2, 3, 3, 5, 3, 0,  , 0, 0, 0, 2, 5, 0, 0, 0, 1, 5, 4, 3, 3, 0, 0, 3, 3, 0, 3, 5, 3, 1, 0, 2, 0, 3, 3, 1,  , 0, 0, 1, 3, 1, 2, 2, 2, 3, 2, 0, 2, 3, 0, 0, 0, 4, 4, 4, 5, 3, 5, 2, 6, 3, 2, 1, 1, 3, 2, 4, 3, 0, 1, 2, 4, 0, 1, 5, 3, 1, 2, 0, 1, 5, 1, 3, 0, 278
G major (1#), 2, 5, 5, 3, 1, 5, 3, 2, 4, 3, 2, 1, 0, 1, 1, 2, 0, 2, 3, 1, 3, 8, 3, 3, 5, 4, 3, 0,  , 1, 2, 3, 6, 4, 1, 2, 2, 2, 2, 5, 0, 2, 1, 3, 1, 3, 2, 2,  , 5, 3, 3, 5, 3, 1, 3, 4, 0, 3, 2, 0, 1, 3, 6, 5, 3, 2,  , 1, 1, 1, 2, 4, 1, 2, 1, 1, 5, 4, 3, 4, 1, 1, 2, 4, 2, 3, 5, 3, 3, 1, 3, 2, 3, 3, 3,  , 2, 2, 2, 4, 3, 4, 3, 1, 4, 3, 1, 1, 3, 1, 2, 1, 3, 4, 4, 5, 1, 3, 2, 5, 2, 1, 0, 0, 1, 3, 3, 3, 0, 2, 2, 3, 0, 2, 5, 2, 3, 3, 1, 2, 4, 3, 3, 2, 354
D minor (1b), 3, 5, 3, 1, 1, 4, 1, 1, 4, 1, 2, 0, 0, 0, 0, 0, 0, 0, 2, 3, 4, 6, 2, 2, 3, 4, 1, 0,  , 1, 3, 1, 5, 3, 0, 2, 4, 2, 0, 4, 1, 0, 0, 2, 0, 5, 0, 0,  , 5, 4, 4, 5, 2, 3, 4, 3, 0, 5, 3, 1, 1, 3, 4, 4, 2, 0,  , 0, 0, 0, 2, 6, 0, 0, 0, 1, 6, 5, 3, 3, 0, 0, 3, 3, 0, 3, 4, 2, 1, 0, 2, 0, 4, 3, 1,  , 0, 0, 1, 4, 1, 3, 2, 1, 4, 1, 0, 1, 3, 0, 0, 0, 4, 4, 4, 5, 3, 4, 2, 3, 3, 2, 1, 1, 2, 1, 5, 2, 0, 1, 2, 2, 0, 1, 4, 2, 1, 2, 0, 1, 6, 2, 4, 0, 286
E minor (1#), 2, 5, 6, 4, 1, 6, 5, 3, 5, 6, 3, 1, 0, 1, 1, 2, 0, 2, 4, 2, 4, 7, 4, 3, 6, 5, 6, 0,  , 2, 3, 3, 6, 7, 1, 2, 3, 5, 3, 5, 0, 2, 1, 4, 2, 4, 2, 4,  , 3, 4, 4, 4, 4, 1, 2, 2, 0, 4, 2, 0, 1, 4, 6, 4, 5, 2,  , 1, 1, 1, 3, 4, 1, 4, 2, 1, 6, 3, 3, 5, 1, 1, 4, 5, 2, 4, 4, 5, 5, 1, 2, 3, 4, 4, 4,  , 2, 2, 2, 5, 4, 6, 3, 1, 4, 3, 2, 2, 3, 2, 4, 1, 3, 4, 4, 4, 1, 4, 2, 2, 3, 2, 0, 0, 1, 5, 4, 4, 0, 2, 3, 5, 0, 2, 3, 1, 3, 4, 1, 2, 4, 4, 2, 2, 416
D minor mel (1b), 3, 5, 5, 2, 1, 3, 2, 1, 4, 2, 1, 0, 0, 0, 1, 1, 0, 1, 3, 1, 4, 4, 2, 2, 4, 4, 2, 0,  , 1, 1, 2, 5, 2, 1, 2, 3, 2, 1, 3, 1, 1, 1, 3, 1, 3, 1, 1,  , 6, 3, 4, 6, 2, 2, 4, 4, 0, 4, 2, 0, 2, 5, 4, 6, 4, 1,  , 1, 1, 1, 3, 4, 1, 1, 1, 1, 4, 5, 5, 3, 1, 1, 2, 4, 1, 4, 6, 4, 2, 0, 3, 1, 4, 2, 2,  , 1, 1, 1, 5, 2, 3, 2, 2, 5, 3, 1, 2, 2, 1, 1, 0, 3, 5, 5, 6, 2, 4, 2, 5, 2, 2, 0, 0, 2, 3, 3, 2, 0, 1, 2, 5, 0, 2, 5, 3, 2, 3, 0, 2, 4, 2, 4, 1, 334
E minor mel (1#), 3, 5, 5, 2, 1, 5, 4, 2, 5, 3, 1, 0, 0, 0, 1, 1, 0, 1, 3, 2, 5, 7, 3, 2, 5, 5, 3, 0,  , 2, 2, 2, 5, 6, 1, 2, 4, 3, 1, 4, 1, 1, 1, 3, 1, 4, 1, 1,  , 6, 4, 5, 6, 3, 2, 3, 2, 0, 4, 2, 0, 2, 4, 6, 5, 4, 1,  , 1, 1, 1, 3, 5, 1, 1, 1, 1, 6, 4, 4, 4, 1, 1, 3, 4, 1, 5, 5, 4, 2, 0, 2, 1, 5, 3, 3,  , 1, 1, 1, 6, 3, 5, 2, 1, 5, 2, 1, 2, 2, 1, 1, 0, 3, 5, 5, 6, 2, 4, 2, 2, 2, 3, 0, 0, 2, 2, 4, 3, 0, 1, 3, 3, 0, 2, 4, 2, 2, 3, 0, 2, 5, 3, 3, 1, 364
F major blues (1b), 3, 5, 5, 2, 1, 5, 4, 2, 5, 3, 1, 0, 0, 0, 1, 1, 0, 1, 3, 2, 5, 7, 3, 2, 5, 5, 3, 0,  , 2, 2, 2, 5, 6, 1, 2, 4, 3, 1, 4, 1, 1, 1, 3, 1, 4, 1, 1,  , 6, 4, 5, 6, 3, 2, 3, 2, 0, 4, 2, 0, 2, 4, 6, 5, 4, 1,  , 1, 1, 1, 3, 5, 1, 1, 1, 1, 6, 4, 4, 4, 1, 1, 3, 4, 1, 5, 5, 4, 2, 0, 2, 1, 5, 3, 3,  , 1, 1, 1, 6, 3, 5, 2, 1, 5, 2, 1, 2, 2, 1, 1, 0, 3, 5, 5, 6, 2, 4, 2, 2, 2, 3, 0, 0, 2, 2, 4, 3, 0, 1, 3, 3, 0, 2, 4, 2, 2, 3, 0, 2, 5, 3, 3, 1, 364
G major blues (1#), 3, 5, 5, 2, 1, 3, 2, 1, 4, 2, 1, 0, 0, 0, 1, 1, 0, 1, 3, 1, 4, 4, 2, 2, 4, 4, 2, 0,  , 1, 1, 2, 5, 2, 1, 2, 3, 2, 1, 3, 1, 1, 1, 3, 1, 3, 1, 1,  , 6, 3, 4, 6, 2, 2, 4, 4, 0, 4, 2, 0, 2, 5, 4, 6, 4, 1,  , 1, 1, 1, 3, 4, 1, 1, 1, 1, 4, 5, 5, 3, 1, 1, 2, 4, 1, 4, 6, 4, 2, 0, 3, 1, 4, 2, 2,  , 1, 1, 1, 5, 2, 3, 2, 2, 5, 3, 1, 2, 2, 1, 1, 0, 3, 5, 5, 6, 2, 4, 2, 5, 2, 2, 0, 0, 2, 3, 3, 2, 0, 1, 2, 5, 0, 2, 5, 3, 2, 3, 0, 2, 4, 2, 4, 1, 334
D minor blues (1b), 3, 5, 5, 2, 1, 5, 4, 2, 5, 3, 1, 0, 0, 0, 1, 1, 0, 1, 3, 2, 5, 7, 3, 2, 5, 5, 3, 0,  , 2, 2, 2, 5, 6, 1, 2, 4, 3, 1, 4, 1, 1, 1, 3, 1, 4, 1, 1,  , 6, 4, 5, 6, 3, 2, 3, 2, 0, 4, 2, 0, 2, 4, 6, 5, 4, 1,  , 1, 1, 1, 3, 5, 1, 1, 1, 1, 6, 4, 4, 4, 1, 1, 3, 4, 1, 5, 5, 4, 2, 0, 2, 1, 5, 3, 3,  , 1, 1, 1, 6, 3, 5, 2, 1, 5, 2, 1, 2, 2, 1, 1, 0, 3, 5, 5, 6, 2, 4, 2, 2, 2, 3, 0, 0, 2, 2, 4, 3, 0, 1, 3, 3, 0, 2, 4, 2, 2, 3, 0, 2, 5, 3, 3, 1, 364
E minor blues (1#), 3, 5, 5, 2, 1, 3, 2, 1, 4, 2, 1, 0, 0, 0, 1, 1, 0, 1, 3, 1, 4, 4, 2, 2, 4, 4, 2, 0,  , 1, 1, 2, 5, 2, 1, 2, 3, 2, 1, 3, 1, 1, 1, 3, 1, 3, 1, 1,  , 6, 3, 4, 6, 2, 2, 4, 4, 0, 4, 2, 0, 2, 5, 4, 6, 4, 1,  , 1, 1, 1, 3, 4, 1, 1, 1, 1, 4, 5, 5, 3, 1, 1, 2, 4, 1, 4, 6, 4, 2, 0, 3, 1, 4, 2, 2,  , 1, 1, 1, 5, 2, 3, 2, 2, 5, 3, 1, 2, 2, 1, 1, 0, 3, 5, 5, 6, 2, 4, 2, 5, 2, 2, 0, 0, 2, 3, 3, 2, 0, 1, 2, 5, 0, 2, 5, 3, 2, 3, 0, 2, 4, 2, 4, 1, 334
F dorian (1b), 3, 5, 5, 2, 1, 3, 2, 1, 4, 2, 1, 0, 0, 0, 1, 1, 0, 1, 3, 1, 4, 4, 2, 2, 4, 4, 2, 0,  , 1, 1, 2, 5, 2, 1, 2, 3, 2, 1, 3, 1, 1, 1, 3, 1, 3, 1, 1,  , 6, 3, 4, 6, 2, 2, 4, 4, 0, 4, 2, 0, 2, 5, 4, 6, 4, 1,  , 1, 1, 1, 3, 4, 1, 1, 1, 1, 4, 5, 5, 3, 1, 1, 2, 4, 1, 4, 6, 4, 2, 0, 3, 1, 4, 2, 2,  , 1, 1, 1, 5, 2, 3, 2, 2, 5, 3, 1, 2, 2, 1, 1, 0, 3, 5, 5, 6, 2, 4, 2, 5, 2, 2, 0, 0, 2, 3, 3, 2, 0, 1, 2, 5, 0, 2, 5, 3, 2, 3, 0, 2, 4, 2, 4, 1, 334
G dorian (1#), 3, 5, 5, 2, 1, 3, 2, 1, 4, 2, 1, 0, 0, 0, 1, 1, 0, 1, 3, 1, 4, 4, 2, 2, 4, 4, 2, 0,  , 1, 1, 2, 5, 2, 1, 2, 3, 2, 1, 3, 1, 1, 1, 3, 1, 3, 1, 1,  , 6, 3, 4, 6, 2, 2, 4, 4, 0, 4, 2, 0, 2, 5, 4, 6, 4, 1,  , 1, 1, 1, 3, 4, 1, 1, 1, 1, 4, 5, 5, 3, 1, 1, 2, 4, 1, 4, 6, 4, 2, 0, 3, 1, 4, 2, 2,  , 1, 1, 1, 5, 2, 3, 2, 2, 5, 3, 1, 2, 2, 1, 1, 0, 3, 5, 5, 6, 2, 4, 2, 5, 2, 2, 0, 0, 2, 3, 3, 2, 0, 1, 2, 5, 0, 2, 5, 3, 2, 3, 0, 2, 4, 2, 4, 1, 334
F phrygian (1b), 3, 5, 5, 2, 1, 3, 2, 1, 4, 2, 1, 0, 0, 0, 1, 1, 0, 1, 3, 1, 4, 4, 2, 2, 4, 4, 2, 0,  , 1, 1, 2, 5, 2, 1, 2, 3, 2, 1, 3, 1, 1, 1, 3, 1, 3, 1, 1,  , 6, 3, 4, 6, 2, 2, 4, 4, 0, 4, 2, 0, 2, 5, 4, 6, 4, 1,  , 1, 1, 1, 3, 4, 1, 1, 1, 1, 4, 5, 5, 3, 1, 1, 2, 4, 1, 4, 6, 4, 2, 0, 3, 1, 4, 2, 2,  , 1, 1, 1, 5, 2, 3, 2, 2, 5, 3, 1, 2, 2, 1, 1, 0, 3, 5, 5, 6, 2, 4, 2, 5, 2, 2, 0, 0, 2, 3, 3, 2, 0, 1, 2, 5, 0, 2, 5, 3, 2, 3, 0, 2, 4, 2, 4, 1, 334
G phrygian (1#), 3, 5, 5, 2, 1, 3, 2, 1, 4, 2, 1, 0, 0, 0, 1, 1, 0, 1, 3, 1, 4, 4, 2, 2, 4, 4, 2, 0,  , 1, 1, 2, 5, 2, 1, 2, 3, 2, 1, 3, 1, 1, 1, 3, 1, 3, 1, 1,  , 6, 3, 4, 6, 2, 2, 4, 4, 0, 4, 2, 0, 2, 5, 4, 6, 4, 1,  , 1, 1, 1, 3, 4, 1, 1, 1, 1, 4, 5, 5, 3, 1, 1, 2, 4, 1, 4, 6, 4, 2, 0, 3, 1, 4, 2, 2,  , 1, 1, 1, 5, 2, 3, 2, 2, 5, 3, 1, 2, 2, 1, 1, 0, 3, 5, 5, 6, 2, 4, 2, 5, 2, 2, 0, 0, 2, 3, 3, 2, 0, 1, 2, 5, 0, 2, 5, 3, 2, 3, 0, 2, 4, 2, 4, 1, 334
F lydian (1b), 3, 5, 5, 2, 1, 3, 2, 1, 4, 2, 1, 0, 0, 0, 1, 1, 0, 1, 3, 1, 4, 4, 2, 2, 4, 4, 2, 0,  , 1, 1, 2, 5, 2, 1, 2, 3, 2, 1, 3, 1, 1, 1, 3, 1, 3, 1, 1,  , 6, 3, 4, 6, 2, 2, 4, 4, 0, 4, 2, 0, 2, 5, 4, 6, 4, 1,  , 1, 1, 1, 3, 4, 1, 1, 1, 1, 4, 5, 5, 3, 1, 1, 2, 4, 1, 4, 6, 4, 2, 0, 3, 1, 4, 2, 2,  , 1, 1, 1, 5, 2, 3, 2, 2, 5, 3, 1, 2, 2, 1, 1, 0, 3, 5, 5, 6, 2, 4, 2, 5, 2, 2, 0, 0, 2, 3, 3, 2, 0, 1, 2, 5, 0, 2, 5, 3, 2, 3, 0, 2, 4, 2, 4, 1, 334
G lydian (1#), 2, 4, 4, 1, 1, 2, 1, 1, 4, 1, 2, 0, 0, 0, 0, 0, 0, 0, 2, 2, 5, 3, 1, 2, 2, 4, 1, 0,  , 1, 2, 1, 3, 2, 0, 2, 3, 1, 0, 3, 1, 0, 0, 2, 0, 4, 0, 0,  , 5, 4, 3, 5, 2, 3, 5, 4, 0, 5, 3, 1, 2, 3, 3, 5, 3, 0,  , 0, 0, 0, 2, 5, 0, 0, 0, 1, 5, 4, 3, 3, 0, 0, 3, 3, 0, 3, 5, 3, 1, 0, 2, 0, 3, 3, 1,  , 0, 0, 1, 3, 1, 2, 2, 2, 3, 2, 0, 2, 3, 0, 0, 0, 4, 4, 4, 5, 3, 5, 2, 6, 3, 2, 1, 1, 3, 2, 4, 3, 0, 1, 2, 4, 0, 1, 5, 3, 1, 2, 0, 1, 5, 1, 3, 0, 278
F mixolydian (1b), 2, 5, 5, 3, 1, 5, 3, 2, 4, 3, 2, 1, 0, 1, 1, 2, 0, 2, 3, 1, 3, 8, 3, 3, 5, 4, 3, 0,  , 1, 2, 3, 6, 4, 1, 2, 2, 2, 2, 5, 0, 2, 1, 3, 1, 3, 2, 2,  , 5, 3, 3, 5, 3, 1, 3, 4, 0, 3, 2, 0, 1, 3, 6, 5, 3, 2,  , 1, 1, 1, 2, 4, 1, 2, 1, 1, 5, 4, 3, 4, 1, 1, 2, 4, 2, 3, 5, 3, 3, 1, 3, 2, 3, 3, 3,  , 2, 2, 2, 4, 3, 4, 3, 1, 4, 3, 1, 1, 3, 1, 2, 1, 3, 4, 4, 5, 1, 3, 2, 5, 2, 1, 0, 0, 1, 3, 3, 3, 0, 2, 2, 3, 0, 2, 5, 2, 3, 3, 1, 2, 4, 3, 3, 2, 354
G mixolydian (1#), 3, 5, 3, 1, 1, 4, 1, 1, 4, 1, 2, 0, 0, 0, 0, 0, 0, 0, 2, 3, 4, 6, 2, 2, 3, 4, 1, 0,  , 1, 3, 1, 5, 3, 0, 2, 4, 2, 0, 4, 1, 0, 0, 2, 0, 5, 0, 0,  , 5, 4, 4, 5, 2, 3, 4, 3, 0, 5, 3, 1, 1, 3, 4, 4, 2, 0,  , 0, 0, 0, 2, 6, 0, 0, 0, 1, 6, 5, 3, 3, 0, 0, 3, 3, 0, 3, 4, 2, 1, 0, 2, 0, 4, 3, 1,  , 0, 0, 1, 4, 1, 3, 2, 1, 4, 1, 0, 1, 3, 0, 0, 0, 4, 4, 4, 5, 3, 4, 2, 3, 3, 2, 1, 1, 2, 1, 5, 2, 0, 1, 2, 2, 0, 1, 4, 2, 1, 2, 0, 1, 6, 2, 4, 0, 286
F aeolian (1b), 2, 5, 6, 4, 1, 6, 5, 3, 5, 6, 3, 1, 0, 1, 1, 2, 0, 2, 4, 2, 4, 7, 4, 3, 6, 5, 6, 0,  , 2, 3, 3, 6, 7, 1, 2, 3, 5, 3, 5, 0, 2, 1, 4, 2, 4, 2, 4,  , 3, 4, 4, 4, 4, 1, 2, 2, 0, 4, 2, 0, 1, 4, 6, 4, 5, 2,  , 1, 1, 1, 3, 4, 1, 4, 2, 1, 6, 3, 3, 5, 1, 1, 4, 5, 2, 4, 4, 5, 5, 1, 2, 3, 4, 4, 4,  , 2, 2, 2, 5, 4, 6, 3, 1, 4, 3, 2, 2, 3, 2, 4, 1, 3, 4, 4, 4, 1, 4, 2, 2, 3, 2, 0, 0, 1, 5, 4, 4, 0, 2, 3, 5, 0, 2, 3, 1, 3, 4, 1, 2, 4, 4, 2, 2, 416
G aeolian (1#), 3, 5, 5, 2, 1, 3, 2, 1, 4, 2, 1, 0, 0, 0, 1, 1, 0, 1, 3, 1, 4, 4, 2, 2, 4, 4, 2, 0,  , 1, 1, 2, 5, 2, 1, 2, 3, 2, 1, 3, 1, 1, 1, 3, 1, 3, 1, 1,  , 6, 3, 4, 6, 2, 2, 4, 4, 0, 4, 2, 0, 2, 5, 4, 6, 4, 1,  , 1, 1, 1, 3, 4, 1, 1, 1, 1, 4, 5, 5, 3, 1, 1, 2, 4, 1, 4, 6, 4, 2, 0, 3, 1, 4, 2, 2,  , 1, 1, 1, 5, 2, 3, 2, 2, 5, 3, 1, 2, 2, 1, 1, 0, 3, 5, 5, 6, 2, 4, 2, 5, 2, 2, 0, 0, 2, 3, 3, 2, 0, 1, 2, 5, 0, 2, 5, 3, 2, 3, 0, 2, 4, 2, 4, 1, 334
F locrian (1b), 3, 5, 5, 2, 1, 5, 4, 2, 5, 3, 1, 0, 0, 0, 1, 1, 0, 1, 3, 2, 5, 7, 3, 2, 5, 5, 3, 0,  , 2, 2, 2, 5, 6, 1, 2, 4, 3, 1, 4, 1, 1, 1, 3, 1, 4, 1, 1,  , 6, 4, 5, 6, 3, 2, 3, 2, 0, 4, 2, 0, 2, 4, 6, 5, 4, 1,  , 1, 1, 1, 3, 5, 1, 1, 1, 1, 6, 4, 4, 4, 1, 1, 3, 4, 1, 5, 5, 4, 2, 0, 2, 1, 5, 3, 3,  , 1, 1, 1, 6, 3, 5, 2, 1, 5, 2, 1, 2, 2, 1, 1, 0, 3, 5, 5, 6, 2, 4, 2, 2, 2, 3, 0, 0, 2, 2, 4, 3, 0, 1, 3, 3, 0, 2, 4, 2, 2, 3, 0, 2, 5, 3, 3, 1, 364
G locrian (1#), 3, 5, 5, 2, 1, 5, 4, 2, 5, 3, 1, 0, 0, 0, 1, 1, 0, 1, 3, 2, 5, 7, 3, 2, 5, 5, 3, 0,  , 2, 2, 2, 5, 6, 1, 2, 4, 3, 1, 4, 1, 1, 1, 3, 1, 4, 1, 1,  , 6, 4, 5, 6, 3, 2, 3, 2, 0, 4, 2, 0, 2, 4, 6, 5, 4, 1,  , 1, 1, 1, 3, 5, 1, 1, 1, 1, 6, 4, 4, 4, 1, 1, 3, 4, 1, 5, 5, 4, 2, 0, 2, 1, 5, 3, 3,  , 1, 1, 1, 6, 3, 5, 2, 1, 5, 2, 1, 2, 2, 1, 1, 0, 3, 5, 5, 6, 2, 4, 2, 2, 2, 3, 0, 0, 2, 2, 4, 3, 0, 1, 3, 3, 0, 2, 4, 2, 2, 3, 0, 2, 5, 3, 3, 1, 364
Bb major (2b), 3, 5, 5, 2, 1, 3, 2, 1, 4, 2, 1, 0, 0, 0, 1, 1, 0, 1, 3, 1, 4, 4, 2, 2, 4, 4, 2, 0,  , 1, 1, 2, 5, 2, 1, 2, 3, 2, 1, 3, 1, 1, 1, 3, 1, 3, 1, 1,  , 6, 3, 4, 6, 2, 2, 4, 4, 0, 4, 2, 0, 2, 5, 4, 6, 4, 1,  , 1, 1, 1, 3, 4, 1, 1, 1, 1, 4, 5, 5, 3, 1, 1, 2, 4, 1, 4, 6, 4, 2, 0, 3, 1, 4, 2, 2,  , 1, 1, 1, 5, 2, 3, 2, 2, 5, 3, 1, 2, 2, 1, 1, 0, 3, 5, 5, 6, 2, 4, 2, 5, 2, 2, 0, 0, 2, 3, 3, 2, 0, 1, 2, 5, 0, 2, 5, 3, 2, 3, 0, 2, 4, 2, 4, 1, 334
D major (2#), 3, 5, 5, 2, 1, 5, 4, 2, 5, 3, 1, 0, 0, 0, 1, 1, 0, 1, 3, 2, 5, 7, 3, 2, 5, 5, 3, 0,  , 2, 2, 2, 5, 6, 1, 2, 4, 3, 1, 4, 1, 1, 1, 3, 1, 4, 1, 1,  , 6, 4, 5, 6, 3, 2, 3, 2, 0, 4, 2, 0, 2, 4, 6, 5, 4, 1,  , 1, 1, 1, 3, 5, 1, 1, 1, 1, 6, 4, 4, 4, 1, 1, 3, 4, 1, 5, 5, 4, 2, 0, 2, 1, 5, 3, 3,  , 1, 1, 1, 6, 3, 5, 2, 1, 5, 2, 1, 2, 2, 1, 1, 0, 3, 5, 5, 6, 2, 4, 2, 2, 2, 3, 0, 0, 2, 2, 4, 3, 0, 1, 3, 3, 0, 2, 4, 2, 2, 3, 0, 2, 5, 3, 3, 1, 364
G minor (2b), 3, 5, 5, 2, 1, 3, 2, 1, 4, 2, 1, 0, 0, 0, 1, 1, 0, 1, 3, 1, 4, 4, 2, 2, 4, 4, 2, 0,  , 1, 1, 2, 5, 2, 1, 2, 3, 2, 1, 3, 1, 1, 1, 3, 1, 3, 1, 1,  , 6, 3, 4, 6, 2, 2, 4, 4, 0, 4, 2, 0, 2, 5, 4, 6, 4, 1,  , 1, 1, 1, 3, 4, 1, 1, 1, 1, 4, 5, 5, 3, 1, 1, 2, 4, 1, 4, 6, 4, 2, 0, 3, 1, 4, 2, 2,  , 1, 1, 1, 5, 2, 3, 2, 2, 5, 3, 1, 2, 2, 1, 1, 0, 3, 5, 5, 6, 2, 4, 2, 5, 2, 2, 0, 0, 2, 3, 3, 2, 0, 1, 2, 5, 0, 2, 5, 3, 2, 3, 0, 2, 4, 2, 4, 1, 334
B minor (2#), 3, 5, 5, 2, 1, 3, 2, 1, 4, 2, 1, 0, 0, 0, 1, 1, 0, 1, 3, 1, 4, 4, 2, 2, 4, 4, 2, 0,  , 1, 1, 2, 5, 2, 1, 2, 3, 2, 1, 3, 1, 1, 1, 3, 1, 3, 1, 1,  , 6, 3, 4, 6, 2, 2, 4, 4, 0, 4, 2, 0, 2, 5, 4, 6, 4, 1,  , 1, 1, 1, 3, 4, 1, 1, 1, 1, 4, 5, 5, 3, 1, 1, 2, 4, 1, 4, 6, 4, 2, 0, 3, 1, 4, 2, 2,  , 1, 1, 1, 5, 2, 3, 2, 2, 5, 3, 1, 2, 2, 1, 1, 0, 3, 5, 5, 6, 2, 4, 2, 5, 2, 2, 0, 0, 2, 3, 3, 2, 0, 1, 2, 5, 0, 2, 5, 3, 2, 3, 0, 2, 4, 2, 4, 1, 334
G minor mel (2b), 3, 5, 5, 2, 1, 3, 2, 1, 4, 2, 1, 0, 0, 0, 1, 1, 0, 1, 3, 1, 4, 4, 2, 2, 4, 4, 2, 0,  , 1, 1, 2, 5, 2, 1, 2, 3, 2, 1, 3, 1, 1, 1, 3, 1, 3, 1, 1,  , 6, 3, 4, 6, 2, 2, 4, 4, 0, 4, 2, 0, 2, 5, 4, 6, 4, 1,  , 1, 1, 1, 3, 4, 1, 1, 1, 1, 4, 5, 5, 3, 1, 1, 2, 4, 1, 4, 6, 4, 2, 0, 3, 1, 4, 2, 2,  , 1, 1, 1, 5, 2, 3, 2, 2, 5, 3, 1, 2, 2, 1, 1, 0, 3, 5, 5, 6, 2, 4, 2, 5, 2, 2, 0, 0, 2, 3, 3, 2, 0, 1, 2, 5, 0, 2, 5, 3, 2, 3, 0, 2, 4, 2, 4, 1, 334
B minor mel (2#), 3, 5, 5, 2, 1, 3, 2, 1, 4, 2, 1, 0, 0, 0, 1, 1, 0, 1, 3, 1, 4, 4, 2, 2, 4, 4, 2, 0,  , 1, 1, 2, 5, 2, 1, 2, 3, 2, 1, 3, 1, 1, 1, 3, 1, 3, 1, 1,  , 6, 3, 4, 6, 2, 2, 4, 4, 0, 4, 2, 0, 2, 5, 4, 6, 4, 1,  , 1, 1, 1, 3, 4, 1, 1, 1, 1, 4, 5, 5, 3, 1, 1, 2, 4, 1, 4, 6, 4, 2, 0, 3, 1, 4, 2, 2,  , 1, 1, 1, 5, 2, 3, 2, 2, 5, 3, 1, 2, 2, 1, 1, 0, 3, 5, 5, 6, 2, 4, 2, 5, 2, 2, 0, 0, 2, 3, 3, 2, 0, 1, 2, 5, 0, 2, 5, 3, 2, 3, 0, 2, 4, 2, 4, 1, 334
Bb major blues (2b), 3, 5, 5, 2, 1, 3, 2, 1, 4, 2, 1, 0, 0, 0, 1, 1, 0, 1, 3, 1, 4, 4, 2, 2, 4, 4, 2, 0,  , 1, 1, 2, 5, 2, 1, 2, 3, 2, 1, 3, 1, 1, 1, 3, 1, 3, 1, 1,  , 6, 3, 4, 6, 2, 2, 4, 4, 0, 4, 2, 0, 2, 5, 4, 6, 4, 1,  , 1, 1, 1, 3, 4, 1, 1, 1, 1, 4, 5, 5, 3, 1, 1, 2, 4, 1, 4, 6, 4, 2, 0, 3, 1, 4, 2, 2,  , 1, 1, 1, 5, 2, 3, 2, 2, 5, 3, 1, 2, 2, 1, 1, 0, 3, 5, 5, 6, 2, 4, 2, 5, 2, 2, 0, 0, 2, 3, 3, 2, 0, 1, 2, 5, 0, 2, 5, 3, 2, 3, 0, 2, 4, 2, 4, 1, 334
D major blues (2#), 3, 5, 5, 2, 1, 3, 2, 1, 4, 2, 1, 0, 0, 0, 1, 1, 0, 1, 3, 1, 4, 4, 2, 2, 4, 4, 2, 0,  , 1, 1, 2, 5, 2, 1, 2, 3, 2, 1, 3, 1, 1, 1, 3, 1, 3, 1, 1,  , 6, 3, 4, 6, 2, 2, 4, 4, 0, 4, 2, 0, 2, 5, 4, 6, 4, 1,  , 1, 1, 1, 3, 4, 1, 1, 1, 1, 4, 5, 5, 3, 1, 1, 2, 4, 1, 4, 6, 4, 2, 0, 3, 1, 4, 2, 2,  , 1, 1, 1, 5, 2, 3, 2, 2, 5, 3, 1, 2, 2, 1, 1, 0, 3, 5, 5, 6, 2, 4, 2, 5, 2, 2, 0, 0, 2, 3, 3, 2, 0, 1, 2, 5, 0, 2, 5, 3, 2, 3, 0, 2, 4, 2, 4, 1, 334
G minor blues (2b), 2, 4, 4, 1, 1, 2, 1, 1, 4, 1, 2, 0, 0, 0, 0, 0, 0, 0, 2, 2, 5, 3, 1, 2, 2, 4, 1, 0,  , 1, 2, 1, 3, 2, 0, 2, 3, 1, 0, 3, 1, 0, 0, 2, 0, 4, 0, 0,  , 5, 4, 3, 5, 2, 3, 5, 4, 0, 5, 3, 1, 2, 3, 3, 5, 3, 0,  , 0, 0, 0, 2, 5, 0, 0, 0, 1, 5, 4, 3, 3, 0, 0, 3, 3, 0, 3, 5, 3, 1, 0, 2, 0, 3, 3, 1,  , 0, 0, 1, 3, 1, 2, 2, 2, 3, 2, 0, 2, 3, 0, 0, 0, 4, 4, 4, 5, 3, 5, 2, 6, 3, 2, 1, 1, 3, 2, 4, 3, 0, 1, 2, 4, 0, 1, 5, 3, 1, 2, 0, 1, 5, 1, 3, 0, 278
B minor blues (2#), 2, 5, 5, 3, 1, 5, 3, 2, 4, 3, 2, 1, 0, 1, 1, 2, 0, 2, 3, 1, 3, 8, 3, 3, 5, 4, 3, 0,  , 1, 2, 3, 6, 4, 1, 2, 2, 2, 2, 5, 0, 2, 1, 3, 1, 3, 2, 2,  , 5, 3, 3, 5, 3, 1, 3, 4, 0, 3, 2, 0, 1, 3, 6, 5, 3, 2,  , 1, 1, 1, 2, 4, 1, 2, 1, 1, 5, 4, 3, 4, 1, 1, 2, 4, 2, 3, 5, 3, 3, 1, 3, 2, 3, 3, 3,  , 2, 2, 2, 4, 3, 4, 3, 1, 4, 3, 1, 1, 3, 1, 2, 1, 3, 4, 4, 5, 1, 3, 2, 5, 2, 1, 0, 0, 1, 3, 3, 3, 0, 2, 2, 3, 0, 2, 5, 2, 3, 3, 1, 2, 4, 3, 3, 2, 354
Bb dorian (2b), 3, 5, 3, 1, 1, 4, 1, 1, 4, 1, 2, 0, 0, 0, 0, 0, 0, 0, 2, 3, 4, 6, 2, 2, 3, 4, 1, 0,  , 1, 3, 1, 5, 3, 0, 2, 4, 2, 0, 4, 1, 0, 0, 2, 0, 5, 0, 0,  , 5, 4, 4, 5, 2, 3, 4, 3, 0, 5, 3, 1, 1, 3, 4, 4, 2, 0,  , 0, 0, 0, 2, 6, 0, 0, 0, 1, 6, 5, 3, 3, 0, 0, 3, 3, 0, 3, 4, 2, 1, 0, 2, 0, 4, 3, 1,  , 0, 0, 1, 4, 1, 3, 2, 1, 4, 1, 0, 1, 3, 0, 0, 0, 4, 4, 4, 5, 3, 4, 2, 3, 3, 2, 1, 1, 2, 1, 5, 2, 0, 1, 2, 2, 0, 1, 4, 2, 1, 2, 0, 1, 6, 2, 4, 0, 286
D dorian (2#), 2, 5, 6, 4, 1, 6, 5, 3, 5, 6, 3, 1, 0, 1, 1, 2, 0, 2, 4, 2, 4, 7, 4, 3, 6, 5, 6, 0,  , 2, 3, 3, 6, 7, 1, 2, 3, 5, 3, 5, 0, 2, 1, 4, 2, 4, 2, 4,  , 3, 4, 4, 4, 4, 1, 2, 2, 0, 4, 2, 0, 1, 4, 6, 4, 5, 2,  , 1, 1, 1, 3, 4, 1, 4, 2, 1, 6, 3, 3, 5, 1, 1, 4, 5, 2, 4, 4, 5, 5, 1, 2, 3, 4, 4, 4,  , 2, 2, 2, 5, 4, 6, 3, 1, 4, 3, 2, 2, 3, 2, 4, 1, 3, 4, 4, 4, 1, 4, 2, 2, 3, 2, 0, 0, 1, 5, 4, 4, 0, 2, 3, 5, 0, 2, 3, 1, 3, 4, 1, 2, 4, 4, 2, 2, 416
Bb phrygian (2b), 3, 5, 5, 2, 1, 3, 2, 1, 4, 2, 1, 0, 0, 0, 1, 1, 0, 1, 3, 1, 4, 4, 2, 2, 4, 4, 2, 0,  , 1, 1, 2, 5, 2, 1, 2, 3, 2, 1, 3, 1, 1, 1, 3, 1, 3, 1, 1,  , 6, 3, 4, 6, 2, 2, 4, 4, 0, 4, 2, 0, 2, 5, 4, 6, 4, 1,  , 1, 1, 1, 3, 4, 1, 1, 1, 1, 4, 5, 5, 3, 1, 1, 2, 4, 1, 4, 6, 4, 2, 0, 3, 1, 4, 2, 2,  , 1, 1, 1, 5, 2, 3, 2, 2, 5, 3, 1, 2, 2, 1, 1, 0, 3, 5, 5, 6, 2, 4, 2, 5, 2, 2, 0, 0, 2, 3, 3, 2, 0, 1, 2, 5, 0, 2, 5, 3, 2, 3, 0, 2, 4, 2, 4, 1, 334
D phrygian (2#), 3, 5, 5, 2, 1, 5, 4, 2, 5, 3, 1, 0, 0, 0, 1, 1, 0, 1, 3, 2, 5, 7, 3, 2, 5, 5, 3, 0,  , 2, 2, 2, 5, 6, 1, 2, 4, 3, 1, 4, 1, 1, 1, 3, 1, 4, 1, 1,  , 6, 4, 5, 6, 3, 2, 3, 2, 0, 4, 2, 0, 2, 4, 6, 5, 4, 1,  , 1, 1, 1, 3, 5, 1, 1, 1, 1, 6, 4, 4, 4, 1, 1, 3, 4, 1, 5, 5, 4, 2, 0, 2, 1, 5, 3, 3,  , 1, 1, 1, 6, 3, 5, 2, 1, 5, 2, 1, 2, 2, 1, 1, 0, 3, 5, 5, 6, 2, 4, 2, 2, 2, 3, 0, 0, 2, 2, 4, 3, 0, 1, 3, 3, 0, 2, 4, 2, 2, 3, 0, 2, 5, 3, 3, 1, 364
Bb lydian (2b), 3, 5, 5, 2, 1, 5, 4, 2, 5, 3, 1, 0, 0, 0, 1, 1, 0, 1, 3, 2, 5, 7, 3, 2, 5, 5, 3, 0,  , 2, 2, 2, 5, 6, 1, 2, 4, 3, 1, 4, 1, 1, 1, 3, 1, 4, 1, 1,  , 6, 4, 5, 6, 3, 2, 3, 2, 0, 4, 2, 0, 2, 4, 6, 5, 4, 1,  , 1, 1, 1, 3, 5, 1, 1, 1, 1, 6, 4, 4, 4, 1, 1, 3, 4, 1, 5, 5, 4, 2, 0, 2, 1, 5, 3, 3,  , 1, 1, 1, 6, 3, 5, 2, 1, 5, 2, 1, 2, 2, 1, 1, 0, 3, 5, 5, 6, 2, 4, 2, 2, 2, 3, 0, 0, 2, 2, 4, 3, 0, 1, 3, 3, 0, 2, 4, 2, 2, 3, 0, 2, 5, 3, 3, 1, 364
D lydian (2#), 3, 5, 5, 2, 1, 3, 2, 1, 4, 2, 1, 0, 0, 0, 1, 1, 0, 1, 3, 1, 4, 4, 2, 2, 4, 4, 2, 0,  , 1, 1, 2, 5, 2, 1, 2, 3, 2, 1, 3, 1, 1, 1, 3, 1, 3, 1, 1,  , 6, 3, 4, 6, 2, 2, 4, 4, 0, 4, 2, 0, 2, 5, 4, 6, 4, 1,  , 1, 1, 1, 3, 4, 1, 1, 1, 1, 4, 5, 5, 3, 1, 1, 2, 4, 1, 4, 6, 4, 2, 0, 3, 1, 4, 2, 2,  , 1, 1, 1, 5, 2, 3, 2, 2, 5, 3, 1, 2, 2, 1, 1, 0, 3, 5, 5, 6, 2, 4, 2, 5, 2, 2, 0, 0, 2, 3, 3, 2, 0, 1, 2, 5, 0, 2, 5, 3, 2, 3, 0, 2, 4, 2, 4, 1, 334
Bb mixolydian (2b), 3, 5, 5, 2, 1, 5, 4, 2, 5, 3, 1, 0, 0, 0, 1, 1, 0, 1, 3, 2, 5, 7, 3, 2, 5, 5, 3, 0,  , 2, 2, 2, 5, 6, 1, 2, 4, 3, 1, 4, 1, 1, 1, 3, 1, 4, 1, 1,  , 6, 4, 5, 6, 3, 2, 3, 2, 0, 4, 2, 0, 2, 4, 6, 5, 4, 1,  , 1, 1, 1, 3, 5, 1, 1, 1, 1, 6, 4, 4, 4, 1, 1, 3, 4, 1, 5, 5, 4, 2, 0, 2, 1, 5, 3, 3,  , 1, 1, 1, 6, 3, 5, 2, 1, 5, 2, 1, 2, 2, 1, 1, 0, 3, 5, 5, 6, 2, 4, 2, 2, 2, 3, 0, 0, 2, 2, 4, 3, 0, 1, 3, 3, 0, 2, 4, 2, 2, 3, 0, 2, 5, 3, 3, 1, 364
D mixolydian (2#), 3, 5, 5, 2, 1, 3, 2, 1, 4, 2, 1, 0, 0, 0, 1, 1, 0, 1, 3, 1, 4, 4, 2, 2, 4, 4, 2, 0,  , 1, 1, 2, 5, 2, 1, 2, 3, 2, 1, 3, 1, 1, 1, 3, 1, 3, 1, 1,  , 6, 3, 4, 6, 2, 2, 4, 4, 0, 4, 2, 0, 2, 5, 4, 6, 4, 1,  , 1, 1, 1, 3, 4, 1, 1, 1, 1, 4, 5, 5, 3, 1, 1, 2, 4, 1, 4, 6, 4, 2, 0, 3, 1, 4, 2, 2,  , 1, 1, 1, 5, 2, 3, 2, 2, 5, 3, 1, 2, 2, 1, 1, 0, 3, 5, 5, 6, 2, 4, 2, 5, 2, 2, 0, 0, 2, 3, 3, 2, 0, 1, 2, 5, 0, 2, 5, 3, 2, 3, 0, 2, 4, 2, 4, 1, 334
Bb aeolian (2b), 3, 5, 5, 2, 1, 3, 2, 1, 4, 2, 1, 0, 0, 0, 1, 1, 0, 1, 3, 1, 4, 4, 2, 2, 4, 4, 2, 0,  , 1, 1, 2, 5, 2, 1, 2, 3, 2, 1, 3, 1, 1, 1, 3, 1, 3, 1, 1,  , 6, 3, 4, 6, 2, 2, 4, 4, 0, 4, 2, 0, 2, 5, 4, 6, 4, 1,  , 1, 1, 1, 3, 4, 1, 1, 1, 1, 4, 5, 5, 3, 1, 1, 2, 4, 1, 4, 6, 4, 2, 0, 3, 1, 4, 2, 2,  , 1, 1, 1, 5, 2, 3, 2, 2, 5, 3, 1, 2, 2, 1, 1, 0, 3, 5, 5, 6, 2, 4, 2, 5, 2, 2, 0, 0, 2, 3, 3, 2, 0, 1, 2, 5, 0, 2, 5, 3, 2, 3, 0, 2, 4, 2, 4, 1, 334
D aeolian (2#), 3, 5, 5, 2, 1, 3, 2, 1, 4, 2, 1, 0, 0, 0, 1, 1, 0, 1, 3, 1, 4, 4, 2, 2, 4, 4, 2, 0,  , 1, 1, 2, 5, 2, 1, 2, 3, 2, 1, 3, 1, 1, 1, 3, 1, 3, 1, 1,  , 6, 3, 4, 6, 2, 2, 4, 4, 0, 4, 2, 0, 2, 5, 4, 6, 4, 1,  , 1, 1, 1, 3, 4, 1, 1, 1, 1, 4, 5, 5, 3, 1, 1, 2, 4, 1, 4, 6, 4, 2, 0, 3, 1, 4, 2, 2,  , 1, 1, 1, 5, 2, 3, 2, 2, 5, 3, 1, 2, 2, 1, 1, 0, 3, 5, 5, 6, 2, 4, 2, 5, 2, 2, 0, 0, 2, 3, 3, 2, 0, 1, 2, 5, 0, 2, 5, 3, 2, 3, 0, 2, 4, 2, 4, 1, 334
Bb locrian (2b), 3, 5, 5, 2, 1, 3, 2, 1, 4, 2, 1, 0, 0, 0, 1, 1, 0, 1, 3, 1, 4, 4, 2, 2, 4, 4, 2, 0,  , 1, 1, 2, 5, 2, 1, 2, 3, 2, 1, 3, 1, 1, 1, 3, 1, 3, 1, 1,  , 6, 3, 4, 6, 2, 2, 4, 4, 0, 4, 2, 0, 2, 5, 4, 6, 4, 1,  , 1, 1, 1, 3, 4, 1, 1, 1, 1, 4, 5, 5, 3, 1, 1, 2, 4, 1, 4, 6, 4, 2, 0, 3, 1, 4, 2, 2,  , 1, 1, 1, 5, 2, 3, 2, 2, 5, 3, 1, 2, 2, 1, 1, 0, 3, 5, 5, 6, 2, 4, 2, 5, 2, 2, 0, 0, 2, 3, 3, 2, 0, 1, 2, 5, 0, 2, 5, 3, 2, 3, 0, 2, 4, 2, 4, 1, 334
D locrian (2#), 3, 5, 5, 2, 1, 3, 2, 1, 4, 2, 1, 0, 0, 0, 1, 1, 0, 1, 3, 1, 4, 4, 2, 2, 4, 4, 2, 0,  , 1, 1, 2, 5, 2, 1, 2, 3, 2, 1, 3, 1, 1, 1, 3, 1, 3, 1, 1,  , 6, 3, 4, 6, 2, 2, 4, 4, 0, 4, 2, 0, 2, 5, 4, 6, 4, 1,  , 1, 1, 1, 3, 4, 1, 1, 1, 1, 4, 5, 5, 3, 1, 1, 2, 4, 1, 4, 6, 4, 2, 0, 3, 1, 4, 2, 2,  , 1, 1, 1, 5, 2, 3, 2, 2, 5, 3, 1, 2, 2, 1, 1, 0, 3, 5, 5, 6, 2, 4, 2, 5, 2, 2, 0, 0, 2, 3, 3, 2, 0, 1, 2, 5, 0, 2, 5, 3, 2, 3, 0, 2, 4, 2, 4, 1, 334
Eb major (3b), 3, 5, 5, 2, 1, 3, 2, 1, 4, 2, 1, 0, 0, 0, 1, 1, 0, 1, 3, 1, 4, 4, 2, 2, 4, 4, 2, 0,  , 1, 1, 2, 5, 2, 1, 2, 3, 2, 1, 3, 1, 1, 1, 3, 1, 3, 1, 1,  , 6, 3, 4, 6, 2, 2, 4, 4, 0, 4, 2, 0, 2, 5, 4, 6, 4, 1,  , 1, 1, 1, 3, 4, 1, 1, 1, 1, 4, 5, 5, 3, 1, 1, 2, 4, 1, 4, 6, 4, 2, 0, 3, 1, 4, 2, 2,  , 1, 1, 1, 5, 2, 3, 2, 2, 5, 3, 1, 2, 2, 1, 1, 0, 3, 5, 5, 6, 2, 4, 2, 5, 2, 2, 0, 0, 2, 3, 3, 2, 0, 1, 2, 5, 0, 2, 5, 3, 2, 3, 0, 2, 4, 2, 4, 1, 334
A major (3#), 2, 4, 4, 1, 1, 2, 1, 1, 4, 1, 2, 0, 0, 0, 0, 0, 0, 0, 2, 2, 5, 3, 1, 2, 2, 4, 1, 0,  , 1, 2, 1, 3, 2, 0, 2, 3, 1, 0, 3, 1, 0, 0, 2, 0, 4, 0, 0,  , 5, 4, 3, 5, 2, 3, 5, 4, 0, 5, 3, 1, 2, 3, 3, 5, 3, 0,  , 0, 0, 0, 2, 5, 0, 0, 0, 1, 5, 4, 3, 3, 0, 0, 3, 3, 0, 3, 5, 3, 1, 0, 2, 0, 3, 3, 1,  , 0, 0, 1, 3, 1, 2, 2, 2, 3, 2, 0, 2, 3, 0, 0, 0, 4, 4, 4, 5, 3, 5, 2, 6, 3, 2, 1, 1, 3, 2, 4, 3, 0, 1, 2, 4, 0, 1, 5, 3, 1, 2, 0, 1, 5, 1, 3, 0, 278
C minor (3b), 2, 5, 5, 3, 1, 5, 3, 2, 4, 3, 2, 1, 0, 1, 1, 2, 0, 2, 3, 1, 3, 8, 3, 3, 5, 4, 3, 0,  , 1, 2, 3, 6, 4, 1, 2, 2, 2, 2, 5, 0, 2, 1, 3, 1, 3, 2, 2,  , 5, 3, 3, 5, 3, 1, 3, 4, 0, 3, 2, 0, 1, 3, 6, 5, 3, 2,  , 1, 1, 1, 2, 4, 1, 2, 1, 1, 5, 4, 3, 4, 1, 1, 2, 4, 2, 3, 5, 3, 3, 1, 3, 2, 3, 3, 3,  , 2, 2, 2, 4, 3, 4, 3, 1, 4, 3, 1, 1, 3, 1, 2, 1, 3, 4, 4, 5, 1, 3, 2, 5, 2, 1, 0, 0, 1, 3, 3, 3, 0, 2, 2, 3, 0, 2, 5, 2, 3, 3, 1, 2, 4, 3, 3, 2, 354
F# minor (3#), 3, 5, 3, 1, 1, 4, 1, 1, 4, 1, 2, 0, 0, 0, 0, 0, 0, 0, 2, 3, 4, 6, 2, 2, 3, 4, 1, 0,  , 1, 3, 1, 5, 3, 0, 2, 4, 2, 0, 4, 1, 0, 0, 2, 0, 5, 0, 0,  , 5, 4, 4, 5, 2, 3, 4, 3, 0, 5, 3, 1, 1, 3, 4, 4, 2, 0,  , 0, 0, 0, 2, 6, 0, 0, 0, 1, 6, 5, 3, 3, 0, 0, 3, 3, 0, 3, 4, 2, 1, 0, 2, 0, 4, 3, 1,  , 0, 0, 1, 4, 1, 3, 2, 1, 4, 1, 0, 1, 3, 0, 0, 0, 4, 4, 4, 5, 3, 4, 2, 3, 3, 2, 1, 1, 2, 1, 5, 2, 0, 1, 2, 2, 0, 1, 4, 2, 1, 2, 0, 1, 6, 2, 4, 0, 286
C minor mel (3b), 2, 5, 6, 4, 1, 6, 5, 3, 5, 6, 3, 1, 0, 1, 1, 2, 0, 2, 4, 2, 4, 7, 4, 3, 6, 5, 6, 0,  , 2, 3, 3, 6, 7, 1, 2, 3, 5, 3, 5, 0, 2, 1, 4, 2, 4, 2, 4,  , 3, 4, 4, 4, 4, 1, 2, 2, 0, 4, 2, 0, 1, 4, 6, 4, 5, 2,  , 1, 1, 1, 3, 4, 1, 4, 2, 1, 6, 3, 3, 5, 1, 1, 4, 5, 2, 4, 4, 5, 5, 1, 2, 3, 4, 4, 4,  , 2, 2, 2, 5, 4, 6, 3, 1, 4, 3, 2, 2, 3, 2, 4, 1, 3, 4, 4, 4, 1, 4, 2, 2, 3, 2, 0, 0, 1, 5, 4, 4, 0, 2, 3, 5, 0, 2, 3, 1, 3, 4, 1, 2, 4, 4, 2, 2, 416
F# minor mel (3#), 3, 5, 5, 2, 1, 3, 2, 1, 4, 2, 1, 0, 0, 0, 1, 1, 0, 1, 3, 1, 4, 4, 2, 2, 4, 4, 2, 0,  , 1, 1, 2, 5, 2, 1, 2, 3, 2, 1, 3, 1, 1, 1, 3, 1, 3, 1, 1,  , 6, 3, 4, 6, 2, 2, 4, 4, 0, 4, 2, 0, 2, 5, 4, 6, 4, 1,  , 1, 1, 1, 3, 4, 1, 1, 1, 1, 4, 5, 5, 3, 1, 1, 2, 4, 1, 4, 6, 4, 2, 0, 3, 1, 4, 2, 2,  , 1, 1, 1, 5, 2, 3, 2, 2, 5, 3, 1, 2, 2, 1, 1, 0, 3, 5, 5, 6, 2, 4, 2, 5, 2, 2, 0, 0, 2, 3, 3, 2, 0, 1, 2, 5, 0, 2, 5, 3, 2, 3, 0, 2, 4, 2, 4, 1, 334
Eb major blues (3b), 3, 5, 5, 2, 1, 5, 4, 2, 5, 3, 1, 0, 0, 0, 1, 1, 0, 1, 3, 2, 5, 7, 3, 2, 5, 5, 3, 0,  , 2, 2, 2, 5, 6, 1, 2, 4, 3, 1, 4, 1, 1, 1, 3, 1, 4, 1, 1,  , 6, 4, 5, 6, 3, 2, 3, 2, 0, 4, 2, 0, 2, 4, 6, 5, 4, 1,  , 1, 1, 1, 3, 5, 1, 1, 1, 1, 6, 4, 4, 4, 1, 1, 3, 4, 1, 5, 5, 4, 2, 0, 2, 1, 5, 3, 3,  , 1, 1, 1, 6, 3, 5, 2, 1, 5, 2, 1, 2, 2, 1, 1, 0, 3, 5, 5, 6, 2, 4, 2, 2, 2, 3, 0, 0, 2, 2, 4, 3, 0, 1, 3, 3, 0, 2, 4, 2, 2, 3, 0, 2, 5, 3, 3, 1, 364
A major blues (3#), 3, 5, 5, 2, 1, 5, 4, 2, 5, 3, 1, 0, 0, 0, 1, 1, 0, 1, 3, 2, 5, 7, 3, 2, 5, 5, 3, 0,  , 2, 2, 2, 5, 6, 1, 2, 4, 3, 1, 4, 1, 1, 1, 3, 1, 4, 1, 1,  , 6, 4, 5, 6, 3, 2, 3, 2, 0, 4, 2, 0, 2, 4, 6, 5, 4, 1,  , 1, 1, 1, 3, 5, 1, 1, 1, 1, 6, 4, 4, 4, 1, 1, 3, 4, 1, 5, 5, 4, 2, 0, 2, 1, 5, 3, 3,  , 1, 1, 1, 6, 3, 5, 2, 1, 5, 2, 1, 2, 2, 1, 1, 0, 3, 5, 5, 6, 2, 4, 2, 2, 2, 3, 0, 0, 2, 2, 4, 3, 0, 1, 3, 3, 0, 2, 4, 2, 2, 3, 0, 2, 5, 3, 3, 1, 364
C minor blues (3b), 3, 5, 5, 2, 1, 3, 2, 1, 4, 2, 1, 0, 0, 0, 1, 1, 0, 1, 3, 1, 4, 4, 2, 2, 4, 4, 2, 0,  , 1, 1, 2, 5, 2, 1, 2, 3, 2, 1, 3, 1, 1, 1, 3, 1, 3, 1, 1,  , 6, 3, 4, 6, 2, 2, 4, 4, 0, 4, 2, 0, 2, 5, 4, 6, 4, 1,  , 1, 1, 1, 3, 4, 1, 1, 1, 1, 4, 5, 5, 3, 1, 1, 2, 4, 1, 4, 6, 4, 2, 0, 3, 1, 4, 2, 2,  , 1, 1, 1, 5, 2, 3, 2, 2, 5, 3, 1, 2, 2, 1, 1, 0, 3, 5, 5, 6, 2, 4, 2, 5, 2, 2, 0, 0, 2, 3, 3, 2, 0, 1, 2, 5, 0, 2, 5, 3, 2, 3, 0, 2, 4, 2, 4, 1, 334
F# minor blues (3#), 3, 5, 5, 2, 1, 5, 4, 2, 5, 3, 1, 0, 0, 0, 1, 1, 0, 1, 3, 2, 5, 7, 3, 2, 5, 5, 3, 0,  , 2, 2, 2, 5, 6, 1, 2, 4, 3, 1, 4, 1, 1, 1, 3, 1, 4, 1, 1,  , 6, 4, 5, 6, 3, 2, 3, 2, 0, 4, 2, 0, 2, 4, 6, 5, 4, 1,  , 1, 1, 1, 3, 5, 1, 1, 1, 1, 6, 4, 4, 4, 1, 1, 3, 4, 1, 5, 5, 4, 2, 0, 2, 1, 5, 3, 3,  , 1, 1, 1, 6, 3, 5, 2, 1, 5, 2, 1, 2, 2, 1, 1, 0, 3, 5, 5, 6, 2, 4, 2, 2, 2, 3, 0, 0, 2, 2, 4, 3, 0, 1, 3, 3, 0, 2, 4, 2, 2, 3, 0, 2, 5, 3, 3, 1, 364
Eb dorian (3b), 3, 5, 5, 2, 1, 3, 2, 1, 4, 2, 1, 0, 0, 0, 1, 1, 0, 1, 3, 1, 4, 4, 2, 2, 4, 4, 2, 0,  , 1, 1, 2, 5, 2, 1, 2, 3, 2, 1, 3, 1, 1, 1, 3, 1, 3, 1, 1,  , 6, 3, 4, 6, 2, 2, 4, 4, 0, 4, 2, 0, 2, 5, 4, 6, 4, 1,  , 1, 1, 1, 3, 4, 1, 1, 1, 1, 4, 5, 5, 3, 1, 1, 2, 4, 1, 4, 6, 4, 2, 0, 3, 1, 4, 2, 2,  , 1, 1, 1, 5, 2, 3, 2, 2, 5, 3, 1, 2, 2, 1, 1, 0, 3, 5, 5, 6, 2, 4, 2, 5, 2, 2, 0, 0, 2, 3, 3, 2, 0, 1, 2, 5, 0, 2, 5, 3, 2, 3, 0, 2, 4, 2, 4, 1, 334
A dorian (3#), 3, 5, 5, 2, 1, 3, 2, 1, 4, 2, 1, 0, 0, 0, 1, 1, 0, 1, 3, 1, 4, 4, 2, 2, 4, 4, 2, 0,  , 1, 1, 2, 5, 2, 1, 2, 3, 2, 1, 3, 1, 1, 1, 3, 1, 3, 1, 1,  , 6, 3, 4, 6, 2, 2, 4, 4, 0, 4, 2, 0, 2, 5, 4, 6, 4, 1,  , 1, 1, 1, 3, 4, 1, 1, 1, 1, 4, 5, 5, 3, 1, 1, 2, 4, 1, 4, 6, 4, 2, 0, 3, 1, 4, 2, 2,  , 1, 1, 1, 5, 2, 3, 2, 2, 5, 3, 1, 2, 2, 1, 1, 0, 3, 5, 5, 6, 2, 4, 2, 5, 2, 2, 0, 0, 2, 3, 3, 2, 0, 1, 2, 5, 0, 2, 5, 3, 2, 3, 0, 2, 4, 2, 4, 1, 334
Eb phrygian (3b), 3, 5, 5, 2, 1, 3, 2, 1, 4, 2, 1, 0, 0, 0, 1, 1, 0, 1, 3, 1, 4, 4, 2, 2, 4, 4, 2, 0,  , 1, 1, 2, 5, 2, 1, 2, 3, 2, 1, 3, 1, 1, 1, 3, 1, 3, 1, 1,  , 6, 3, 4, 6, 2, 2, 4, 4, 0, 4, 2, 0, 2, 5, 4, 6, 4, 1,  , 1, 1, 1, 3, 4, 1, 1, 1, 1, 4, 5, 5, 3, 1, 1, 2, 4, 1, 4, 6, 4, 2, 0, 3, 1, 4, 2, 2,  , 1, 1, 1, 5, 2, 3, 2, 2, 5, 3, 1, 2, 2, 1, 1, 0, 3, 5, 5, 6, 2, 4, 2, 5, 2, 2, 0, 0, 2, 3, 3, 2, 0, 1, 2, 5, 0, 2, 5, 3, 2, 3, 0, 2, 4, 2, 4, 1, 334
A phrygian (3#), 3, 5, 5, 2, 1, 3, 2, 1, 4, 2, 1, 0, 0, 0, 1, 1, 0, 1, 3, 1, 4, 4, 2, 2, 4, 4, 2, 0,  , 1, 1, 2, 5, 2, 1, 2, 3, 2, 1, 3, 1, 1, 1, 3, 1, 3, 1, 1,  , 6, 3, 4, 6, 2, 2, 4, 4, 0, 4, 2, 0, 2, 5, 4, 6, 4, 1,  , 1, 1, 1, 3, 4, 1, 1, 1, 1, 4, 5, 5, 3, 1, 1, 2, 4, 1, 4, 6, 4, 2, 0, 3, 1, 4, 2, 2,  , 1, 1, 1, 5, 2, 3, 2, 2, 5, 3, 1, 2, 2, 1, 1, 0, 3, 5, 5, 6, 2, 4, 2, 5, 2, 2, 0, 0, 2, 3, 3, 2, 0, 1, 2, 5, 0, 2, 5, 3, 2, 3, 0, 2, 4, 2, 4, 1, 334
Eb lydian (3b), 3, 5, 5, 2, 1, 3, 2, 1, 4, 2, 1, 0, 0, 0, 1, 1, 0, 1, 3, 1, 4, 4, 2, 2, 4, 4, 2, 0,  , 1, 1, 2, 5, 2, 1, 2, 3, 2, 1, 3, 1, 1, 1, 3, 1, 3, 1, 1,  , 6, 3, 4, 6, 2, 2, 4, 4, 0, 4, 2, 0, 2, 5, 4, 6, 4, 1,  , 1, 1, 1, 3, 4, 1, 1, 1, 1, 4, 5, 5, 3, 1, 1, 2, 4, 1, 4, 6, 4, 2, 0, 3, 1, 4, 2, 2,  , 1, 1, 1, 5, 2, 3, 2, 2, 5, 3, 1, 2, 2, 1, 1, 0, 3, 5, 5, 6, 2, 4, 2, 5, 2, 2, 0, 0, 2, 3, 3, 2, 0, 1, 2, 5, 0, 2, 5, 3, 2, 3, 0, 2, 4, 2, 4, 1, 334
A lydian (3#), 3, 5, 5, 2, 1, 3, 2, 1, 4, 2, 1, 0, 0, 0, 1, 1, 0, 1, 3, 1, 4, 4, 2, 2, 4, 4, 2, 0,  , 1, 1, 2, 5, 2, 1, 2, 3, 2, 1, 3, 1, 1, 1, 3, 1, 3, 1, 1,  , 6, 3, 4, 6, 2, 2, 4, 4, 0, 4, 2, 0, 2, 5, 4, 6, 4, 1,  , 1, 1, 1, 3, 4, 1, 1, 1, 1, 4, 5, 5, 3, 1, 1, 2, 4, 1, 4, 6, 4, 2, 0, 3, 1, 4, 2, 2,  , 1, 1, 1, 5, 2, 3, 2, 2, 5, 3, 1, 2, 2, 1, 1, 0, 3, 5, 5, 6, 2, 4, 2, 5, 2, 2, 0, 0, 2, 3, 3, 2, 0, 1, 2, 5, 0, 2, 5, 3, 2, 3, 0, 2, 4, 2, 4, 1, 334
Eb mixolydian (3b), 2, 4, 4, 1, 1, 2, 1, 1, 4, 1, 2, 0, 0, 0, 0, 0, 0, 0, 2, 2, 5, 3, 1, 2, 2, 4, 1, 0,  , 1, 2, 1, 3, 2, 0, 2, 3, 1, 0, 3, 1, 0, 0, 2, 0, 4, 0, 0,  , 5, 4, 3, 5, 2, 3, 5, 4, 0, 5, 3, 1, 2, 3, 3, 5, 3, 0,  , 0, 0, 0, 2, 5, 0, 0, 0, 1, 5, 4, 3, 3, 0, 0, 3, 3, 0, 3, 5, 3, 1, 0, 2, 0, 3, 3, 1,  , 0, 0, 1, 3, 1, 2, 2, 2, 3, 2, 0, 2, 3, 0, 0, 0, 4, 4, 4, 5, 3, 5, 2, 6, 3, 2, 1, 1, 3, 2, 4, 3, 0, 1, 2, 4, 0, 1, 5, 3, 1, 2, 0, 1, 5, 1, 3, 0, 278
A mixolydian (3#), 2, 5, 5, 3, 1, 5, 3, 2, 4, 3, 2, 1, 0, 1, 1, 2, 0, 2, 3, 1, 3, 8, 3, 3, 5, 4, 3, 0,  , 1, 2, 3, 6, 4, 1, 2, 2, 2, 2, 5, 0, 2, 1, 3, 1, 3, 2, 2,  , 5, 3, 3, 5, 3, 1, 3, 4, 0, 3, 2, 0, 1, 3, 6, 5, 3, 2,  , 1, 1, 1, 2, 4, 1, 2, 1, 1, 5, 4, 3, 4, 1, 1, 2, 4, 2, 3, 5, 3, 3, 1, 3, 2, 3, 3, 3,  , 2, 2, 2, 4, 3, 4, 3, 1, 4, 3, 1, 1, 3, 1, 2, 1, 3, 4, 4, 5, 1, 3, 2, 5, 2, 1, 0, 0, 1, 3, 3, 3, 0, 2, 2, 3, 0, 2, 5, 2, 3, 3, 1, 2, 4, 3, 3, 2, 354
Eb aeolian (3b), 3, 5, 3, 1, 1, 4, 1, 1, 4, 1, 2, 0, 0, 0, 0, 0, 0, 0, 2, 3, 4, 6, 2, 2, 3, 4, 1, 0,  , 1, 3, 1, 5, 3, 0, 2, 4, 2, 0, 4, 1, 0, 0, 2, 0, 5, 0, 0,  , 5, 4, 4, 5, 2, 3, 4, 3, 0, 5, 3, 1, 1, 3, 4, 4, 2, 0,  , 0, 0, 0, 2, 6, 0, 0, 0, 1, 6, 5, 3, 3, 0, 0, 3, 3, 0, 3, 4, 2, 1, 0, 2, 0, 4, 3, 1,  , 0, 0, 1, 4, 1, 3, 2, 1, 4, 1, 0, 1, 3, 0, 0, 0, 4, 4, 4, 5, 3, 4, 2, 3, 3, 2, 1, 1, 2, 1, 5, 2, 0, 1, 2, 2, 0, 1, 4, 2, 1, 2, 0, 1, 6, 2, 4, 0, 286
A aeolian (3#), 2, 5, 6, 4, 1, 6, 5, 3, 5, 6, 3, 1, 0, 1, 1, 2, 0, 2, 4, 2, 4, 7, 4, 3, 6, 5, 6, 0,  , 2, 3, 3, 6, 7, 1, 2, 3, 5, 3, 5, 0, 2, 1, 4, 2, 4, 2, 4,  , 3, 4, 4, 4, 4, 1, 2, 2, 0, 4, 2, 0, 1, 4, 6, 4, 5, 2,  , 1, 1, 1, 3, 4, 1, 4, 2, 1, 6, 3, 3, 5, 1, 1, 4, 5, 2, 4, 4, 5, 5, 1, 2, 3, 4, 4, 4,  , 2, 2, 2, 5, 4, 6, 3, 1, 4, 3, 2, 2, 3, 2, 4, 1, 3, 4, 4, 4, 1, 4, 2, 2, 3, 2, 0, 0, 1, 5, 4, 4, 0, 2, 3, 5, 0, 2, 3, 1, 3, 4, 1, 2, 4, 4, 2, 2, 416
Eb locrian (3b), 3, 5, 5, 2, 1, 3, 2, 1, 4, 2, 1, 0, 0, 0, 1, 1, 0, 1, 3, 1, 4, 4, 2, 2, 4, 4, 2, 0,  , 1, 1, 2, 5, 2, 1, 2, 3, 2, 1, 3, 1, 1, 1, 3, 1, 3, 1, 1,  , 6, 3, 4, 6, 2, 2, 4, 4, 0, 4, 2, 0, 2, 5, 4, 6, 4, 1,  , 1, 1, 1, 3, 4, 1, 1, 1, 1, 4, 5, 5, 3, 1, 1, 2, 4, 1, 4, 6, 4, 2, 0, 3, 1, 4, 2, 2,  , 1, 1, 1, 5, 2, 3, 2, 2, 5, 3, 1, 2, 2, 1, 1, 0, 3, 5, 5, 6, 2, 4, 2, 5, 2, 2, 0, 0, 2, 3, 3, 2, 0, 1, 2, 5, 0, 2, 5, 3, 2, 3, 0, 2, 4, 2, 4, 1, 334
A locrian (3#), 3, 5, 5, 2, 1, 5, 4, 2, 5, 3, 1, 0, 0, 0, 1, 1, 0, 1, 3, 2, 5, 7, 3, 2, 5, 5, 3, 0,  , 2, 2, 2, 5, 6, 1, 2, 4, 3, 1, 4, 1, 1, 1, 3, 1, 4, 1, 1,  , 6, 4, 5, 6, 3, 2, 3, 2, 0, 4, 2, 0, 2, 4, 6, 5, 4, 1,  , 1, 1, 1, 3, 5, 1, 1, 1, 1, 6, 4, 4, 4, 1, 1, 3, 4, 1, 5, 5, 4, 2, 0, 2, 1, 5, 3, 3,  , 1, 1, 1, 6, 3, 5, 2, 1, 5, 2, 1, 2, 2, 1, 1, 0, 3, 5, 5, 6, 2, 4, 2, 2, 2, 3, 0, 0, 2, 2, 4, 3, 0, 1, 3, 3, 0, 2, 4, 2, 2, 3, 0, 2, 5, 3, 3, 1, 364
Ab major (4b), 3, 5, 5, 2, 1, 5, 4, 2, 5, 3, 1, 0, 0, 0, 1, 1, 0, 1, 3, 2, 5, 7, 3, 2, 5, 5, 3, 0,  , 2, 2, 2, 5, 6, 1, 2, 4, 3, 1, 4, 1, 1, 1, 3, 1, 4, 1, 1,  , 6, 4, 5, 6, 3, 2, 3, 2, 0, 4, 2, 0, 2, 4, 6, 5, 4, 1,  , 1, 1, 1, 3, 5, 1, 1, 1, 1, 6, 4, 4, 4, 1, 1, 3, 4, 1, 5, 5, 4, 2, 0, 2, 1, 5, 3, 3,  , 1, 1, 1, 6, 3, 5, 2, 1, 5, 2, 1, 2, 2, 1, 1, 0, 3, 5, 5, 6, 2, 4, 2, 2, 2, 3, 0, 0, 2, 2, 4, 3, 0, 1, 3, 3, 0, 2, 4, 2, 2, 3, 0, 2, 5, 3, 3, 1, 364
E major (4#), 3, 5, 5, 2, 1, 3, 2, 1, 4, 2, 1, 0, 0, 0, 1, 1, 0, 1, 3, 1, 4, 4, 2, 2, 4, 4, 2, 0,  , 1, 1, 2, 5, 2, 1, 2, 3, 2, 1, 3, 1, 1, 1, 3, 1, 3, 1, 1,  , 6, 3, 4, 6, 2, 2, 4, 4, 0, 4, 2, 0, 2, 5, 4, 6, 4, 1,  , 1, 1, 1, 3, 4, 1, 1, 1, 1, 4, 5, 5, 3, 1, 1, 2, 4, 1, 4, 6, 4, 2, 0, 3, 1, 4, 2, 2,  , 1, 1, 1, 5, 2, 3, 2, 2, 5, 3, 1, 2, 2, 1, 1, 0, 3, 5, 5, 6, 2, 4, 2, 5, 2, 2, 0, 0, 2, 3, 3, 2, 0, 1, 2, 5, 0, 2, 5, 3, 2, 3, 0, 2, 4, 2, 4, 1, 334
F minor (4b), 3, 5, 5, 2, 1, 5, 4, 2, 5, 3, 1, 0, 0, 0, 1, 1, 0, 1, 3, 2, 5, 7, 3, 2, 5, 5, 3, 0,  , 2, 2, 2, 5, 6, 1, 2, 4, 3, 1, 4, 1, 1, 1, 3, 1, 4, 1, 1,  , 6, 4, 5, 6, 3, 2, 3, 2, 0, 4, 2, 0, 2, 4, 6, 5, 4, 1,  , 1, 1, 1, 3, 5, 1, 1, 1, 1, 6, 4, 4, 4, 1, 1, 3, 4, 1, 5, 5, 4, 2, 0, 2, 1, 5, 3, 3,  , 1, 1, 1, 6, 3, 5, 2, 1, 5, 2, 1, 2, 2, 1, 1, 0, 3, 5, 5, 6, 2, 4, 2, 2, 2, 3, 0, 0, 2, 2, 4, 3, 0, 1, 3, 3, 0, 2, 4, 2, 2, 3, 0, 2, 5, 3, 3, 1, 364
C# minor (4#), 3, 5, 5, 2, 1, 3, 2, 1, 4, 2, 1, 0, 0, 0, 1, 1, 0, 1, 3, 1, 4, 4, 2, 2, 4, 4, 2, 0,  , 1, 1, 2, 5, 2, 1, 2, 3, 2, 1, 3, 1, 1, 1, 3, 1, 3, 1, 1,  , 6, 3, 4, 6, 2, 2, 4, 4, 0, 4, 2, 0, 2, 5, 4, 6, 4, 1,  , 1, 1, 1, 3, 4, 1, 1, 1, 1, 4, 5, 5, 3, 1, 1, 2, 4, 1, 4, 6, 4, 2, 0, 3, 1, 4, 2, 2,  , 1, 1, 1, 5, 2, 3, 2, 2, 5, 3, 1, 2, 2, 1, 1, 0, 3, 5, 5, 6, 2, 4, 2, 5, 2, 2, 0, 0, 2, 3, 3, 2, 0, 1, 2, 5, 0, 2, 5, 3, 2, 3, 0, 2, 4, 2, 4, 1, 334
F minor mel (4b), 3, 5, 5, 2, 1, 3, 2, 1, 4, 2, 1, 0, 0, 0, 1, 1, 0, 1, 3, 1, 4, 4, 2, 2, 4, 4, 2, 0,  , 1, 1, 2, 5, 2, 1, 2, 3, 2, 1, 3, 1, 1, 1, 3, 1, 3, 1, 1,  , 6, 3, 4, 6, 2, 2, 4, 4, 0, 4, 2, 0, 2, 5, 4, 6, 4, 1,  , 1, 1, 1, 3, 4, 1, 1, 1, 1, 4, 5, 5, 3, 1, 1, 2, 4, 1, 4, 6, 4, 2, 0, 3, 1, 4, 2, 2,  , 1, 1, 1, 5, 2, 3, 2, 2, 5, 3, 1, 2, 2, 1, 1, 0, 3, 5, 5, 6, 2, 4, 2, 5, 2, 2, 0, 0, 2, 3, 3, 2, 0, 1, 2, 5, 0, 2, 5, 3, 2, 3, 0, 2, 4, 2, 4, 1, 334
C# minor mel (4#), 3, 5, 5, 2, 1, 3, 2, 1, 4, 2, 1, 0, 0, 0, 1, 1, 0, 1, 3, 1, 4, 4, 2, 2, 4, 4, 2, 0,  , 1, 1, 2, 5, 2, 1, 2, 3, 2, 1, 3, 1, 1, 1, 3, 1, 3, 1, 1,  , 6, 3, 4, 6, 2, 2, 4, 4, 0, 4, 2, 0, 2, 5, 4, 6, 4, 1,  , 1, 1, 1, 3, 4, 1, 1, 1, 1, 4, 5, 5, 3, 1, 1, 2, 4, 1, 4, 6, 4, 2, 0, 3, 1, 4, 2, 2,  , 1, 1, 1, 5, 2, 3, 2, 2, 5, 3, 1, 2, 2, 1, 1, 0, 3, 5, 5, 6, 2, 4, 2, 5, 2, 2, 0, 0, 2, 3, 3, 2, 0, 1, 2, 5, 0, 2, 5, 3, 2, 3, 0, 2, 4, 2, 4, 1, 334
Ab major blues (4b), 3, 5, 5, 2, 1, 3, 2, 1, 4, 2, 1, 0, 0, 0, 1, 1, 0, 1, 3, 1, 4, 4, 2, 2, 4, 4, 2, 0,  , 1, 1, 2, 5, 2, 1, 2, 3, 2, 1, 3, 1, 1, 1, 3, 1, 3, 1, 1,  , 6, 3, 4, 6, 2, 2, 4, 4, 0, 4, 2, 0, 2, 5, 4, 6, 4, 1,  , 1, 1, 1, 3, 4, 1, 1, 1, 1, 4, 5, 5, 3, 1, 1, 2, 4, 1, 4, 6, 4, 2, 0, 3, 1, 4, 2, 2,  , 1, 1, 1, 5, 2, 3, 2, 2, 5, 3, 1, 2, 2, 1, 1, 0, 3, 5, 5, 6, 2, 4, 2, 5, 2, 2, 0, 0, 2, 3, 3, 2, 0, 1, 2, 5, 0, 2, 5, 3, 2, 3, 0, 2, 4, 2, 4, 1, 334
E major blues (4#), 3, 5, 5, 2, 1, 3, 2, 1, 4, 2, 1, 0, 0, 0, 1, 1, 0, 1, 3, 1, 4, 4, 2, 2, 4, 4, 2, 0,  , 1, 1, 2, 5, 2, 1, 2, 3, 2, 1, 3, 1, 1, 1, 3, 1, 3, 1, 1,  , 6, 3, 4, 6, 2, 2, 4, 4, 0, 4, 2, 0, 2, 5, 4, 6, 4, 1,  , 1, 1, 1, 3, 4, 1, 1, 1, 1, 4, 5, 5, 3, 1, 1, 2, 4, 1, 4, 6, 4, 2, 0, 3, 1, 4, 2, 2,  , 1, 1, 1, 5, 2, 3, 2, 2, 5, 3, 1, 2, 2, 1, 1, 0, 3, 5, 5, 6, 2, 4, 2, 5, 2, 2, 0, 0, 2, 3, 3, 2, 0, 1, 2, 5, 0, 2, 5, 3, 2, 3, 0, 2, 4, 2, 4, 1, 334
F minor blues (4b), 3, 5, 5, 2, 1, 3, 2, 1, 4, 2, 1, 0, 0, 0, 1, 1, 0, 1, 3, 1, 4, 4, 2, 2, 4, 4, 2, 0,  , 1, 1, 2, 5, 2, 1, 2, 3, 2, 1, 3, 1, 1, 1, 3, 1, 3, 1, 1,  , 6, 3, 4, 6, 2, 2, 4, 4, 0, 4, 2, 0, 2, 5, 4, 6, 4, 1,  , 1, 1, 1, 3, 4, 1, 1, 1, 1, 4, 5, 5, 3, 1, 1, 2, 4, 1, 4, 6, 4, 2, 0, 3, 1, 4, 2, 2,  , 1, 1, 1, 5, 2, 3, 2, 2, 5, 3, 1, 2, 2, 1, 1, 0, 3, 5, 5, 6, 2, 4, 2, 5, 2, 2, 0, 0, 2, 3, 3, 2, 0, 1, 2, 5, 0, 2, 5, 3, 2, 3, 0, 2, 4, 2, 4, 1, 334
C# minor blues (4#), 2, 4, 4, 1, 1, 2, 1, 1, 4, 1, 2, 0, 0, 0, 0, 0, 0, 0, 2, 2, 5, 3, 1, 2, 2, 4, 1, 0,  , 1, 2, 1, 3, 2, 0, 2, 3, 1, 0, 3, 1, 0, 0, 2, 0, 4, 0, 0,  , 5, 4, 3, 5, 2, 3, 5, 4, 0, 5, 3, 1, 2, 3, 3, 5, 3, 0,  , 0, 0, 0, 2, 5, 0, 0, 0, 1, 5, 4, 3, 3, 0, 0, 3, 3, 0, 3, 5, 3, 1, 0, 2, 0, 3, 3, 1,  , 0, 0, 1, 3, 1, 2, 2, 2, 3, 2, 0, 2, 3, 0, 0, 0, 4, 4, 4, 5, 3, 5, 2, 6, 3, 2, 1, 1, 3, 2, 4, 3, 0, 1, 2, 4, 0, 1, 5, 3, 1, 2, 0, 1, 5, 1, 3, 0, 278
Ab dorian (4b), 2, 5, 5, 3, 1, 5, 3, 2, 4, 3, 2, 1, 0, 1, 1, 2, 0, 2, 3, 1, 3, 8, 3, 3, 5, 4, 3, 0,  , 1, 2, 3, 6, 4, 1, 2, 2, 2, 2, 5, 0, 2, 1, 3, 1, 3, 2, 2,  , 5, 3, 3, 5, 3, 1, 3, 4, 0, 3, 2, 0, 1, 3, 6, 5, 3, 2,  , 1, 1, 1, 2, 4, 1, 2, 1, 1, 5, 4, 3, 4, 1, 1, 2, 4, 2, 3, 5, 3, 3, 1, 3, 2, 3, 3, 3,  , 2, 2, 2, 4, 3, 4, 3, 1, 4, 3, 1, 1, 3, 1, 2, 1, 3, 4, 4, 5, 1, 3, 2, 5, 2, 1, 0, 0, 1, 3, 3, 3, 0, 2, 2, 3, 0, 2, 5, 2, 3, 3, 1, 2, 4, 3, 3, 2, 354
E dorian (4#), 3, 5, 3, 1, 1, 4, 1, 1, 4, 1, 2, 0, 0, 0, 0, 0, 0, 0, 2, 3, 4, 6, 2, 2, 3, 4, 1, 0,  , 1, 3, 1, 5, 3, 0, 2, 4, 2, 0, 4, 1, 0, 0, 2, 0, 5, 0, 0,  , 5, 4, 4, 5, 2, 3, 4, 3, 0, 5, 3, 1, 1, 3, 4, 4, 2, 0,  , 0, 0, 0, 2, 6, 0, 0, 0, 1, 6, 5, 3, 3, 0, 0, 3, 3, 0, 3, 4, 2, 1, 0, 2, 0, 4, 3, 1,  , 0, 0, 1, 4, 1, 3, 2, 1, 4, 1, 0, 1, 3, 0, 0, 0, 4, 4, 4, 5, 3, 4, 2, 3, 3, 2, 1, 1, 2, 1, 5, 2, 0, 1, 2, 2, 0, 1, 4, 2, 1, 2, 0, 1, 6, 2, 4, 0, 286
Ab phrygian (4b), 2, 5, 6, 4, 1, 6, 5, 3, 5, 6, 3, 1, 0, 1, 1, 2, 0, 2, 4, 2, 4, 7, 4, 3, 6, 5, 6, 0,  , 2, 3, 3, 6, 7, 1, 2, 3, 5, 3, 5, 0, 2, 1, 4, 2, 4, 2, 4,  , 3, 4, 4, 4, 4, 1, 2, 2, 0, 4, 2, 0, 1, 4, 6, 4, 5, 2,  , 1, 1, 1, 3, 4, 1, 4, 2, 1, 6, 3, 3, 5, 1, 1, 4, 5, 2, 4, 4, 5, 5, 1, 2, 3, 4, 4, 4,  , 2, 2, 2, 5, 4, 6, 3, 1, 4, 3, 2, 2, 3, 2, 4, 1, 3, 4, 4, 4, 1, 4, 2, 2, 3, 2, 0, 0, 1, 5, 4, 4, 0, 2, 3, 5, 0, 2, 3, 1, 3, 4, 1, 2, 4, 4, 2, 2, 416
E phrygian (4#), 3, 5, 5, 2, 1, 3, 2, 1, 4, 2, 1, 0, 0, 0, 1, 1, 0, 1, 3, 1, 4, 4, 2, 2, 4, 4, 2, 0,  , 1, 1, 2, 5, 2, 1, 2, 3, 2, 1, 3, 1, 1, 1, 3, 1, 3, 1, 1,  , 6, 3, 4, 6, 2, 2, 4, 4, 0, 4, 2, 0, 2, 5, 4, 6, 4, 1,  , 1, 1, 1, 3, 4, 1, 1, 1, 1, 4, 5, 5, 3, 1, 1, 2, 4, 1, 4, 6, 4, 2, 0, 3, 1, 4, 2, 2,  , 1, 1, 1, 5, 2, 3, 2, 2, 5, 3, 1, 2, 2, 1, 1, 0, 3, 5, 5, 6, 2, 4, 2, 5, 2, 2, 0, 0, 2, 3, 3, 2, 0, 1, 2, 5, 0, 2, 5, 3, 2, 3, 0, 2, 4, 2, 4, 1, 334
Ab lydian (4b), 3, 5, 5, 2, 1, 5, 4, 2, 5, 3, 1, 0, 0, 0, 1, 1, 0, 1, 3, 2, 5, 7, 3, 2, 5, 5, 3, 0,  , 2, 2, 2, 5, 6, 1, 2, 4, 3, 1, 4, 1, 1, 1, 3, 1, 4, 1, 1,  , 6, 4, 5, 6, 3, 2, 3, 2, 0, 4, 2, 0, 2, 4, 6, 5, 4, 1,  , 1, 1, 1, 3, 5, 1, 1, 1, 1, 6, 4, 4, 4, 1, 1, 3, 4, 1, 5, 5, 4, 2, 0, 2, 1, 5, 3, 3,  , 1, 1, 1, 6, 3, 5, 2, 1, 5, 2, 1, 2, 2, 1, 1, 0, 3, 5, 5, 6, 2, 4, 2, 2, 2, 3, 0, 0, 2, 2, 4, 3, 0, 1, 3, 3, 0, 2, 4, 2, 2, 3, 0, 2, 5, 3, 3, 1, 364
E lydian (4#), 3, 5, 5, 2, 1, 5, 4, 2, 5, 3, 1, 0, 0, 0, 1, 1, 0, 1, 3, 2, 5, 7, 3, 2, 5, 5, 3, 0,  , 2, 2, 2, 5, 6, 1, 2, 4, 3, 1, 4, 1, 1, 1, 3, 1, 4, 1, 1,  , 6, 4, 5, 6, 3, 2, 3, 2, 0, 4, 2, 0, 2, 4, 6, 5, 4, 1,  , 1, 1, 1, 3, 5, 1, 1, 1, 1, 6, 4, 4, 4, 1, 1, 3, 4, 1, 5, 5, 4, 2, 0, 2, 1, 5, 3, 3,  , 1, 1, 1, 6, 3, 5, 2, 1, 5, 2, 1, 2, 2, 1, 1, 0, 3, 5, 5, 6, 2, 4, 2, 2, 2, 3, 0, 0, 2, 2, 4, 3, 0, 1, 3, 3, 0, 2, 4, 2, 2, 3, 0, 2, 5, 3, 3, 1, 364
Ab mixolydian (4b), 3, 5, 5, 2, 1, 3, 2, 1, 4, 2, 1, 0, 0, 0, 1, 1, 0, 1, 3, 1, 4, 4, 2, 2, 4, 4, 2, 0,  , 1, 1, 2, 5, 2, 1, 2, 3, 2, 1, 3, 1, 1, 1, 3, 1, 3, 1, 1,  , 6, 3, 4, 6, 2, 2, 4, 4, 0, 4, 2, 0, 2, 5, 4, 6, 4, 1,  , 1, 1, 1, 3, 4, 1, 1, 1, 1, 4, 5, 5, 3, 1, 1, 2, 4, 1, 4, 6, 4, 2, 0, 3, 1, 4, 2, 2,  , 1, 1, 1, 5, 2, 3, 2, 2, 5, 3, 1, 2, 2, 1, 1, 0, 3, 5, 5, 6, 2, 4, 2, 5, 2, 2, 0, 0, 2, 3, 3, 2, 0, 1, 2, 5, 0, 2, 5, 3, 2, 3, 0, 2, 4, 2, 4, 1, 334
E mixolydian (4#), 3, 5, 5, 2, 1, 5, 4, 2, 5, 3, 1, 0, 0, 0, 1, 1, 0, 1, 3, 2, 5, 7, 3, 2, 5, 5, 3, 0,  , 2, 2, 2, 5, 6, 1, 2, 4, 3, 1, 4, 1, 1, 1, 3, 1, 4, 1, 1,  , 6, 4, 5, 6, 3, 2, 3, 2, 0, 4, 2, 0, 2, 4, 6, 5, 4, 1,  , 1, 1, 1, 3, 5, 1, 1, 1, 1, 6, 4, 4, 4, 1, 1, 3, 4, 1, 5, 5, 4, 2, 0, 2, 1, 5, 3, 3,  , 1, 1, 1, 6, 3, 5, 2, 1, 5, 2, 1, 2, 2, 1, 1, 0, 3, 5, 5, 6, 2, 4, 2, 2, 2, 3, 0, 0, 2, 2, 4, 3, 0, 1, 3, 3, 0, 2, 4, 2, 2, 3, 0, 2, 5, 3, 3, 1, 364
Ab aeolian (4b), 3, 5, 5, 2, 1, 3, 2, 1, 4, 2, 1, 0, 0, 0, 1, 1, 0, 1, 3, 1, 4, 4, 2, 2, 4, 4, 2, 0,  , 1, 1, 2, 5, 2, 1, 2, 3, 2, 1, 3, 1, 1, 1, 3, 1, 3, 1, 1,  , 6, 3, 4, 6, 2, 2, 4, 4, 0, 4, 2, 0, 2, 5, 4, 6, 4, 1,  , 1, 1, 1, 3, 4, 1, 1, 1, 1, 4, 5, 5, 3, 1, 1, 2, 4, 1, 4, 6, 4, 2, 0, 3, 1, 4, 2, 2,  , 1, 1, 1, 5, 2, 3, 2, 2, 5, 3, 1, 2, 2, 1, 1, 0, 3, 5, 5, 6, 2, 4, 2, 5, 2, 2, 0, 0, 2, 3, 3, 2, 0, 1, 2, 5, 0, 2, 5, 3, 2, 3, 0, 2, 4, 2, 4, 1, 334
E aeolian (4#), 3, 5, 5, 2, 1, 3, 2, 1, 4, 2, 1, 0, 0, 0, 1, 1, 0, 1, 3, 1, 4, 4, 2, 2, 4, 4, 2, 0,  , 1, 1, 2, 5, 2, 1, 2, 3, 2, 1, 3, 1, 1, 1, 3, 1, 3, 1, 1,  , 6, 3, 4, 6, 2, 2, 4, 4, 0, 4, 2, 0, 2, 5, 4, 6, 4, 1,  , 1, 1, 1, 3, 4, 1, 1, 1, 1, 4, 5, 5, 3, 1, 1, 2, 4, 1, 4, 6, 4, 2, 0, 3, 1, 4, 2, 2,  , 1, 1, 1, 5, 2, 3, 2, 2, 5, 3, 1, 2, 2, 1, 1, 0, 3, 5, 5, 6, 2, 4, 2, 5, 2, 2, 0, 0, 2, 3, 3, 2, 0, 1, 2, 5, 0, 2, 5, 3, 2, 3, 0, 2, 4, 2, 4, 1, 334
Ab locrian (4b), 3, 5, 5, 2, 1, 3, 2, 1, 4, 2, 1, 0, 0, 0, 1, 1, 0, 1, 3, 1, 4, 4, 2, 2, 4, 4, 2, 0,  , 1, 1, 2, 5, 2, 1, 2, 3, 2, 1, 3, 1, 1, 1, 3, 1, 3, 1, 1,  , 6, 3, 4, 6, 2, 2, 4, 4, 0, 4, 2, 0, 2, 5, 4, 6, 4, 1,  , 1, 1, 1, 3, 4, 1, 1, 1, 1, 4, 5, 5, 3, 1, 1, 2, 4, 1, 4, 6, 4, 2, 0, 3, 1, 4, 2, 2,  , 1, 1, 1, 5, 2, 3, 2, 2, 5, 3, 1, 2, 2, 1, 1, 0, 3, 5, 5, 6, 2, 4, 2, 5, 2, 2, 0, 0, 2, 3, 3, 2, 0, 1, 2, 5, 0, 2, 5, 3, 2, 3, 0, 2, 4, 2, 4, 1, 334
E locrian (4#), 3, 5, 5, 2, 1, 3, 2, 1, 4, 2, 1, 0, 0, 0, 1, 1, 0, 1, 3, 1, 4, 4, 2, 2, 4, 4, 2, 0,  , 1, 1, 2, 5, 2, 1, 2, 3, 2, 1, 3, 1, 1, 1, 3, 1, 3, 1, 1,  , 6, 3, 4, 6, 2, 2, 4, 4, 0, 4, 2, 0, 2, 5, 4, 6, 4, 1,  , 1, 1, 1, 3, 4, 1, 1, 1, 1, 4, 5, 5, 3, 1, 1, 2, 4, 1, 4, 6, 4, 2, 0, 3, 1, 4, 2, 2,  , 1, 1, 1, 5, 2, 3, 2, 2, 5, 3, 1, 2, 2, 1, 1, 0, 3, 5, 5, 6, 2, 4, 2, 5, 2, 2, 0, 0, 2, 3, 3, 2, 0, 1, 2, 5, 0, 2, 5, 3, 2, 3, 0, 2, 4, 2, 4, 1, 334
Db major (5b), 3, 5, 5, 2, 1, 3, 2, 1, 4, 2, 1, 0, 0, 0, 1, 1, 0, 1, 3, 1, 4, 4, 2, 2, 4, 4, 2, 0,  , 1, 1, 2, 5, 2, 1, 2, 3, 2, 1, 3, 1, 1, 1, 3, 1, 3, 1, 1,  , 6, 3, 4, 6, 2, 2, 4, 4, 0, 4, 2, 0, 2, 5, 4, 6, 4, 1,  , 1, 1, 1, 3, 4, 1, 1, 1, 1, 4, 5, 5, 3, 1, 1, 2, 4, 1, 4, 6, 4, 2, 0, 3, 1, 4, 2, 2,  , 1, 1, 1, 5, 2, 3, 2, 2, 5, 3, 1, 2, 2, 1, 1, 0, 3, 5, 5, 6, 2, 4, 2, 5, 2, 2, 0, 0, 2, 3, 3, 2, 0, 1, 2, 5, 0, 2, 5, 3, 2, 3, 0, 2, 4, 2, 4, 1, 334
B major (5#), 3, 5, 5, 2, 1, 3, 2, 1, 4, 2, 1, 0, 0, 0, 1, 1, 0, 1, 3, 1, 4, 4, 2, 2, 4, 4, 2, 0,  , 1, 1, 2, 5, 2, 1, 2, 3, 2, 1, 3, 1, 1, 1, 3, 1, 3, 1, 1,  , 6, 3, 4, 6, 2, 2, 4, 4, 0, 4, 2, 0, 2, 5, 4, 6, 4, 1,  , 1, 1, 1, 3, 4, 1, 1, 1, 1, 4, 5, 5, 3, 1, 1, 2, 4, 1, 4, 6, 4, 2, 0, 3, 1, 4, 2, 2,  , 1, 1, 1, 5, 2, 3, 2, 2, 5, 3, 1, 2, 2, 1, 1, 0, 3, 5, 5, 6, 2, 4, 2, 5, 2, 2, 0, 0, 2, 3, 3, 2, 0, 1, 2, 5, 0, 2, 5, 3, 2, 3, 0, 2, 4, 2, 4, 1, 334
Bb minor (5b), 2, 4, 4, 1, 1, 2, 1, 1, 4, 1, 2, 0, 0, 0, 0, 0, 0, 0, 2, 2, 5, 3, 1, 2, 2, 4, 1, 0,  , 1, 2, 1, 3, 2, 0, 2, 3, 1, 0, 3, 1, 0, 0, 2, 0, 4, 0, 0,  , 5, 4, 3, 5, 2, 3, 5, 4, 0, 5, 3, 1, 2, 3, 3, 5, 3, 0,  , 0, 0, 0, 2, 5, 0, 0, 0, 1, 5, 4, 3, 3, 0, 0, 3, 3, 0, 3, 5, 3, 1, 0, 2, 0, 3, 3, 1,  , 0, 0, 1, 3, 1, 2, 2, 2, 3, 2, 0, 2, 3, 0, 0, 0, 4, 4, 4, 5, 3, 5, 2, 6, 3, 2, 1, 1, 3, 2, 4, 3, 0, 1, 2, 4, 0, 1, 5, 3, 1, 2, 0, 1, 5, 1, 3, 0, 278
G# minor (5#), 2, 5, 5, 3, 1, 5, 3, 2, 4, 3, 2, 1, 0, 1, 1, 2, 0, 2, 3, 1, 3, 8, 3, 3, 5, 4, 3, 0,  , 1, 2, 3, 6, 4, 1, 2, 2, 2, 2, 5, 0, 2, 1, 3, 1, 3, 2, 2,  , 5, 3, 3, 5, 3, 1, 3, 4, 0, 3, 2, 0, 1, 3, 6, 5, 3, 2,  , 1, 1, 1, 2, 4, 1, 2, 1, 1, 5, 4, 3, 4, 1, 1, 2, 4, 2, 3, 5, 3, 3, 1, 3, 2, 3, 3, 3,  , 2, 2, 2, 4, 3, 4, 3, 1, 4, 3, 1, 1, 3, 1, 2, 1, 3, 4, 4, 5, 1, 3, 2, 5, 2, 1, 0, 0, 1, 3, 3, 3, 0, 2, 2, 3, 0, 2, 5, 2, 3, 3, 1, 2, 4, 3, 3, 2, 354
Bb minor mel (5b), 3, 5, 3, 1, 1, 4, 1, 1, 4, 1, 2, 0, 0, 0, 0, 0, 0, 0, 2, 3, 4, 6, 2, 2, 3, 4, 1, 0,  , 1, 3, 1, 5, 3, 0, 2, 4, 2, 0, 4, 1, 0, 0, 2, 0, 5, 0, 0,  , 5, 4, 4, 5, 2, 3, 4, 3, 0, 5, 3, 1, 1, 3, 4, 4, 2, 0,  , 0, 0, 0, 2, 6, 0, 0, 0, 1, 6, 5, 3, 3, 0, 0, 3, 3, 0, 3, 4, 2, 1, 0, 2, 0, 4, 3, 1,  , 0, 0, 1, 4, 1, 3, 2, 1, 4, 1, 0, 1, 3, 0, 0, 0, 4, 4, 4, 5, 3, 4, 2, 3, 3, 2, 1, 1, 2, 1, 5, 2, 0, 1, 2, 2, 0, 1, 4, 2, 1, 2, 0, 1, 6, 2, 4, 0, 286
G# minor mel (5#), 2, 5, 6, 4, 1, 6, 5, 3, 5, 6, 3, 1, 0, 1, 1, 2, 0, 2, 4, 2, 4, 7, 4, 3, 6, 5, 6, 0,  , 2, 3, 3, 6, 7, 1, 2, 3, 5, 3, 5, 0, 2, 1, 4, 2, 4, 2, 4,  , 3, 4, 4, 4, 4, 1, 2, 2, 0, 4, 2, 0, 1, 4, 6, 4, 5, 2,  , 1, 1, 1, 3, 4, 1, 4, 2, 1, 6, 3, 3, 5, 1, 1, 4, 5, 2, 4, 4, 5, 5, 1, 2, 3, 4, 4, 4,  , 2, 2, 2, 5, 4, 6, 3, 1, 4, 3, 2, 2, 3, 2, 4, 1, 3, 4, 4, 4, 1, 4, 2, 2, 3, 2, 0, 0, 1, 5, 4, 4, 0, 2, 3, 5, 0, 2, 3, 1, 3, 4, 1, 2, 4, 4, 2, 2, 416
Db major blues (5b), 3, 5, 5, 2, 1, 3, 2, 1, 4, 2, 1, 0, 0, 0, 1, 1, 0, 1, 3, 1, 4, 4, 2, 2, 4, 4, 2, 0,  , 1, 1, 2, 5, 2, 1, 2, 3, 2, 1, 3, 1, 1, 1, 3, 1, 3, 1, 1,  , 6, 3, 4, 6, 2, 2, 4, 4, 0, 4, 2, 0, 2, 5, 4, 6, 4, 1,  , 1, 1, 1, 3, 4, 1, 1, 1, 1, 4, 5, 5, 3, 1, 1, 2, 4, 1, 4, 6, 4, 2, 0, 3, 1, 4, 2, 2,  , 1, 1, 1, 5, 2, 3, 2, 2, 5, 3, 1, 2, 2, 1, 1, 0, 3, 5, 5, 6, 2, 4, 2, 5, 2, 2, 0, 0, 2, 3, 3, 2, 0, 1, 2, 5, 0, 2, 5, 3, 2, 3, 0, 2, 4, 2, 4, 1, 334
B major blues (5#), 3, 5, 5, 2, 1, 5, 4, 2, 5, 3, 1, 0, 0, 0, 1, 1, 0, 1, 3, 2, 5, 7, 3, 2, 5, 5, 3, 0,  , 2, 2, 2, 5, 6, 1, 2, 4, 3, 1, 4, 1, 1, 1, 3, 1, 4, 1, 1,  , 6, 4, 5, 6, 3, 2, 3, 2, 0, 4, 2, 0, 2, 4, 6, 5, 4, 1,  , 1, 1, 1, 3, 5, 1, 1, 1, 1, 6, 4, 4, 4, 1, 1, 3, 4, 1, 5, 5, 4, 2, 0, 2, 1, 5, 3, 3,  , 1, 1, 1, 6, 3, 5, 2, 1, 5, 2, 1, 2, 2, 1, 1, 0, 3, 5, 5, 6, 2, 4, 2, 2, 2, 3, 0, 0, 2, 2, 4, 3, 0, 1, 3, 3, 0, 2, 4, 2, 2, 3, 0, 2, 5, 3, 3, 1, 364
Bb minor blues (5b), 3, 5, 5, 2, 1, 5, 4, 2, 5, 3, 1, 0, 0, 0, 1, 1, 0, 1, 3, 2, 5, 7, 3, 2, 5, 5, 3, 0,  , 2, 2, 2, 5, 6, 1, 2, 4, 3, 1, 4, 1, 1, 1, 3, 1, 4, 1, 1,  , 6, 4, 5, 6, 3, 2, 3, 2, 0, 4, 2, 0, 2, 4, 6, 5, 4, 1,  , 1, 1, 1, 3, 5, 1, 1, 1, 1, 6, 4, 4, 4, 1, 1, 3, 4, 1, 5, 5, 4, 2, 0, 2, 1, 5, 3, 3,  , 1, 1, 1, 6, 3, 5, 2, 1, 5, 2, 1, 2, 2, 1, 1, 0, 3, 5, 5, 6, 2, 4, 2, 2, 2, 3, 0, 0, 2, 2, 4, 3, 0, 1, 3, 3, 0, 2, 4, 2, 2, 3, 0, 2, 5, 3, 3, 1, 364
G# minor blues (5#), 3, 5, 5, 2, 1, 3, 2, 1, 4, 2, 1, 0, 0, 0, 1, 1, 0, 1, 3, 1, 4, 4, 2, 2, 4, 4, 2, 0,  , 1, 1, 2, 5, 2, 1, 2, 3, 2, 1, 3, 1, 1, 1, 3, 1, 3, 1, 1,  , 6, 3, 4, 6, 2, 2, 4, 4, 0, 4, 2, 0, 2, 5, 4, 6, 4, 1,  , 1, 1, 1, 3, 4, 1, 1, 1, 1, 4, 5, 5, 3, 1, 1, 2, 4, 1, 4, 6, 4, 2, 0, 3, 1, 4, 2, 2,  , 1, 1, 1, 5, 2, 3, 2, 2, 5, 3, 1, 2, 2, 1, 1, 0, 3, 5, 5, 6, 2, 4, 2, 5, 2, 2, 0, 0, 2, 3, 3, 2, 0, 1, 2, 5, 0, 2, 5, 3, 2, 3, 0, 2, 4, 2, 4, 1, 334
Db dorian (5b), 3, 5, 5, 2, 1, 5, 4, 2, 5, 3, 1, 0, 0, 0, 1, 1, 0, 1, 3, 2, 5, 7, 3, 2, 5, 5, 3, 0,  , 2, 2, 2, 5, 6, 1, 2, 4, 3, 1, 4, 1, 1, 1, 3, 1, 4, 1, 1,  , 6, 4, 5, 6, 3, 2, 3, 2, 0, 4, 2, 0, 2, 4, 6, 5, 4, 1,  , 1, 1, 1, 3, 5, 1, 1, 1, 1, 6, 4, 4, 4, 1, 1, 3, 4, 1, 5, 5, 4, 2, 0, 2, 1, 5, 3, 3,  , 1, 1, 1, 6, 3, 5, 2, 1, 5, 2, 1, 2, 2, 1, 1, 0, 3, 5, 5, 6, 2, 4, 2, 2, 2, 3, 0, 0, 2, 2, 4, 3, 0, 1, 3, 3, 0, 2, 4, 2, 2, 3, 0, 2, 5, 3, 3, 1, 364
B dorian (5#), 3, 5, 5, 2, 1, 3, 2, 1, 4, 2, 1, 0, 0, 0, 1, 1, 0, 1, 3, 1, 4, 4, 2, 2, 4, 4, 2, 0,  , 1, 1, 2, 5, 2, 1, 2, 3, 2, 1, 3, 1, 1, 1, 3, 1, 3, 1, 1,  , 6, 3, 4, 6, 2, 2, 4, 4, 0, 4, 2, 0, 2, 5, 4, 6, 4, 1,  , 1, 1, 1, 3, 4, 1, 1, 1, 1, 4, 5, 5, 3, 1, 1, 2, 4, 1, 4, 6, 4, 2, 0, 3, 1, 4, 2, 2,  , 1, 1, 1, 5, 2, 3, 2, 2, 5, 3, 1, 2, 2, 1, 1, 0, 3, 5, 5, 6, 2, 4, 2, 5, 2, 2, 0, 0, 2, 3, 3, 2, 0, 1, 2, 5, 0, 2, 5, 3, 2, 3, 0, 2, 4, 2, 4, 1, 334
Db phrygian (5b), 3, 5, 5, 2, 1, 3, 2, 1, 4, 2, 1, 0, 0, 0, 1, 1, 0, 1, 3, 1, 4, 4, 2, 2, 4, 4, 2, 0,  , 1, 1, 2, 5, 2, 1, 2, 3, 2, 1, 3, 1, 1, 1, 3, 1, 3, 1, 1,  , 6, 3, 4, 6, 2, 2, 4, 4, 0, 4, 2, 0, 2, 5, 4, 6, 4, 1,  , 1, 1, 1, 3, 4, 1, 1, 1, 1, 4, 5, 5, 3, 1, 1, 2, 4, 1, 4, 6, 4, 2, 0, 3, 1, 4, 2, 2,  , 1, 1, 1, 5, 2, 3, 2, 2, 5, 3, 1, 2, 2, 1, 1, 0, 3, 5, 5, 6, 2, 4, 2, 5, 2, 2, 0, 0, 2, 3, 3, 2, 0, 1, 2, 5, 0, 2, 5, 3, 2, 3, 0, 2, 4, 2, 4, 1, 334
B phrygian (5#), 3, 5, 5, 2, 1, 3, 2, 1, 4, 2, 1, 0, 0, 0, 1, 1, 0, 1, 3, 1, 4, 4, 2, 2, 4, 4, 2, 0,  , 1, 1, 2, 5, 2, 1, 2, 3, 2, 1, 3, 1, 1, 1, 3, 1, 3, 1, 1,  , 6, 3, 4, 6, 2, 2, 4, 4, 0, 4, 2, 0, 2, 5, 4, 6, 4, 1,  , 1, 1, 1, 3, 4, 1, 1, 1, 1, 4, 5, 5, 3, 1, 1, 2, 4, 1, 4, 6, 4, 2, 0, 3, 1, 4, 2, 2,  , 1, 1, 1, 5, 2, 3, 2, 2, 5, 3, 1, 2, 2, 1, 1, 0, 3, 5, 5, 6, 2, 4, 2, 5, 2, 2, 0, 0, 2, 3, 3, 2, 0, 1, 2, 5, 0, 2, 5, 3, 2, 3, 0, 2, 4, 2, 4, 1, 334
Db lydian (5b), 3, 5, 5, 2, 1, 3, 2, 1, 4, 2, 1, 0, 0, 0, 1, 1, 0, 1, 3, 1, 4, 4, 2, 2, 4, 4, 2, 0,  , 1, 1, 2, 5, 2, 1, 2, 3, 2, 1, 3, 1, 1, 1, 3, 1, 3, 1, 1,  , 6, 3, 4, 6, 2, 2, 4, 4, 0, 4, 2, 0, 2, 5, 4, 6, 4, 1,  , 1, 1, 1, 3, 4, 1, 1, 1, 1, 4, 5, 5, 3, 1, 1, 2, 4, 1, 4, 6, 4, 2, 0, 3, 1, 4, 2, 2,  , 1, 1, 1, 5, 2, 3, 2, 2, 5, 3, 1, 2, 2, 1, 1, 0, 3, 5, 5, 6, 2, 4, 2, 5, 2, 2, 0, 0, 2, 3, 3, 2, 0, 1, 2, 5, 0, 2, 5, 3, 2, 3, 0, 2, 4, 2, 4, 1, 334
B lydian (5#), 3, 5, 5, 2, 1, 3, 2, 1, 4, 2, 1, 0, 0, 0, 1, 1, 0, 1, 3, 1, 4, 4, 2, 2, 4, 4, 2, 0,  , 1, 1, 2, 5, 2, 1, 2, 3, 2, 1, 3, 1, 1, 1, 3, 1, 3, 1, 1,  , 6, 3, 4, 6, 2, 2, 4, 4, 0, 4, 2, 0, 2, 5, 4, 6, 4, 1,  , 1, 1, 1, 3, 4, 1, 1, 1, 1, 4, 5, 5, 3, 1, 1, 2, 4, 1, 4, 6, 4, 2, 0, 3, 1, 4, 2, 2,  , 1, 1, 1, 5, 2, 3, 2, 2, 5, 3, 1, 2, 2, 1, 1, 0, 3, 5, 5, 6, 2, 4, 2, 5, 2, 2, 0, 0, 2, 3, 3, 2, 0, 1, 2, 5, 0, 2, 5, 3, 2, 3, 0, 2, 4, 2, 4, 1, 334
Db mixolydian (5b), 3, 5, 5, 2, 1, 3, 2, 1, 4, 2, 1, 0, 0, 0, 1, 1, 0, 1, 3, 1, 4, 4, 2, 2, 4, 4, 2, 0,  , 1, 1, 2, 5, 2, 1, 2, 3, 2, 1, 3, 1, 1, 1, 3, 1, 3, 1, 1,  , 6, 3, 4, 6, 2, 2, 4, 4, 0, 4, 2, 0, 2, 5, 4, 6, 4, 1,  , 1, 1, 1, 3, 4, 1, 1, 1, 1, 4, 5, 5, 3, 1, 1, 2, 4, 1, 4, 6, 4, 2, 0, 3, 1, 4, 2, 2,  , 1, 1, 1, 5, 2, 3, 2, 2, 5, 3, 1, 2, 2, 1, 1, 0, 3, 5, 5, 6, 2, 4, 2, 5, 2, 2, 0, 0, 2, 3, 3, 2, 0, 1, 2, 5, 0, 2, 5, 3, 2, 3, 0, 2, 4, 2, 4, 1, 334
B mixolydian (5#), 2, 4, 4, 1, 1, 2, 1, 1, 4, 1, 2, 0, 0, 0, 0, 0, 0, 0, 2, 2, 5, 3, 1, 2, 2, 4, 1, 0,  , 1, 2, 1, 3, 2, 0, 2, 3, 1, 0, 3, 1, 0, 0, 2, 0, 4, 0, 0,  , 5, 4, 3, 5, 2, 3, 5, 4, 0, 5, 3, 1, 2, 3, 3, 5, 3, 0,  , 0, 0, 0, 2, 5, 0, 0, 0, 1, 5, 4, 3, 3, 0, 0, 3, 3, 0, 3, 5, 3, 1, 0, 2, 0, 3, 3, 1,  , 0, 0, 1, 3, 1, 2, 2, 2, 3, 2, 0, 2, 3, 0, 0, 0, 4, 4, 4, 5, 3, 5, 2, 6, 3, 2, 1, 1, 3, 2, 4, 3, 0, 1, 2, 4, 0, 1, 5, 3, 1, 2, 0, 1, 5, 1, 3, 0, 278
Db aeolian (5b), 2, 5, 5, 3, 1, 5, 3, 2, 4, 3, 2, 1, 0, 1, 1, 2, 0, 2, 3, 1, 3, 8, 3, 3, 5, 4, 3, 0,  , 1, 2, 3, 6, 4, 1, 2, 2, 2, 2, 5, 0, 2, 1, 3, 1, 3, 2, 2,  , 5, 3, 3, 5, 3, 1, 3, 4, 0, 3, 2, 0, 1, 3, 6, 5, 3, 2,  , 1, 1, 1, 2, 4, 1, 2, 1, 1, 5, 4, 3, 4, 1, 1, 2, 4, 2, 3, 5, 3, 3, 1, 3, 2, 3, 3, 3,  , 2, 2, 2, 4, 3, 4, 3, 1, 4, 3, 1, 1, 3, 1, 2, 1, 3, 4, 4, 5, 1, 3, 2, 5, 2, 1, 0, 0, 1, 3, 3, 3, 0, 2, 2, 3, 0, 2, 5, 2, 3, 3, 1, 2, 4, 3, 3, 2, 354
B aeolian (5#), 3, 5, 3, 1, 1, 4, 1, 1, 4, 1, 2, 0, 0, 0, 0, 0, 0, 0, 2, 3, 4, 6, 2, 2, 3, 4, 1, 0,  , 1, 3, 1, 5, 3, 0, 2, 4, 2, 0, 4, 1, 0, 0, 2, 0, 5, 0, 0,  , 5, 4, 4, 5, 2, 3, 4, 3, 0, 5, 3, 1, 1, 3, 4, 4, 2, 0,  , 0, 0, 0, 2, 6, 0, 0, 0, 1, 6, 5, 3, 3, 0, 0, 3, 3, 0, 3, 4, 2, 1, 0, 2, 0, 4, 3, 1,  , 0, 0, 1, 4, 1, 3, 2, 1, 4, 1, 0, 1, 3, 0, 0, 0, 4, 4, 4, 5, 3, 4, 2, 3, 3, 2, 1, 1, 2, 1, 5, 2, 0, 1, 2, 2, 0, 1, 4, 2, 1, 2, 0, 1, 6, 2, 4, 0, 286
Db locrian (5b), 2, 5, 6, 4, 1, 6, 5, 3, 5, 6, 3, 1, 0, 1, 1, 2, 0, 2, 4, 2, 4, 7, 4, 3, 6, 5, 6, 0,  , 2, 3, 3, 6, 7, 1, 2, 3, 5, 3, 5, 0, 2, 1, 4, 2, 4, 2, 4,  , 3, 4, 4, 4, 4, 1, 2, 2, 0, 4, 2, 0, 1, 4, 6, 4, 5, 2,  , 1, 1, 1, 3, 4, 1, 4, 2, 1, 6, 3, 3, 5, 1, 1, 4, 5, 2, 4, 4, 5, 5, 1, 2, 3, 4, 4, 4,  , 2, 2, 2, 5, 4, 6, 3, 1, 4, 3, 2, 2, 3, 2, 4, 1, 3, 4, 4, 4, 1, 4, 2, 2, 3, 2, 0, 0, 1, 5, 4, 4, 0, 2, 3, 5, 0, 2, 3, 1, 3, 4, 1, 2, 4, 4, 2, 2, 416
B locrian (5#), 3, 5, 5, 2, 1, 3, 2, 1, 4, 2, 1, 0, 0, 0, 1, 1, 0, 1, 3, 1, 4, 4, 2, 2, 4, 4, 2, 0,  , 1, 1, 2, 5, 2, 1, 2, 3, 2, 1, 3, 1, 1, 1, 3, 1, 3, 1, 1,  , 6, 3, 4, 6, 2, 2, 4, 4, 0, 4, 2, 0, 2, 5, 4, 6, 4, 1,  , 1, 1, 1, 3, 4, 1, 1, 1, 1, 4, 5, 5, 3, 1, 1, 2, 4, 1, 4, 6, 4, 2, 0, 3, 1, 4, 2, 2,  , 1, 1, 1, 5, 2, 3, 2, 2, 5, 3, 1, 2, 2, 1, 1, 0, 3, 5, 5, 6, 2, 4, 2, 5, 2, 2, 0, 0, 2, 3, 3, 2, 0, 1, 2, 5, 0, 2, 5, 3, 2, 3, 0, 2, 4, 2, 4, 1, 334
Gb major (6b), 3, 5, 5, 2, 1, 5, 4, 2, 5, 3, 1, 0, 0, 0, 1, 1, 0, 1, 3, 2, 5, 7, 3, 2, 5, 5, 3, 0,  , 2, 2, 2, 5, 6, 1, 2, 4, 3, 1, 4, 1, 1, 1, 3, 1, 4, 1, 1,  , 6, 4, 5, 6, 3, 2, 3, 2, 0, 4, 2, 0, 2, 4, 6, 5, 4, 1,  , 1, 1, 1, 3, 5, 1, 1, 1, 1, 6, 4, 4, 4, 1, 1, 3, 4, 1, 5, 5, 4, 2, 0, 2, 1, 5, 3, 3,  , 1, 1, 1, 6, 3, 5, 2, 1, 5, 2, 1, 2, 2, 1, 1, 0, 3, 5, 5, 6, 2, 4, 2, 2, 2, 3, 0, 0, 2, 2, 4, 3, 0, 1, 3, 3, 0, 2, 4, 2, 2, 3, 0, 2, 5, 3, 3, 1, 364
F# major (6#), 3, 5, 5, 2, 1, 5, 4, 2, 5, 3, 1, 0, 0, 0, 1, 1, 0, 1, 3, 2, 5, 7, 3, 2, 5, 5, 3, 0,  , 2, 2, 2, 5, 6, 1, 2, 4, 3, 1, 4, 1, 1, 1, 3, 1, 4, 1, 1,  , 6, 4, 5, 6, 3, 2, 3, 2, 0, 4, 2, 0, 2, 4, 6, 5, 4, 1,  , 1, 1, 1, 3, 5, 1, 1, 1, 1, 6, 4, 4, 4, 1, 1, 3, 4, 1, 5, 5, 4, 2, 0, 2, 1, 5, 3, 3,  , 1, 1, 1, 6, 3, 5, 2, 1, 5, 2, 1, 2, 2, 1, 1, 0, 3, 5, 5, 6, 2, 4, 2, 2, 2, 3, 0, 0, 2, 2, 4, 3, 0, 1, 3, 3, 0, 2, 4, 2, 2, 3, 0, 2, 5, 3, 3, 1, 364
Eb minor (6b), 3, 5, 5, 2, 1, 3, 2, 1, 4, 2, 1, 0, 0, 0, 1, 1, 0, 1, 3, 1, 4, 4, 2, 2, 4, 4, 2, 0,  , 1, 1, 2, 5, 2, 1, 2, 3, 2, 1, 3, 1, 1, 1, 3, 1, 3, 1, 1,  , 6, 3, 4, 6, 2, 2, 4, 4, 0, 4, 2, 0, 2, 5, 4, 6, 4, 1,  , 1, 1, 1, 3, 4, 1, 1, 1, 1, 4, 5, 5, 3, 1, 1, 2, 4, 1, 4, 6, 4, 2, 0, 3, 1, 4, 2, 2,  , 1, 1, 1, 5, 2, 3, 2, 2, 5, 3, 1, 2, 2, 1, 1, 0, 3, 5, 5, 6, 2, 4, 2, 5, 2, 2, 0, 0, 2, 3, 3, 2, 0, 1, 2, 5, 0, 2, 5, 3, 2, 3, 0, 2, 4, 2, 4, 1, 334
D# minor (6#), 3, 5, 5, 2, 1, 5, 4, 2, 5, 3, 1, 0, 0, 0, 1, 1, 0, 1, 3, 2, 5, 7, 3, 2, 5, 5, 3, 0,  , 2, 2, 2, 5, 6, 1, 2, 4, 3, 1, 4, 1, 1, 1, 3, 1, 4, 1, 1,  , 6, 4, 5, 6, 3, 2, 3, 2, 0, 4, 2, 0, 2, 4, 6, 5, 4, 1,  , 1, 1, 1, 3, 5, 1, 1, 1, 1, 6, 4, 4, 4, 1, 1, 3, 4, 1, 5, 5, 4, 2, 0, 2, 1, 5, 3, 3,  , 1, 1, 1, 6, 3, 5, 2, 1, 5, 2, 1, 2, 2, 1, 1, 0, 3, 5, 5, 6, 2, 4, 2, 2, 2, 3, 0, 0, 2, 2, 4, 3, 0, 1, 3, 3, 0, 2, 4, 2, 2, 3, 0, 2, 5, 3, 3, 1, 364
Eb minor mel (6b), 3, 5, 5, 2, 1, 3, 2, 1, 4, 2, 1, 0, 0, 0, 1, 1, 0, 1, 3, 1, 4, 4, 2, 2, 4, 4, 2, 0,  , 1, 1, 2, 5, 2, 1, 2, 3, 2, 1, 3, 1, 1, 1, 3, 1, 3, 1, 1,  , 6, 3, 4, 6, 2, 2, 4, 4, 0, 4, 2, 0, 2, 5, 4, 6, 4, 1,  , 1, 1, 1, 3, 4, 1, 1, 1, 1, 4, 5, 5, 3, 1, 1, 2, 4, 1, 4, 6, 4, 2, 0, 3, 1, 4, 2, 2,  , 1, 1, 1, 5, 2, 3, 2, 2, 5, 3, 1, 2, 2, 1, 1, 0, 3, 5, 5, 6, 2, 4, 2, 5, 2, 2, 0, 0, 2, 3, 3, 2, 0, 1, 2, 5, 0, 2, 5, 3, 2, 3, 0, 2, 4, 2, 4, 1, 334
D# minor mel (6#), 3, 5, 5, 2, 1, 3, 2, 1, 4, 2, 1, 0, 0, 0, 1, 1, 0, 1, 3, 1, 4, 4, 2, 2, 4, 4, 2, 0,  , 1, 1, 2, 5, 2, 1, 2, 3, 2, 1, 3, 1, 1, 1, 3, 1, 3, 1, 1,  , 6, 3, 4, 6, 2, 2, 4, 4, 0, 4, 2, 0, 2, 5, 4, 6, 4, 1,  , 1, 1, 1, 3, 4, 1, 1, 1, 1, 4, 5, 5, 3, 1, 1, 2, 4, 1, 4, 6, 4, 2, 0, 3, 1, 4, 2, 2,  , 1, 1, 1, 5, 2, 3, 2, 2, 5, 3, 1, 2, 2, 1, 1, 0, 3, 5, 5, 6, 2, 4, 2, 5, 2, 2, 0, 0, 2, 3, 3, 2, 0, 1, 2, 5, 0, 2, 5, 3, 2, 3, 0, 2, 4, 2, 4, 1, 334
Gb major blues (6b), 3, 5, 5, 2, 1, 3, 2, 1, 4, 2, 1, 0, 0, 0, 1, 1, 0, 1, 3, 1, 4, 4, 2, 2, 4, 4, 2, 0,  , 1, 1, 2, 5, 2, 1, 2, 3, 2, 1, 3, 1, 1, 1, 3, 1, 3, 1, 1,  , 6, 3, 4, 6, 2, 2, 4, 4, 0, 4, 2, 0, 2, 5, 4, 6, 4, 1,  , 1, 1, 1, 3, 4, 1, 1, 1, 1, 4, 5, 5, 3, 1, 1, 2, 4, 1, 4, 6, 4, 2, 0, 3, 1, 4, 2, 2,  , 1, 1, 1, 5, 2, 3, 2, 2, 5, 3, 1, 2, 2, 1, 1, 0, 3, 5, 5, 6, 2, 4, 2, 5, 2, 2, 0, 0, 2, 3, 3, 2, 0, 1, 2, 5, 0, 2, 5, 3, 2, 3, 0, 2, 4, 2, 4, 1, 334
F# major blues (6#), 3, 5, 5, 2, 1, 3, 2, 1, 4, 2, 1, 0, 0, 0, 1, 1, 0, 1, 3, 1, 4, 4, 2, 2, 4, 4, 2, 0,  , 1, 1, 2, 5, 2, 1, 2, 3, 2, 1, 3, 1, 1, 1, 3, 1, 3, 1, 1,  , 6, 3, 4, 6, 2, 2, 4, 4, 0, 4, 2, 0, 2, 5, 4, 6, 4, 1,  , 1, 1, 1, 3, 4, 1, 1, 1, 1, 4, 5, 5, 3, 1, 1, 2, 4, 1, 4, 6, 4, 2, 0, 3, 1, 4, 2, 2,  , 1, 1, 1, 5, 2, 3, 2, 2, 5, 3, 1, 2, 2, 1, 1, 0, 3, 5, 5, 6, 2, 4, 2, 5, 2, 2, 0, 0, 2, 3, 3, 2, 0, 1, 2, 5, 0, 2, 5, 3, 2, 3, 0, 2, 4, 2, 4, 1, 334
Eb minor blues (6b), 3, 5, 5, 2, 1, 3, 2, 1, 4, 2, 1, 0, 0, 0, 1, 1, 0, 1, 3, 1, 4, 4, 2, 2, 4, 4, 2, 0,  , 1, 1, 2, 5, 2, 1, 2, 3, 2, 1, 3, 1, 1, 1, 3, 1, 3, 1, 1,  , 6, 3, 4, 6, 2, 2, 4, 4, 0, 4, 2, 0, 2, 5, 4, 6, 4, 1,  , 1, 1, 1, 3, 4, 1, 1, 1, 1, 4, 5, 5, 3, 1, 1, 2, 4, 1, 4, 6, 4, 2, 0, 3, 1, 4, 2, 2,  , 1, 1, 1, 5, 2, 3, 2, 2, 5, 3, 1, 2, 2, 1, 1, 0, 3, 5, 5, 6, 2, 4, 2, 5, 2, 2, 0, 0, 2, 3, 3, 2, 0, 1, 2, 5, 0, 2, 5, 3, 2, 3, 0, 2, 4, 2, 4, 1, 334
D# minor blues (6#), 3, 5, 5, 2, 1, 3, 2, 1, 4, 2, 1, 0, 0, 0, 1, 1, 0, 1, 3, 1, 4, 4, 2, 2, 4, 4, 2, 0,  , 1, 1, 2, 5, 2, 1, 2, 3, 2, 1, 3, 1, 1, 1, 3, 1, 3, 1, 1,  , 6, 3, 4, 6, 2, 2, 4, 4, 0, 4, 2, 0, 2, 5, 4, 6, 4, 1,  , 1, 1, 1, 3, 4, 1, 1, 1, 1, 4, 5, 5, 3, 1, 1, 2, 4, 1, 4, 6, 4, 2, 0, 3, 1, 4, 2, 2,  , 1, 1, 1, 5, 2, 3, 2, 2, 5, 3, 1, 2, 2, 1, 1, 0, 3, 5, 5, 6, 2, 4, 2, 5, 2, 2, 0, 0, 2, 3, 3, 2, 0, 1, 2, 5, 0, 2, 5, 3, 2, 3, 0, 2, 4, 2, 4, 1, 334
Gb dorian (6b), 2, 4, 4, 1, 1, 2, 1, 1, 4, 1, 2, 0, 0, 0, 0, 0, 0, 0, 2, 2, 5, 3, 1, 2, 2, 4, 1, 0,  , 1, 2, 1, 3, 2, 0, 2, 3, 1, 0, 3, 1, 0, 0, 2, 0, 4, 0, 0,  , 5, 4, 3, 5, 2, 3, 5, 4, 0, 5, 3, 1, 2, 3, 3, 5, 3, 0,  , 0, 0, 0, 2, 5, 0, 0, 0, 1, 5, 4, 3, 3, 0, 0, 3, 3, 0, 3, 5, 3, 1, 0, 2, 0, 3, 3, 1,  , 0, 0, 1, 3, 1, 2, 2, 2, 3, 2, 0, 2, 3, 0, 0, 0, 4, 4, 4, 5, 3, 5, 2, 6, 3, 2, 1, 1, 3, 2, 4, 3, 0, 1, 2, 4, 0, 1, 5, 3, 1, 2, 0, 1, 5, 1, 3, 0, 278
F# dorian (6#), 2, 5, 5, 3, 1, 5, 3, 2, 4, 3, 2, 1, 0, 1, 1, 2, 0, 2, 3, 1, 3, 8, 3, 3, 5, 4, 3, 0,  , 1, 2, 3, 6, 4, 1, 2, 2, 2, 2, 5, 0, 2, 1, 3, 1, 3, 2, 2,  , 5, 3, 3, 5, 3, 1, 3, 4, 0, 3, 2, 0, 1, 3, 6, 5, 3, 2,  , 1, 1, 1, 2, 4, 1, 2, 1, 1, 5, 4, 3, 4, 1, 1, 2, 4, 2, 3, 5, 3, 3, 1, 3, 2, 3, 3, 3,  , 2, 2, 2, 4, 3, 4, 3, 1, 4, 3, 1, 1, 3, 1, 2, 1, 3, 4, 4, 5, 1, 3, 2, 5, 2, 1, 0, 0, 1, 3, 3, 3, 0, 2, 2, 3, 0, 2, 5, 2, 3, 3, 1, 2, 4, 3, 3, 2, 354
Gb phrygian (6b), 3, 5, 3, 1, 1, 4, 1, 1, 4, 1, 2, 0, 0, 0, 0, 0, 0, 0, 2, 3, 4, 6, 2, 2, 3, 4, 1, 0,  , 1, 3, 1, 5, 3, 0, 2, 4, 2, 0, 4, 1, 0, 0, 2, 0, 5, 0, 0,  , 5, 4, 4, 5, 2, 3, 4, 3, 0, 5, 3, 1, 1, 3, 4, 4, 2, 0,  , 0, 0, 0, 2, 6, 0, 0, 0, 1, 6, 5, 3, 3, 0, 0, 3, 3, 0, 3, 4, 2, 1, 0, 2, 0, 4, 3, 1,  , 0, 0, 1, 4, 1, 3, 2, 1, 4, 1, 0, 1, 3, 0, 0, 0, 4, 4, 4, 5, 3, 4, 2, 3, 3, 2, 1, 1, 2, 1, 5, 2, 0, 1, 2, 2, 0, 1, 4, 2, 1, 2, 0, 1, 6, 2, 4, 0, 286
F# phrygian (6#), 2, 5, 6, 4, 1, 6, 5, 3, 5, 6, 3, 1, 0, 1, 1, 2, 0, 2, 4, 2, 4, 7, 4, 3, 6, 5, 6, 0,  , 2, 3, 3, 6, 7, 1, 2, 3, 5, 3, 5, 0, 2, 1, 4, 2, 4, 2, 4,  , 3, 4, 4, 4, 4, 1, 2, 2, 0, 4, 2, 0, 1, 4, 6, 4, 5, 2,  , 1, 1, 1, 3, 4, 1, 4, 2, 1, 6, 3, 3, 5, 1, 1, 4, 5, 2, 4, 4, 5, 5, 1, 2, 3, 4, 4, 4,  , 2, 2, 2, 5, 4, 6, 3, 1, 4, 3, 2, 2, 3, 2, 4, 1, 3, 4, 4, 4, 1, 4, 2, 2, 3, 2, 0, 0, 1, 5, 4, 4, 0, 2, 3, 5, 0, 2, 3, 1, 3, 4, 1, 2, 4, 4, 2, 2, 416
Gb lydian (6b), 3, 5, 5, 2, 1, 3, 2, 1, 4, 2, 1, 0, 0, 0, 1, 1, 0, 1, 3, 1, 4, 4, 2, 2, 4, 4, 2, 0,  , 1, 1, 2, 5, 2, 1, 2, 3, 2, 1, 3, 1, 1, 1, 3, 1, 3, 1, 1,  , 6, 3, 4, 6, 2, 2, 4, 4, 0, 4, 2, 0, 2, 5, 4, 6, 4, 1,  , 1, 1, 1, 3, 4, 1, 1, 1, 1, 4, 5, 5, 3, 1, 1, 2, 4, 1, 4, 6, 4, 2, 0, 3, 1, 4, 2, 2,  , 1, 1, 1, 5, 2, 3, 2, 2, 5, 3, 1, 2, 2, 1, 1, 0, 3, 5, 5, 6, 2, 4, 2, 5, 2, 2, 0, 0, 2, 3, 3, 2, 0, 1, 2, 5, 0, 2, 5, 3, 2, 3, 0, 2, 4, 2, 4, 1, 334
F# lydian (6#), 3, 5, 5, 2, 1, 5, 4, 2, 5, 3, 1, 0, 0, 0, 1, 1, 0, 1, 3, 2, 5, 7, 3, 2, 5, 5, 3, 0,  , 2, 2, 2, 5, 6, 1, 2, 4, 3, 1, 4, 1, 1, 1, 3, 1, 4, 1, 1,  , 6, 4, 5, 6, 3, 2, 3, 2, 0, 4, 2, 0, 2, 4, 6, 5, 4, 1,  , 1, 1, 1, 3, 5, 1, 1, 1, 1, 6, 4, 4, 4, 1, 1, 3, 4, 1, 5, 5, 4, 2, 0, 2, 1, 5, 3, 3,  , 1, 1, 1, 6, 3, 5, 2, 1, 5, 2, 1, 2, 2, 1, 1, 0, 3, 5, 5, 6, 2, 4, 2, 2, 2, 3, 0, 0, 2, 2, 4, 3, 0, 1, 3, 3, 0, 2, 4, 2, 2, 3, 0, 2, 5, 3, 3, 1, 364
Gb mixolydian (6b), 3, 5, 5, 2, 1, 5, 4, 2, 5, 3, 1, 0, 0, 0, 1, 1, 0, 1, 3, 2, 5, 7, 3, 2, 5, 5, 3, 0,  , 2, 2, 2, 5, 6, 1, 2, 4, 3, 1, 4, 1, 1, 1, 3, 1, 4, 1, 1,  , 6, 4, 5, 6, 3, 2, 3, 2, 0, 4, 2, 0, 2, 4, 6, 5, 4, 1,  , 1, 1, 1, 3, 5, 1, 1, 1, 1, 6, 4, 4, 4, 1, 1, 3, 4, 1, 5, 5, 4, 2, 0, 2, 1, 5, 3, 3,  , 1, 1, 1, 6, 3, 5, 2, 1, 5, 2, 1, 2, 2, 1, 1, 0, 3, 5, 5, 6, 2, 4, 2, 2, 2, 3, 0, 0, 2, 2, 4, 3, 0, 1, 3, 3, 0, 2, 4, 2, 2, 3, 0, 2, 5, 3, 3, 1, 364
F# mixolydian (6#), 3, 5, 5, 2, 1, 3, 2, 1, 4, 2, 1, 0, 0, 0, 1, 1, 0, 1, 3, 1, 4, 4, 2, 2, 4, 4, 2, 0,  , 1, 1, 2, 5, 2, 1, 2, 3, 2, 1, 3, 1, 1, 1, 3, 1, 3, 1, 1,  , 6, 3, 4, 6, 2, 2, 4, 4, 0, 4, 2, 0, 2, 5, 4, 6, 4, 1,  , 1, 1, 1, 3, 4, 1, 1, 1, 1, 4, 5, 5, 3, 1, 1, 2, 4, 1, 4, 6, 4, 2, 0, 3, 1, 4, 2, 2,  , 1, 1, 1, 5, 2, 3, 2, 2, 5, 3, 1, 2, 2, 1, 1, 0, 3, 5, 5, 6, 2, 4, 2, 5, 2, 2, 0, 0, 2, 3, 3, 2, 0, 1, 2, 5, 0, 2, 5, 3, 2, 3, 0, 2, 4, 2, 4, 1, 334
Gb aeolian (6b), 3, 5, 5, 2, 1, 5, 4, 2, 5, 3, 1, 0, 0, 0, 1, 1, 0, 1, 3, 2, 5, 7, 3, 2, 5, 5, 3, 0,  , 2, 2, 2, 5, 6, 1, 2, 4, 3, 1, 4, 1, 1, 1, 3, 1, 4, 1, 1,  , 6, 4, 5, 6, 3, 2, 3, 2, 0, 4, 2, 0, 2, 4, 6, 5, 4, 1,  , 1, 1, 1, 3, 5, 1, 1, 1, 1, 6, 4, 4, 4, 1, 1, 3, 4, 1, 5, 5, 4, 2, 0, 2, 1, 5, 3, 3,  , 1, 1, 1, 6, 3, 5, 2, 1, 5, 2, 1, 2, 2, 1, 1, 0, 3, 5, 5, 6, 2, 4, 2, 2, 2, 3, 0, 0, 2, 2, 4, 3, 0, 1, 3, 3, 0, 2, 4, 2, 2, 3, 0, 2, 5, 3, 3, 1, 364
F# aeolian (6#), 3, 5, 5, 2, 1, 3, 2, 1, 4, 2, 1, 0, 0, 0, 1, 1, 0, 1, 3, 1, 4, 4, 2, 2, 4, 4, 2, 0,  , 1, 1, 2, 5, 2, 1, 2, 3, 2, 1, 3, 1, 1, 1, 3, 1, 3, 1, 1,  , 6, 3, 4, 6, 2, 2, 4, 4, 0, 4, 2, 0, 2, 5, 4, 6, 4, 1,  , 1, 1, 1, 3, 4, 1, 1, 1, 1, 4, 5, 5, 3, 1, 1, 2, 4, 1, 4, 6, 4, 2, 0, 3, 1, 4, 2, 2,  , 1, 1, 1, 5, 2, 3, 2, 2, 5, 3, 1, 2, 2, 1, 1, 0, 3, 5, 5, 6, 2, 4, 2, 5, 2, 2, 0, 0, 2, 3, 3, 2, 0, 1, 2, 5, 0, 2, 5, 3, 2, 3, 0, 2, 4, 2, 4, 1, 334
Gb locrian (6b), 3, 5, 5, 2, 1, 3, 2, 1, 4, 2, 1, 0, 0, 0, 1, 1, 0, 1, 3, 1, 4, 4, 2, 2, 4, 4, 2, 0,  , 1, 1, 2, 5, 2, 1, 2, 3, 2, 1, 3, 1, 1, 1, 3, 1, 3, 1, 1,  , 6, 3, 4, 6, 2, 2, 4, 4, 0, 4, 2, 0, 2, 5, 4, 6, 4, 1,  , 1, 1, 1, 3, 4, 1, 1, 1, 1, 4, 5, 5, 3, 1, 1, 2, 4, 1, 4, 6, 4, 2, 0, 3, 1, 4, 2, 2,  , 1, 1, 1, 5, 2, 3, 2, 2, 5, 3, 1, 2, 2, 1, 1, 0, 3, 5, 5, 6, 2, 4, 2, 5, 2, 2, 0, 0, 2, 3, 3, 2, 0, 1, 2, 5, 0, 2, 5, 3, 2, 3, 0, 2, 4, 2, 4, 1, 334
F# locrian (6#), 3, 5, 5, 2, 1, 3, 2, 1, 4, 2, 1, 0, 0, 0, 1, 1, 0, 1, 3, 1, 4, 4, 2, 2, 4, 4, 2, 0,  , 1, 1, 2, 5, 2, 1, 2, 3, 2, 1, 3, 1, 1, 1, 3, 1, 3, 1, 1,  , 6, 3, 4, 6, 2, 2, 4, 4, 0, 4, 2, 0, 2, 5, 4, 6, 4, 1,  , 1, 1, 1, 3, 4, 1, 1, 1, 1, 4, 5, 5, 3, 1, 1, 2, 4, 1, 4, 6, 4, 2, 0, 3, 1, 4, 2, 2,  , 1, 1, 1, 5, 2, 3, 2, 2, 5, 3, 1, 2, 2, 1, 1, 0, 3, 5, 5, 6, 2, 4, 2, 5, 2, 2, 0, 0, 2, 3, 3, 2, 0, 1, 2, 5, 0, 2, 5, 3, 2, 3, 0, 2, 4, 2, 4, 1, 334
Cb major (7b), 3, 5, 5, 2, 1, 3, 2, 1, 4, 2, 1, 0, 0, 0, 1, 1, 0, 1, 3, 1, 4, 4, 2, 2, 4, 4, 2, 0,  , 1, 1, 2, 5, 2, 1, 2, 3, 2, 1, 3, 1, 1, 1, 3, 1, 3, 1, 1,  , 6, 3, 4, 6, 2, 2, 4, 4, 0, 4, 2, 0, 2, 5, 4, 6, 4, 1,  , 1, 1, 1, 3, 4, 1, 1, 1, 1, 4, 5, 5, 3, 1, 1, 2, 4, 1, 4, 6, 4, 2, 0, 3, 1, 4, 2, 2,  , 1, 1, 1, 5, 2, 3, 2, 2, 5, 3, 1, 2, 2, 1, 1, 0, 3, 5, 5, 6, 2, 4, 2, 5, 2, 2, 0, 0, 2, 3, 3, 2, 0, 1, 2, 5, 0, 2, 5, 3, 2, 3, 0, 2, 4, 2, 4, 1, 334
C# major (7#), 3, 5, 5, 2, 1, 3, 2, 1, 4, 2, 1, 0, 0, 0, 1, 1, 0, 1, 3, 1, 4, 4, 2, 2, 4, 4, 2, 0,  , 1, 1, 2, 5, 2, 1, 2, 3, 2, 1, 3, 1, 1, 1, 3, 1, 3, 1, 1,  , 6, 3, 4, 6, 2, 2, 4, 4, 0, 4, 2, 0, 2, 5, 4, 6, 4, 1,  , 1, 1, 1, 3, 4, 1, 1, 1, 1, 4, 5, 5, 3, 1, 1, 2, 4, 1, 4, 6, 4, 2, 0, 3, 1, 4, 2, 2,  , 1, 1, 1, 5, 2, 3, 2, 2, 5, 3, 1, 2, 2, 1, 1, 0, 3, 5, 5, 6, 2, 4, 2, 5, 2, 2, 0, 0, 2, 3, 3, 2, 0, 1, 2, 5, 0, 2, 5, 3, 2, 3, 0, 2, 4, 2, 4, 1, 334
Ab minor (7b), 3, 5, 5, 2, 1, 3, 2, 1, 4, 2, 1, 0, 0, 0, 1, 1, 0, 1, 3, 1, 4, 4, 2, 2, 4, 4, 2, 0,  , 1, 1, 2, 5, 2, 1, 2, 3, 2, 1, 3, 1, 1, 1, 3, 1, 3, 1, 1,  , 6, 3, 4, 6, 2, 2, 4, 4, 0, 4, 2, 0, 2, 5, 4, 6, 4, 1,  , 1, 1, 1, 3, 4, 1, 1, 1, 1, 4, 5, 5, 3, 1, 1, 2, 4, 1, 4, 6, 4, 2, 0, 3, 1, 4, 2, 2,  , 1, 1, 1, 5, 2, 3, 2, 2, 5, 3, 1, 2, 2, 1, 1, 0, 3, 5, 5, 6, 2, 4, 2, 5, 2, 2, 0, 0, 2, 3, 3, 2, 0, 1, 2, 5, 0, 2, 5, 3, 2, 3, 0, 2, 4, 2, 4, 1, 334
A# minor (7#), 2, 4, 4, 1, 1, 2, 1, 1, 4, 1, 2, 0, 0, 0, 0, 0, 0, 0, 2, 2, 5, 3, 1, 2, 2, 4, 1, 0,  , 1, 2, 1, 3, 2, 0, 2, 3, 1, 0, 3, 1, 0, 0, 2, 0, 4, 0, 0,  , 5, 4, 3, 5, 2, 3, 5, 4, 0, 5, 3, 1, 2, 3, 3, 5, 3, 0,  , 0, 0, 0, 2, 5, 0, 0, 0, 1, 5, 4, 3, 3, 0, 0, 3, 3, 0, 3, 5, 3, 1, 0, 2, 0, 3, 3, 1,  , 0, 0, 1, 3, 1, 2, 2, 2, 3, 2, 0, 2, 3, 0, 0, 0, 4, 4, 4, 5, 3, 5, 2, 6, 3, 2, 1, 1, 3, 2, 4, 3, 0, 1, 2, 4, 0, 1, 5, 3, 1, 2, 0, 1, 5, 1, 3, 0, 278
Ab minor mel (7b), 2, 5, 5, 3, 1, 5, 3, 2, 4, 3, 2, 1, 0, 1, 1, 2, 0, 2, 3, 1, 3, 8, 3, 3, 5, 4, 3, 0,  , 1, 2, 3, 6, 4, 1, 2, 2, 2, 2, 5, 0, 2, 1, 3, 1, 3, 2, 2,  , 5, 3, 3, 5, 3, 1, 3, 4, 0, 3, 2, 0, 1, 3, 6, 5, 3, 2,  , 1, 1, 1, 2, 4, 1, 2, 1, 1, 5, 4, 3, 4, 1, 1, 2, 4, 2, 3, 5, 3, 3, 1, 3, 2, 3, 3, 3,  , 2, 2, 2, 4, 3, 4, 3, 1, 4, 3, 1, 1, 3, 1, 2, 1, 3, 4, 4, 5, 1, 3, 2, 5, 2, 1, 0, 0, 1, 3, 3, 3, 0, 2, 2, 3, 0, 2, 5, 2, 3, 3, 1, 2, 4, 3, 3, 2, 354
A# minor mel (7#), 3, 5, 3, 1, 1, 4, 1, 1, 4, 1, 2, 0, 0, 0, 0, 0, 0, 0, 2, 3, 4, 6, 2, 2, 3, 4, 1, 0,  , 1, 3, 1, 5, 3, 0, 2, 4, 2, 0, 4, 1, 0, 0, 2, 0, 5, 0, 0,  , 5, 4, 4, 5, 2, 3, 4, 3, 0, 5, 3, 1, 1, 3, 4, 4, 2, 0,  , 0, 0, 0, 2, 6, 0, 0, 0, 1, 6, 5, 3, 3, 0, 0, 3, 3, 0, 3, 4, 2, 1, 0, 2, 0, 4, 3, 1,  , 0, 0, 1, 4, 1, 3, 2, 1, 4, 1, 0, 1, 3, 0, 0, 0, 4, 4, 4, 5, 3, 4, 2, 3, 3, 2, 1, 1, 2, 1, 5, 2, 0, 1, 2, 2, 0, 1, 4, 2, 1, 2, 0, 1, 6, 2, 4, 0, 286
Cb major blues (7b), 2, 5, 6, 4, 1, 6, 5, 3, 5, 6, 3, 1, 0, 1, 1, 2, 0, 2, 4, 2, 4, 7, 4, 3, 6, 5, 6, 0,  , 2, 3, 3, 6, 7, 1, 2, 3, 5, 3, 5, 0, 2, 1, 4, 2, 4, 2, 4,  , 3, 4, 4, 4, 4, 1, 2, 2, 0, 4, 2, 0, 1, 4, 6, 4, 5, 2,  , 1, 1, 1, 3, 4, 1, 4, 2, 1, 6, 3, 3, 5, 1, 1, 4, 5, 2, 4, 4, 5, 5, 1, 2, 3, 4, 4, 4,  , 2, 2, 2, 5, 4, 6, 3, 1, 4, 3, 2, 2, 3, 2, 4, 1, 3, 4, 4, 4, 1, 4, 2, 2, 3, 2, 0, 0, 1, 5, 4, 4, 0, 2, 3, 5, 0, 2, 3, 1, 3, 4, 1, 2, 4, 4, 2, 2, 416
C# major blues (7#), 3, 5, 5, 2, 1, 3, 2, 1, 4, 2, 1, 0, 0, 0, 1, 1, 0, 1, 3, 1, 4, 4, 2, 2, 4, 4, 2, 0,  , 1, 1, 2, 5, 2, 1, 2, 3, 2, 1, 3, 1, 1, 1, 3, 1, 3, 1, 1,  , 6, 3, 4, 6, 2, 2, 4, 4, 0, 4, 2, 0, 2, 5, 4, 6, 4, 1,  , 1, 1, 1, 3, 4, 1, 1, 1, 1, 4, 5, 5, 3, 1, 1, 2, 4, 1, 4, 6, 4, 2, 0, 3, 1, 4, 2, 2,  , 1, 1, 1, 5, 2, 3, 2, 2, 5, 3, 1, 2, 2, 1, 1, 0, 3, 5, 5, 6, 2, 4, 2, 5, 2, 2, 0, 0, 2, 3, 3, 2, 0, 1, 2, 5, 0, 2, 5, 3, 2, 3, 0, 2, 4, 2, 4, 1, 334
Ab minor blues (7b), 3, 5, 5, 2, 1, 5, 4, 2, 5, 3, 1, 0, 0, 0, 1, 1, 0, 1, 3, 2, 5, 7, 3, 2, 5, 5, 3, 0,  , 2, 2, 2, 5, 6, 1, 2, 4, 3, 1, 4, 1, 1, 1, 3, 1, 4, 1, 1,  , 6, 4, 5, 6, 3, 2, 3, 2, 0, 4, 2, 0, 2, 4, 6, 5, 4, 1,  , 1, 1, 1, 3, 5, 1, 1, 1, 1, 6, 4, 4, 4, 1, 1, 3, 4, 1, 5, 5, 4, 2, 0, 2, 1, 5, 3, 3,  , 1, 1, 1, 6, 3, 5, 2, 1, 5, 2, 1, 2, 2, 1, 1, 0, 3, 5, 5, 6, 2, 4, 2, 2, 2, 3, 0, 0, 2, 2, 4, 3, 0, 1, 3, 3, 0, 2, 4, 2, 2, 3, 0, 2, 5, 3, 3, 1, 364
A# minor blues (7#), 3, 5, 5, 2, 1, 5, 4, 2, 5, 3, 1, 0, 0, 0, 1, 1, 0, 1, 3, 2, 5, 7, 3, 2, 5, 5, 3, 0,  , 2, 2, 2, 5, 6, 1, 2, 4, 3, 1, 4, 1, 1, 1, 3, 1, 4, 1, 1,  , 6, 4, 5, 6, 3, 2, 3, 2, 0, 4, 2, 0, 2, 4, 6, 5, 4, 1,  , 1, 1, 1, 3, 5, 1, 1, 1, 1, 6, 4, 4, 4, 1, 1, 3, 4, 1, 5, 5, 4, 2, 0, 2, 1, 5, 3, 3,  , 1, 1, 1, 6, 3, 5, 2, 1, 5, 2, 1, 2, 2, 1, 1, 0, 3, 5, 5, 6, 2, 4, 2, 2, 2, 3, 0, 0, 2, 2, 4, 3, 0, 1, 3, 3, 0, 2, 4, 2, 2, 3, 0, 2, 5, 3, 3, 1, 364
Cb dorian (7b), 3, 5, 5, 2, 1, 3, 2, 1, 4, 2, 1, 0, 0, 0, 1, 1, 0, 1, 3, 1, 4, 4, 2, 2, 4, 4, 2, 0,  , 1, 1, 2, 5, 2, 1, 2, 3, 2, 1, 3, 1, 1, 1, 3, 1, 3, 1, 1,  , 6, 3, 4, 6, 2, 2, 4, 4, 0, 4, 2, 0, 2, 5, 4, 6, 4, 1,  , 1, 1, 1, 3, 4, 1, 1, 1, 1, 4, 5, 5, 3, 1, 1, 2, 4, 1, 4, 6, 4, 2, 0, 3, 1, 4, 2, 2,  , 1, 1, 1, 5, 2, 3, 2, 2, 5, 3, 1, 2, 2, 1, 1, 0, 3, 5, 5, 6, 2, 4, 2, 5, 2, 2, 0, 0, 2, 3, 3, 2, 0, 1, 2, 5, 0, 2, 5, 3, 2, 3, 0, 2, 4, 2, 4, 1, 334
C# dorian (7#), 3, 5, 5, 2, 1, 5, 4, 2, 5, 3, 1, 0, 0, 0, 1, 1, 0, 1, 3, 2, 5, 7, 3, 2, 5, 5, 3, 0,  , 2, 2, 2, 5, 6, 1, 2, 4, 3, 1, 4, 1, 1, 1, 3, 1, 4, 1, 1,  , 6, 4, 5, 6, 3, 2, 3, 2, 0, 4, 2, 0, 2, 4, 6, 5, 4, 1,  , 1, 1, 1, 3, 5, 1, 1, 1, 1, 6, 4, 4, 4, 1, 1, 3, 4, 1, 5, 5, 4, 2, 0, 2, 1, 5, 3, 3,  , 1, 1, 1, 6, 3, 5, 2, 1, 5, 2, 1, 2, 2, 1, 1, 0, 3, 5, 5, 6, 2, 4, 2, 2, 2, 3, 0, 0, 2, 2, 4, 3, 0, 1, 3, 3, 0, 2, 4, 2, 2, 3, 0, 2, 5, 3, 3, 1, 364
Cb phrygian (7b), 3, 5, 5, 2, 1, 3, 2, 1, 4, 2, 1, 0, 0, 0, 1, 1, 0, 1, 3, 1, 4, 4, 2, 2, 4, 4, 2, 0,  , 1, 1, 2, 5, 2, 1, 2, 3, 2, 1, 3, 1, 1, 1, 3, 1, 3, 1, 1,  , 6, 3, 4, 6, 2, 2, 4, 4, 0, 4, 2, 0, 2, 5, 4, 6, 4, 1,  , 1, 1, 1, 3, 4, 1, 1, 1, 1, 4, 5, 5, 3, 1, 1, 2, 4, 1, 4, 6, 4, 2, 0, 3, 1, 4, 2, 2,  , 1, 1, 1, 5, 2, 3, 2, 2, 5, 3, 1, 2, 2, 1, 1, 0, 3, 5, 5, 6, 2, 4, 2, 5, 2, 2, 0, 0, 2, 3, 3, 2, 0, 1, 2, 5, 0, 2, 5, 3, 2, 3, 0, 2, 4, 2, 4, 1, 334
C# phrygian (7#), 3, 5, 5, 2, 1, 3, 2, 1, 4, 2, 1, 0, 0, 0, 1, 1, 0, 1, 3, 1, 4, 4, 2, 2, 4, 4, 2, 0,  , 1, 1, 2, 5, 2, 1, 2, 3, 2, 1, 3, 1, 1, 1, 3, 1, 3, 1, 1,  , 6, 3, 4, 6, 2, 2, 4, 4, 0, 4, 2, 0, 2, 5, 4, 6, 4, 1,  , 1, 1, 1, 3, 4, 1, 1, 1, 1, 4, 5, 5, 3, 1, 1, 2, 4, 1, 4, 6, 4, 2, 0, 3, 1, 4, 2, 2,  , 1, 1, 1, 5, 2, 3, 2, 2, 5, 3, 1, 2, 2, 1, 1, 0, 3, 5, 5, 6, 2, 4, 2, 5, 2, 2, 0, 0, 2, 3, 3, 2, 0, 1, 2, 5, 0, 2, 5, 3, 2, 3, 0, 2, 4, 2, 4, 1, 334
Cb lydian (7b), 3, 5, 5, 2, 1, 3, 2, 1, 4, 2, 1, 0, 0, 0, 1, 1, 0, 1, 3, 1, 4, 4, 2, 2, 4, 4, 2, 0,  , 1, 1, 2, 5, 2, 1, 2, 3, 2, 1, 3, 1, 1, 1, 3, 1, 3, 1, 1,  , 6, 3, 4, 6, 2, 2, 4, 4, 0, 4, 2, 0, 2, 5, 4, 6, 4, 1,  , 1, 1, 1, 3, 4, 1, 1, 1, 1, 4, 5, 5, 3, 1, 1, 2, 4, 1, 4, 6, 4, 2, 0, 3, 1, 4, 2, 2,  , 1, 1, 1, 5, 2, 3, 2, 2, 5, 3, 1, 2, 2, 1, 1, 0, 3, 5, 5, 6, 2, 4, 2, 5, 2, 2, 0, 0, 2, 3, 3, 2, 0, 1, 2, 5, 0, 2, 5, 3, 2, 3, 0, 2, 4, 2, 4, 1, 334
C# lydian (7#), 3, 5, 5, 2, 1, 3, 2, 1, 4, 2, 1, 0, 0, 0, 1, 1, 0, 1, 3, 1, 4, 4, 2, 2, 4, 4, 2, 0,  , 1, 1, 2, 5, 2, 1, 2, 3, 2, 1, 3, 1, 1, 1, 3, 1, 3, 1, 1,  , 6, 3, 4, 6, 2, 2, 4, 4, 0, 4, 2, 0, 2, 5, 4, 6, 4, 1,  , 1, 1, 1, 3, 4, 1, 1, 1, 1, 4, 5, 5, 3, 1, 1, 2, 4, 1, 4, 6, 4, 2, 0, 3, 1, 4, 2, 2,  , 1, 1, 1, 5, 2, 3, 2, 2, 5, 3, 1, 2, 2, 1, 1, 0, 3, 5, 5, 6, 2, 4, 2, 5, 2, 2, 0, 0, 2, 3, 3, 2, 0, 1, 2, 5, 0, 2, 5, 3, 2, 3, 0, 2, 4, 2, 4, 1, 334
Cb mixolydian (7b), 3, 5, 5, 2, 1, 3, 2, 1, 4, 2, 1, 0, 0, 0, 1, 1, 0, 1, 3, 1, 4, 4, 2, 2, 4, 4, 2, 0,  , 1, 1, 2, 5, 2, 1, 2, 3, 2, 1, 3, 1, 1, 1, 3, 1, 3, 1, 1,  , 6, 3, 4, 6, 2, 2, 4, 4, 0, 4, 2, 0, 2, 5, 4, 6, 4, 1,  , 1, 1, 1, 3, 4, 1, 1, 1, 1, 4, 5, 5, 3, 1, 1, 2, 4, 1, 4, 6, 4, 2, 0, 3, 1, 4, 2, 2,  , 1, 1, 1, 5, 2, 3, 2, 2, 5, 3, 1, 2, 2, 1, 1, 0, 3, 5, 5, 6, 2, 4, 2, 5, 2, 2, 0, 0, 2, 3, 3, 2, 0, 1, 2, 5, 0, 2, 5, 3, 2, 3, 0, 2, 4, 2, 4, 1, 334
C# mixolydian (7#), 3, 5, 5, 2, 1, 3, 2, 1, 4, 2, 1, 0, 0, 0, 1, 1, 0, 1, 3, 1, 4, 4, 2, 2, 4, 4, 2, 0,  , 1, 1, 2, 5, 2, 1, 2, 3, 2, 1, 3, 1, 1, 1, 3, 1, 3, 1, 1,  , 6, 3, 4, 6, 2, 2, 4, 4, 0, 4, 2, 0, 2, 5, 4, 6, 4, 1,  , 1, 1, 1, 3, 4, 1, 1, 1, 1, 4, 5, 5, 3, 1, 1, 2, 4, 1, 4, 6, 4, 2, 0, 3, 1, 4, 2, 2,  , 1, 1, 1, 5, 2, 3, 2, 2, 5, 3, 1, 2, 2, 1, 1, 0, 3, 5, 5, 6, 2, 4, 2, 5, 2, 2, 0, 0, 2, 3, 3, 2, 0, 1, 2, 5, 0, 2, 5, 3, 2, 3, 0, 2, 4, 2, 4, 1, 334
Cb aeolian (7b), 2, 4, 4, 1, 1, 2, 1, 1, 4, 1, 2, 0, 0, 0, 0, 0, 0, 0, 2, 2, 5, 3, 1, 2, 2, 4, 1, 0,  , 1, 2, 1, 3, 2, 0, 2, 3, 1, 0, 3, 1, 0, 0, 2, 0, 4, 0, 0,  , 5, 4, 3, 5, 2, 3, 5, 4, 0, 5, 3, 1, 2, 3, 3, 5, 3, 0,  , 0, 0, 0, 2, 5, 0, 0, 0, 1, 5, 4, 3, 3, 0, 0, 3, 3, 0, 3, 5, 3, 1, 0, 2, 0, 3, 3, 1,  , 0, 0, 1, 3, 1, 2, 2, 2, 3, 2, 0, 2, 3, 0, 0, 0, 4, 4, 4, 5, 3, 5, 2, 6, 3, 2, 1, 1, 3, 2, 4, 3, 0, 1, 2, 4, 0, 1, 5, 3, 1, 2, 0, 1, 5, 1, 3, 0, 278
C# aeolian (7#), 2, 5, 5, 3, 1, 5, 3, 2, 4, 3, 2, 1, 0, 1, 1, 2, 0, 2, 3, 1, 3, 8, 3, 3, 5, 4, 3, 0,  , 1, 2, 3, 6, 4, 1, 2, 2, 2, 2, 5, 0, 2, 1, 3, 1, 3, 2, 2,  , 5, 3, 3, 5, 3, 1, 3, 4, 0, 3, 2, 0, 1, 3, 6, 5, 3, 2,  , 1, 1, 1, 2, 4, 1, 2, 1, 1, 5, 4, 3, 4, 1, 1, 2, 4, 2, 3, 5, 3, 3, 1, 3, 2, 3, 3, 3,  , 2, 2, 2, 4, 3, 4, 3, 1, 4, 3, 1, 1, 3, 1, 2, 1, 3, 4, 4, 5, 1, 3, 2, 5, 2, 1, 0, 0, 1, 3, 3, 3, 0, 2, 2, 3, 0, 2, 5, 2, 3, 3, 1, 2, 4, 3, 3, 2, 354
Cb locrian (7b), 3, 5, 3, 1, 1, 4, 1, 1, 4, 1, 2, 0, 0, 0, 0, 0, 0, 0, 2, 3, 4, 6, 2, 2, 3, 4, 1, 0,  , 1, 3, 1, 5, 3, 0, 2, 4, 2, 0, 4, 1, 0, 0, 2, 0, 5, 0, 0,  , 5, 4, 4, 5, 2, 3, 4, 3, 0, 5, 3, 1, 1, 3, 4, 4, 2, 0,  , 0, 0, 0, 2, 6, 0, 0, 0, 1, 6, 5, 3, 3, 0, 0, 3, 3, 0, 3, 4, 2, 1, 0, 2, 0, 4, 3, 1,  , 0, 0, 1, 4, 1, 3, 2, 1, 4, 1, 0, 1, 3, 0, 0, 0, 4, 4, 4, 5, 3, 4, 2, 3, 3, 2, 1, 1, 2, 1, 5, 2, 0, 1, 2, 2, 0, 1, 4, 2, 1, 2, 0, 1, 6, 2, 4, 0, 286
C# locrian (7#), 2, 5, 6, 4, 1, 6, 5, 3, 5, 6, 3, 1, 0, 1, 1, 2, 0, 2, 4, 2, 4, 7, 4, 3, 6, 5, 6, 0,  , 2, 3, 3, 6, 7, 1, 2, 3, 5, 3, 5, 0, 2, 1, 4, 2, 4, 2, 4,  , 3, 4, 4, 4, 4, 1, 2, 2, 0, 4, 2, 0, 1, 4, 6, 4, 5, 2,  , 1, 1, 1, 3, 4, 1, 4, 2, 1, 6, 3, 3, 5, 1, 1, 4, 5, 2, 4, 4, 5, 5, 1, 2, 3, 4, 4, 4,  , 2, 2, 2, 5, 4, 6, 3, 1, 4, 3, 2, 2, 3, 2, 4, 1, 3, 4, 4, 4, 1, 4, 2, 2, 3, 2, 0, 0, 1, 5, 4, 4, 0, 2, 3, 5, 0, 2, 3, 1, 3, 4, 1, 2, 4, 4, 2, 2, 416
