 , 0, 1, 2, 3, 4, 5, 6, 7, 8, 9, 10, 11, 12, 13, 14, 15, 16, 17, 18, 19, 20, 21, 22, 23, 24, 25, 26, 27, 28, 29, 30, 31, 32, 33, 34, 35, 36, 37, 38, 39, 40, 41, 42, 43, 44, 45, 46, 47, 48, rowcost
C major (0), 0:0:0:0:0, 2:2:0:0:0, 0:0:0:0:0, 3:3:0:0:0, 2:2:0:0:0, 4:3:0:0:0, 0:0:0:0:0, 4:4:0:0:0, 1:1:0:0:0, 2:2:0:0:0, 0:0:0:0:0, 1:1:0:0:0, 1:1:0:0:1, 2:2:0:0:0, 1:1:0:0:0, 0:0:0:0:0, 1:1:0:0:1, 3:3:0:0:0, 1:1:0:0:0, 2:2:0:0:1, 1:1:0:0:0, 8:5:0:0:1, 2:2:0:0:0, 0:0:0:0:0, 2:1:0:0:0, 2:2:0:0:0, 2:1:0:0:0, 1:1:0:0:0, 2:2:0:0:0, 2:2:0:0:0, 1:1:0:0:0, 5:5:0:0:0, 5:3:0:0:0, 3:2:0:0:1, 1:1:0:0:0, 0:0:0:0:0, 0:0:0:0:0, 2:2:0:0:0, 2:1:0:0:0, 1:1:0:0:0, 3:3:0:0:0, 2:2:0:0:0, 0:0:0:0:0,  , 2:2:0:0:2, 4:3:0:0:0, 1:1:0:0:0, 2:2:0:0:0, 0:0:0:0:0, 86:75:0:0:7
A minor (0), 0:0:0:0:0, 2:2:0:0:0, 0:0:0:0:0, 3:3:0:0:0, 2:2:0:0:0, 4:3:0:0:0, 0:0:0:0:0, 4:4:0:0:0, 1:1:0:0:0, 2:2:0:0:0, 0:0:0:0:0, 1:1:0:0:0, 1:1:0:0:1, 2:2:0:0:0, 1:1:0:0:0, 0:0:0:0:0, 1:1:0:0:1, 3:3:0:0:0, 1:1:0:0:0, 2:2:0:0:1, 1:1:0:0:0, 8:5:0:0:1, 2:2:0:0:0, 0:0:0:0:0, 2:1:0:0:0, 2:2:0:0:0, 2:1:0:0:0, 1:1:0:0:0, 2:2:0:0:0, 2:2:0:0:0, 1:1:0:0:0, 5:5:0:0:0, 5:3:0:0:0, 3:2:0:0:1, 1:1:0:0:0, 0:0:0:0:0, 0:0:0:0:0, 2:2:0:0:0, 2:1:0:0:0, 1:1:0:0:0, 3:3:0:0:0, 2:2:0:0:0, 0:0:0:0:0,  , 2:2:0:0:2, 4:3:0:0:0, 1:1:0:0:0, 2:2:0:0:0, 0:0:0:0:0, 86:75:0:0:7
A minor mel (0), 0:0:0:0:0, 2:2:0:0:0, 0:0:0:0:0, 3:3:0:0:0, 2:2:0:0:0, 4:3:0:0:0, 0:0:0:0:0, 4:4:0:0:0, 1:1:0:0:0, 2:2:0:0:0, 0:0:0:0:0, 1:1:0:0:0, 1:1:0:0:1, 2:2:0:0:0, 1:1:0:0:0, 0:0:0:0:0, 1:1:0:0:1, 3:3:0:0:0, 1:1:0:0:0, 2:2:0:0:1, 1:1:0:0:0, 8:5:0:0:1, 2:2:0:0:0, 0:0:0:0:0, 2:1:0:0:0, 2:2:0:0:0, 2:1:0:0:0, 1:1:0:0:0, 2:2:0:0:0, 2:2:0:0:0, 1:1:0:0:0, 5:5:0:0:0, 5:3:0:0:0, 3:2:0:0:1, 1:1:0:0:0, 0:0:0:0:0, 0:0:0:0:0, 2:2:0:0:0, 2:1:0:0:0, 1:1:0:0:0, 3:3:0:0:0, 2:2:0:0:0, 0:0:0:0:0,  , 2:2:0:0:2, 4:3:0:0:0, 1:1:0:0:0, 2:2:0:0:0, 0:0:0:0:0, 86:75:0:0:7
C major blues (0), 0:0:0:0:0, 2:2:0:0:0, 0:0:0:0:0, 3:3:0:0:0, 2:2:0:0:0, 4:3:0:0:0, 0:0:0:0:0, 4:4:0:0:0, 1:1:0:0:0, 2:2:0:0:0, 0:0:0:0:0, 1:1:0:0:0, 1:1:0:0:1, 2:2:0:0:0, 1:1:0:0:0, 0:0:0:0:0, 1:1:0:0:1, 3:3:0:0:0, 1:1:0:0:0, 2:2:0:0:1, 1:1:0:0:0, 8:5:0:0:1, 2:2:0:0:0, 0:0:0:0:0, 2:1:0:0:0, 2:2:0:0:0, 2:1:0:0:0, 1:1:0:0:0, 2:2:0:0:0, 2:2:0:0:0, 1:1:0:0:0, 5:5:0:0:0, 5:3:0:0:0, 3:2:0:0:1, 1:1:0:0:0, 0:0:0:0:0, 0:0:0:0:0, 2:2:0:0:0, 2:1:0:0:0, 1:1:0:0:0, 3:3:0:0:0, 2:2:0:0:0, 0:0:0:0:0,  , 2:2:0:0:2, 4:3:0:0:0, 1:1:0:0:0, 2:2:0:0:0, 0:0:0:0:0, 86:75:0:0:7
A minor blues (0), 0:0:0:0:0, 2:2:0:0:0, 0:0:0:0:0, 3:3:0:0:0, 2:2:0:0:0, 4:3:0:0:0, 0:0:0:0:0, 4:4:0:0:0, 1:1:0:0:0, 2:2:0:0:0, 0:0:0:0:0, 1:1:0:0:0, 1:1:0:0:1, 2:2:0:0:0, 1:1:0:0:0, 0:0:0:0:0, 1:1:0:0:1, 3:3:0:0:0, 1:1:0:0:0, 2:2:0:0:1, 1:1:0:0:0, 8:5:0:0:1, 2:2:0:0:0, 0:0:0:0:0, 2:1:0:0:0, 2:2:0:0:0, 2:1:0:0:0, 1:1:0:0:0, 2:2:0:0:0, 2:2:0:0:0, 1:1:0:0:0, 5:5:0:0:0, 5:3:0:0:0, 3:2:0:0:1, 1:1:0:0:0, 0:0:0:0:0, 0:0:0:0:0, 2:2:0:0:0, 2:1:0:0:0, 1:1:0:0:0, 3:3:0:0:0, 2:2:0:0:0, 0:0:0:0:0,  , 2:2:0:0:2, 4:3:0:0:0, 1:1:0:0:0, 2:2:0:0:0, 0:0:0:0:0, 86:75:0:0:7
C dorian (0), 0:0:0:0:0, 2:2:0:0:0, 0:0:0:0:0, 3:3:0:0:0, 2:2:0:0:0, 4:3:0:0:0, 0:0:0:0:0, 4:4:0:0:0, 1:1:0:0:0, 2:2:0:0:0, 0:0:0:0:0, 1:1:0:0:0, 1:1:0:0:1, 2:2:0:0:0, 1:1:0:0:0, 0:0:0:0:0, 1:1:0:0:1, 3:3:0:0:0, 1:1:0:0:0, 2:2:0:0:1, 1:1:0:0:0, 8:5:0:0:1, 2:2:0:0:0, 0:0:0:0:0, 2:1:0:0:0, 2:2:0:0:0, 2:1:0:0:0, 1:1:0:0:0, 2:2:0:0:0, 2:2:0:0:0, 1:1:0:0:0, 5:5:0:0:0, 5:3:0:0:0, 3:2:0:0:1, 1:1:0:0:0, 0:0:0:0:0, 0:0:0:0:0, 2:2:0:0:0, 2:1:0:0:0, 1:1:0:0:0, 3:3:0:0:0, 2:2:0:0:0, 0:0:0:0:0,  , 2:2:0:0:2, 4:3:0:0:0, 1:1:0:0:0, 2:2:0:0:0, 0:0:0:0:0, 86:75:0:0:7
C phrygian (0), 0:0:0:0:0, 2:2:0:0:0, 0:0:0:0:0, 3:3:0:0:0, 2:2:0:0:0, 4:3:0:0:0, 0:0:0:0:0, 4:4:0:0:0, 1:1:0:0:0, 2:2:0:0:0, 0:0:0:0:0, 1:1:0:0:0, 1:1:0:0:1, 2:2:0:0:0, 1:1:0:0:0, 0:0:0:0:0, 1:1:0:0:1, 3:3:0:0:0, 1:1:0:0:0, 2:2:0:0:1, 1:1:0:0:0, 8:5:0:0:1, 2:2:0:0:0, 0:0:0:0:0, 2:1:0:0:0, 2:2:0:0:0, 2:1:0:0:0, 1:1:0:0:0, 2:2:0:0:0, 2:2:0:0:0, 1:1:0:0:0, 5:5:0:0:0, 5:3:0:0:0, 3:2:0:0:1, 1:1:0:0:0, 0:0:0:0:0, 0:0:0:0:0, 2:2:0:0:0, 2:1:0:0:0, 1:1:0:0:0, 3:3:0:0:0, 2:2:0:0:0, 0:0:0:0:0,  , 2:2:0:0:2, 4:3:0:0:0, 1:1:0:0:0, 2:2:0:0:0, 0:0:0:0:0, 86:75:0:0:7
C lydian (0), 0:0:0:0:0, 2:2:0:0:0, 0:0:0:0:0, 3:3:0:0:0, 2:2:0:0:0, 4:3:0:0:0, 0:0:0:0:0, 4:4:0:0:0, 1:1:0:0:0, 2:2:0:0:0, 0:0:0:0:0, 1:1:0:0:0, 1:1:0:0:1, 2:2:0:0:0, 1:1:0:0:0, 0:0:0:0:0, 1:1:0:0:1, 3:3:0:0:0, 1:1:0:0:0, 2:2:0:0:1, 1:1:0:0:0, 8:5:0:0:1, 2:2:0:0:0, 0:0:0:0:0, 2:1:0:0:0, 2:2:0:0:0, 2:1:0:0:0, 1:1:0:0:0, 2:2:0:0:0, 2:2:0:0:0, 1:1:0:0:0, 5:5:0:0:0, 5:3:0:0:0, 3:2:0:0:1, 1:1:0:0:0, 0:0:0:0:0, 0:0:0:0:0, 2:2:0:0:0, 2:1:0:0:0, 1:1:0:0:0, 3:3:0:0:0, 2:2:0:0:0, 0:0:0:0:0,  , 2:2:0:0:2, 4:3:0:0:0, 1:1:0:0:0, 2:2:0:0:0, 0:0:0:0:0, 86:75:0:0:7
C mixolydian (0), 0:0:0:0:0, 2:2:0:0:0, 0:0:0:0:0, 3:3:0:0:0, 2:2:0:0:0, 4:3:0:0:0, 0:0:0:0:0, 4:4:0:0:0, 1:1:0:0:0, 2:2:0:0:0, 0:0:0:0:0, 1:1:0:0:0, 1:1:0:0:1, 2:2:0:0:0, 1:1:0:0:0, 0:0:0:0:0, 1:1:0:0:1, 3:3:0:0:0, 1:1:0:0:0, 2:2:0:0:1, 1:1:0:0:0, 8:5:0:0:1, 2:2:0:0:0, 0:0:0:0:0, 2:1:0:0:0, 2:2:0:0:0, 2:1:0:0:0, 1:1:0:0:0, 2:2:0:0:0, 2:2:0:0:0, 1:1:0:0:0, 5:5:0:0:0, 5:3:0:0:0, 3:2:0:0:1, 1:1:0:0:0, 0:0:0:0:0, 0:0:0:0:0, 2:2:0:0:0, 2:1:0:0:0, 1:1:0:0:0, 3:3:0:0:0, 2:2:0:0:0, 0:0:0:0:0,  , 2:2:0:0:2, 4:3:0:0:0, 1:1:0:0:0, 2:2:0:0:0, 0:0:0:0:0, 86:75:0:0:7
C aeolian (0), 0:0:0:0:0, 2:2:0:0:0, 0:0:0:0:0, 3:3:0:0:0, 2:2:0:0:0, 4:3:0:0:0, 0:0:0:0:0, 4:4:0:0:0, 1:1:0:0:0, 2:2:0:0:0, 0:0:0:0:0, 1:1:0:0:0, 1:1:0:0:1, 2:2:0:0:0, 1:1:0:0:0, 0:0:0:0:0, 1:1:0:0:1, 3:3:0:0:0, 1:1:0:0:0, 2:2:0:0:1, 1:1:0:0:0, 8:5:0:0:1, 2:2:0:0:0, 0:0:0:0:0, 2:1:0:0:0, 2:2:0:0:0, 2:1:0:0:0, 1:1:0:0:0, 2:2:0:0:0, 2:2:0:0:0, 1:1:0:0:0, 5:5:0:0:0, 5:3:0:0:0, 3:2:0:0:1, 1:1:0:0:0, 0:0:0:0:0, 0:0:0:0:0, 2:2:0:0:0, 2:1:0:0:0, 1:1:0:0:0, 3:3:0:0:0, 2:2:0:0:0, 0:0:0:0:0,  , 2:2:0:0:2, 4:3:0:0:0, 1:1:0:0:0, 2:2:0:0:0, 0:0:0:0:0, 86:75:0:0:7
C locrian (0), 0:0:0:0:0, 2:2:0:0:0, 0:0:0:0:0, 3:3:0:0:0, 2:2:0:0:0, 4:3:0:0:0, 0:0:0:0:0, 4:4:0:0:0, 1:1:0:0:0, 2:2:0:0:0, 0:0:0:0:0, 1:1:0:0:0, 1:1:0:0:1, 2:2:0:0:0, 1:1:0:0:0, 0:0:0:0:0, 1:1:0:0:1, 3:3:0:0:0, 1:1:0:0:0, 2:2:0:0:1, 1:1:0:0:0, 8:5:0:0:1, 2:2:0:0:0, 0:0:0:0:0, 2:1:0:0:0, 2:2:0:0:0, 2:1:0:0:0, 1:1:0:0:0, 2:2:0:0:0, 2:2:0:0:0, 1:1:0:0:0, 5:5:0:0:0, 5:3:0:0:0, 3:2:0:0:1, 1:1:0:0:0, 0:0:0:0:0, 0:0:0:0:0, 2:2:0:0:0, 2:1:0:0:0, 1:1:0:0:0, 3:3:0:0:0, 2:2:0:0:0, 0:0:0:0:0,  , 2:2:0:0:2, 4:3:0:0:0, 1:1:0:0:0, 2:2:0:0:0, 0:0:0:0:0, 86:75:0:0:7
F major (1b), 0:0:0:0:0, 2:0:1:0:1, 0:0:0:0:0, 2:0:0:0:0, 1:0:0:0:0, 3:0:0:0:0, 0:0:0:0:0, 4:0:1:0:1, 0:0:0:0:0, 1:0:0:0:0, 0:0:0:0:0, 0:0:0:0:0, 1:0:0:0:0, 3:0:0:0:0, 1:0:0:0:0, 0:0:0:0:0, 1:0:1:0:1, 2:0:0:0:0, 1:0:0:0:0, 2:1:0:0:1, 0:0:0:0:0, 7:1:0:0:1, 1:0:0:0:0, 0:0:0:0:0, 2:1:0:0:1, 1:0:0:0:0, 2:0:0:0:0, 1:0:0:0:0, 1:0:0:0:0, 1:0:0:0:0, 0:0:0:0:0, 5:0:1:0:1, 4:0:0:0:0, 3:0:0:0:0, 0:0:0:0:0, 0:0:0:0:0, 0:0:0:0:0, 1:0:0:0:0, 2:0:0:0:0, 1:0:0:0:0, 2:0:0:0:0, 2:0:1:0:1, 0:0:0:0:0,  , 3:1:0:0:1, 3:0:0:0:0, 0:0:0:0:0, 1:0:0:0:0, 0:0:0:0:0, 67:4:5:0:9
G major (1#), 1:0:0:0:0, 2:1:0:0:0, 1:0:0:0:0, 4:1:0:0:1, 3:2:0:0:0, 5:1:0:0:3, 0:0:0:0:0, 3:0:0:0:2, 2:0:0:0:1, 2:0:0:0:2, 1:0:0:0:0, 1:1:0:0:0, 2:0:0:0:1, 3:2:0:0:1, 1:0:0:0:1, 1:0:0:0:0, 2:0:0:0:1, 4:1:0:0:2, 2:0:0:0:1, 2:1:0:0:0, 1:1:0:0:0, 7:1:0:0:4, 3:2:0:0:1, 0:0:0:0:0, 3:0:0:0:0, 3:2:0:0:1, 3:0:0:0:1, 2:0:0:0:1, 3:0:0:0:2, 3:0:0:0:2, 1:0:0:0:1, 4:0:0:0:3, 4:0:0:0:2, 4:1:0:0:2, 2:1:0:0:0, 0:0:0:0:0, 1:0:0:0:0, 3:1:0:0:0, 3:0:0:0:0, 1:0:0:0:1, 4:0:0:0:3, 3:0:0:0:2, 0:0:0:0:0,  , 2:0:0:0:2, 5:1:0:0:1, 2:1:0:0:0, 3:2:0:0:1, 1:0:0:0:0, 113:23:0:0:46
D minor (1b), 0:0:0:0:0, 2:0:1:0:1, 0:0:0:0:0, 2:0:0:0:0, 1:0:0:0:0, 3:0:0:0:0, 0:0:0:0:0, 4:0:1:0:1, 0:0:0:0:0, 1:0:0:0:0, 0:0:0:0:0, 0:0:0:0:0, 1:0:0:0:0, 3:0:0:0:0, 1:0:0:0:0, 0:0:0:0:0, 1:0:1:0:1, 2:0:0:0:0, 1:0:0:0:0, 2:1:0:0:1, 0:0:0:0:0, 7:1:0:0:1, 1:0:0:0:0, 0:0:0:0:0, 2:1:0:0:1, 1:0:0:0:0, 2:0:0:0:0, 1:0:0:0:0, 1:0:0:0:0, 1:0:0:0:0, 0:0:0:0:0, 5:0:1:0:1, 4:0:0:0:0, 3:0:0:0:0, 0:0:0:0:0, 0:0:0:0:0, 0:0:0:0:0, 1:0:0:0:0, 2:0:0:0:0, 1:0:0:0:0, 2:0:0:0:0, 2:0:1:0:1, 0:0:0:0:0,  , 3:1:0:0:1, 3:0:0:0:0, 0:0:0:0:0, 1:0:0:0:0, 0:0:0:0:0, 67:4:5:0:9
E minor (1#), 1:0:0:0:0, 2:1:0:0:0, 1:0:0:0:0, 4:1:0:0:1, 3:2:0:0:0, 5:1:0:0:3, 0:0:0:0:0, 3:0:0:0:2, 2:0:0:0:1, 2:0:0:0:2, 1:0:0:0:0, 1:1:0:0:0, 2:0:0:0:1, 3:2:0:0:1, 1:0:0:0:1, 1:0:0:0:0, 2:0:0:0:1, 4:1:0:0:2, 2:0:0:0:1, 2:1:0:0:0, 1:1:0:0:0, 7:1:0:0:4, 3:2:0:0:1, 0:0:0:0:0, 3:0:0:0:0, 3:2:0:0:1, 3:0:0:0:1, 2:0:0:0:1, 3:0:0:0:2, 3:0:0:0:2, 1:0:0:0:1, 4:0:0:0:3, 4:0:0:0:2, 4:1:0:0:2, 2:1:0:0:0, 0:0:0:0:0, 1:0:0:0:0, 3:1:0:0:0, 3:0:0:0:0, 1:0:0:0:1, 4:0:0:0:3, 3:0:0:0:2, 0:0:0:0:0,  , 2:0:0:0:2, 5:1:0:0:1, 2:1:0:0:0, 3:2:0:0:1, 1:0:0:0:0, 113:23:0:0:46
D minor mel (1b), 0:0:0:0:0, 2:0:1:0:1, 0:0:0:0:0, 2:0:0:0:0, 1:0:0:0:0, 3:0:0:0:0, 0:0:0:0:0, 4:0:1:0:1, 0:0:0:0:0, 1:0:0:0:0, 0:0:0:0:0, 0:0:0:0:0, 1:0:0:0:0, 3:0:0:0:0, 1:0:0:0:0, 0:0:0:0:0, 1:0:1:0:1, 2:0:0:0:0, 1:0:0:0:0, 2:1:0:0:1, 0:0:0:0:0, 7:1:0:0:1, 1:0:0:0:0, 0:0:0:0:0, 2:1:0:0:1, 1:0:0:0:0, 2:0:0:0:0, 1:0:0:0:0, 1:0:0:0:0, 1:0:0:0:0, 0:0:0:0:0, 5:0:1:0:1, 4:0:0:0:0, 3:0:0:0:0, 0:0:0:0:0, 0:0:0:0:0, 0:0:0:0:0, 1:0:0:0:0, 2:0:0:0:0, 1:0:0:0:0, 2:0:0:0:0, 2:0:1:0:1, 0:0:0:0:0,  , 3:1:0:0:1, 3:0:0:0:0, 0:0:0:0:0, 1:0:0:0:0, 0:0:0:0:0, 67:4:5:0:9
E minor mel (1#), 1:0:0:0:0, 2:1:0:0:0, 1:0:0:0:0, 4:1:0:0:1, 3:2:0:0:0, 5:1:0:0:3, 0:0:0:0:0, 3:0:0:0:2, 2:0:0:0:1, 2:0:0:0:2, 1:0:0:0:0, 1:1:0:0:0, 2:0:0:0:1, 3:2:0:0:1, 1:0:0:0:1, 1:0:0:0:0, 2:0:0:0:1, 4:1:0:0:2, 2:0:0:0:1, 2:1:0:0:0, 1:1:0:0:0, 7:1:0:0:4, 3:2:0:0:1, 0:0:0:0:0, 3:0:0:0:0, 3:2:0:0:1, 3:0:0:0:1, 2:0:0:0:1, 3:0:0:0:2, 3:0:0:0:2, 1:0:0:0:1, 4:0:0:0:3, 4:0:0:0:2, 4:1:0:0:2, 2:1:0:0:0, 0:0:0:0:0, 1:0:0:0:0, 3:1:0:0:0, 3:0:0:0:0, 1:0:0:0:1, 4:0:0:0:3, 3:0:0:0:2, 0:0:0:0:0,  , 2:0:0:0:2, 5:1:0:0:1, 2:1:0:0:0, 3:2:0:0:1, 1:0:0:0:0, 113:23:0:0:46
F major blues (1b), 0:0:0:0:0, 2:0:1:0:1, 0:0:0:0:0, 2:0:0:0:0, 1:0:0:0:0, 3:0:0:0:0, 0:0:0:0:0, 4:0:1:0:1, 0:0:0:0:0, 1:0:0:0:0, 0:0:0:0:0, 0:0:0:0:0, 1:0:0:0:0, 3:0:0:0:0, 1:0:0:0:0, 0:0:0:0:0, 1:0:1:0:1, 2:0:0:0:0, 1:0:0:0:0, 2:1:0:0:1, 0:0:0:0:0, 7:1:0:0:1, 1:0:0:0:0, 0:0:0:0:0, 2:1:0:0:1, 1:0:0:0:0, 2:0:0:0:0, 1:0:0:0:0, 1:0:0:0:0, 1:0:0:0:0, 0:0:0:0:0, 5:0:1:0:1, 4:0:0:0:0, 3:0:0:0:0, 0:0:0:0:0, 0:0:0:0:0, 0:0:0:0:0, 1:0:0:0:0, 2:0:0:0:0, 1:0:0:0:0, 2:0:0:0:0, 2:0:1:0:1, 0:0:0:0:0,  , 3:1:0:0:1, 3:0:0:0:0, 0:0:0:0:0, 1:0:0:0:0, 0:0:0:0:0, 67:4:5:0:9
G major blues (1#), 1:0:0:0:0, 2:1:0:0:0, 1:0:0:0:0, 4:1:0:0:1, 3:2:0:0:0, 5:1:0:0:3, 0:0:0:0:0, 3:0:0:0:2, 2:0:0:0:1, 2:0:0:0:2, 1:0:0:0:0, 1:1:0:0:0, 2:0:0:0:1, 3:2:0:0:1, 1:0:0:0:1, 1:0:0:0:0, 2:0:0:0:1, 4:1:0:0:2, 2:0:0:0:1, 2:1:0:0:0, 1:1:0:0:0, 7:1:0:0:4, 3:2:0:0:1, 0:0:0:0:0, 3:0:0:0:0, 3:2:0:0:1, 3:0:0:0:1, 2:0:0:0:1, 3:0:0:0:2, 3:0:0:0:2, 1:0:0:0:1, 4:0:0:0:3, 4:0:0:0:2, 4:1:0:0:2, 2:1:0:0:0, 0:0:0:0:0, 1:0:0:0:0, 3:1:0:0:0, 3:0:0:0:0, 1:0:0:0:1, 4:0:0:0:3, 3:0:0:0:2, 0:0:0:0:0,  , 2:0:0:0:2, 5:1:0:0:1, 2:1:0:0:0, 3:2:0:0:1, 1:0:0:0:0, 113:23:0:0:46
D minor blues (1b), 0:0:0:0:0, 2:0:1:0:1, 0:0:0:0:0, 2:0:0:0:0, 1:0:0:0:0, 3:0:0:0:0, 0:0:0:0:0, 4:0:1:0:1, 0:0:0:0:0, 1:0:0:0:0, 0:0:0:0:0, 0:0:0:0:0, 1:0:0:0:0, 3:0:0:0:0, 1:0:0:0:0, 0:0:0:0:0, 1:0:1:0:1, 2:0:0:0:0, 1:0:0:0:0, 2:1:0:0:1, 0:0:0:0:0, 7:1:0:0:1, 1:0:0:0:0, 0:0:0:0:0, 2:1:0:0:1, 1:0:0:0:0, 2:0:0:0:0, 1:0:0:0:0, 1:0:0:0:0, 1:0:0:0:0, 0:0:0:0:0, 5:0:1:0:1, 4:0:0:0:0, 3:0:0:0:0, 0:0:0:0:0, 0:0:0:0:0, 0:0:0:0:0, 1:0:0:0:0, 2:0:0:0:0, 1:0:0:0:0, 2:0:0:0:0, 2:0:1:0:1, 0:0:0:0:0,  , 3:1:0:0:1, 3:0:0:0:0, 0:0:0:0:0, 1:0:0:0:0, 0:0:0:0:0, 67:4:5:0:9
E minor blues (1#), 1:0:0:0:0, 2:1:0:0:0, 1:0:0:0:0, 4:1:0:0:1, 3:2:0:0:0, 5:1:0:0:3, 0:0:0:0:0, 3:0:0:0:2, 2:0:0:0:1, 2:0:0:0:2, 1:0:0:0:0, 1:1:0:0:0, 2:0:0:0:1, 3:2:0:0:1, 1:0:0:0:1, 1:0:0:0:0, 2:0:0:0:1, 4:1:0:0:2, 2:0:0:0:1, 2:1:0:0:0, 1:1:0:0:0, 7:1:0:0:4, 3:2:0:0:1, 0:0:0:0:0, 3:0:0:0:0, 3:2:0:0:1, 3:0:0:0:1, 2:0:0:0:1, 3:0:0:0:2, 3:0:0:0:2, 1:0:0:0:1, 4:0:0:0:3, 4:0:0:0:2, 4:1:0:0:2, 2:1:0:0:0, 0:0:0:0:0, 1:0:0:0:0, 3:1:0:0:0, 3:0:0:0:0, 1:0:0:0:1, 4:0:0:0:3, 3:0:0:0:2, 0:0:0:0:0,  , 2:0:0:0:2, 5:1:0:0:1, 2:1:0:0:0, 3:2:0:0:1, 1:0:0:0:0, 113:23:0:0:46
F dorian (1b), 0:0:0:0:0, 2:0:1:0:1, 0:0:0:0:0, 2:0:0:0:0, 1:0:0:0:0, 3:0:0:0:0, 0:0:0:0:0, 4:0:1:0:1, 0:0:0:0:0, 1:0:0:0:0, 0:0:0:0:0, 0:0:0:0:0, 1:0:0:0:0, 3:0:0:0:0, 1:0:0:0:0, 0:0:0:0:0, 1:0:1:0:1, 2:0:0:0:0, 1:0:0:0:0, 2:1:0:0:1, 0:0:0:0:0, 7:1:0:0:1, 1:0:0:0:0, 0:0:0:0:0, 2:1:0:0:1, 1:0:0:0:0, 2:0:0:0:0, 1:0:0:0:0, 1:0:0:0:0, 1:0:0:0:0, 0:0:0:0:0, 5:0:1:0:1, 4:0:0:0:0, 3:0:0:0:0, 0:0:0:0:0, 0:0:0:0:0, 0:0:0:0:0, 1:0:0:0:0, 2:0:0:0:0, 1:0:0:0:0, 2:0:0:0:0, 2:0:1:0:1, 0:0:0:0:0,  , 3:1:0:0:1, 3:0:0:0:0, 0:0:0:0:0, 1:0:0:0:0, 0:0:0:0:0, 67:4:5:0:9
G dorian (1#), 1:0:0:0:0, 2:1:0:0:0, 1:0:0:0:0, 4:1:0:0:1, 3:2:0:0:0, 5:1:0:0:3, 0:0:0:0:0, 3:0:0:0:2, 2:0:0:0:1, 2:0:0:0:2, 1:0:0:0:0, 1:1:0:0:0, 2:0:0:0:1, 3:2:0:0:1, 1:0:0:0:1, 1:0:0:0:0, 2:0:0:0:1, 4:1:0:0:2, 2:0:0:0:1, 2:1:0:0:0, 1:1:0:0:0, 7:1:0:0:4, 3:2:0:0:1, 0:0:0:0:0, 3:0:0:0:0, 3:2:0:0:1, 3:0:0:0:1, 2:0:0:0:1, 3:0:0:0:2, 3:0:0:0:2, 1:0:0:0:1, 4:0:0:0:3, 4:0:0:0:2, 4:1:0:0:2, 2:1:0:0:0, 0:0:0:0:0, 1:0:0:0:0, 3:1:0:0:0, 3:0:0:0:0, 1:0:0:0:1, 4:0:0:0:3, 3:0:0:0:2, 0:0:0:0:0,  , 2:0:0:0:2, 5:1:0:0:1, 2:1:0:0:0, 3:2:0:0:1, 1:0:0:0:0, 113:23:0:0:46
F phrygian (1b), 0:0:0:0:0, 2:0:1:0:1, 0:0:0:0:0, 2:0:0:0:0, 1:0:0:0:0, 3:0:0:0:0, 0:0:0:0:0, 4:0:1:0:1, 0:0:0:0:0, 1:0:0:0:0, 0:0:0:0:0, 0:0:0:0:0, 1:0:0:0:0, 3:0:0:0:0, 1:0:0:0:0, 0:0:0:0:0, 1:0:1:0:1, 2:0:0:0:0, 1:0:0:0:0, 2:1:0:0:1, 0:0:0:0:0, 7:1:0:0:1, 1:0:0:0:0, 0:0:0:0:0, 2:1:0:0:1, 1:0:0:0:0, 2:0:0:0:0, 1:0:0:0:0, 1:0:0:0:0, 1:0:0:0:0, 0:0:0:0:0, 5:0:1:0:1, 4:0:0:0:0, 3:0:0:0:0, 0:0:0:0:0, 0:0:0:0:0, 0:0:0:0:0, 1:0:0:0:0, 2:0:0:0:0, 1:0:0:0:0, 2:0:0:0:0, 2:0:1:0:1, 0:0:0:0:0,  , 3:1:0:0:1, 3:0:0:0:0, 0:0:0:0:0, 1:0:0:0:0, 0:0:0:0:0, 67:4:5:0:9
G phrygian (1#), 1:0:0:0:0, 2:1:0:0:0, 1:0:0:0:0, 4:1:0:0:1, 3:2:0:0:0, 5:1:0:0:3, 0:0:0:0:0, 3:0:0:0:2, 2:0:0:0:1, 2:0:0:0:2, 1:0:0:0:0, 1:1:0:0:0, 2:0:0:0:1, 3:2:0:0:1, 1:0:0:0:1, 1:0:0:0:0, 2:0:0:0:1, 4:1:0:0:2, 2:0:0:0:1, 2:1:0:0:0, 1:1:0:0:0, 7:1:0:0:4, 3:2:0:0:1, 0:0:0:0:0, 3:0:0:0:0, 3:2:0:0:1, 3:0:0:0:1, 2:0:0:0:1, 3:0:0:0:2, 3:0:0:0:2, 1:0:0:0:1, 4:0:0:0:3, 4:0:0:0:2, 4:1:0:0:2, 2:1:0:0:0, 0:0:0:0:0, 1:0:0:0:0, 3:1:0:0:0, 3:0:0:0:0, 1:0:0:0:1, 4:0:0:0:3, 3:0:0:0:2, 0:0:0:0:0,  , 2:0:0:0:2, 5:1:0:0:1, 2:1:0:0:0, 3:2:0:0:1, 1:0:0:0:0, 113:23:0:0:46
F lydian (1b), 0:0:0:0:0, 2:0:1:0:1, 0:0:0:0:0, 2:0:0:0:0, 1:0:0:0:0, 3:0:0:0:0, 0:0:0:0:0, 4:0:1:0:1, 0:0:0:0:0, 1:0:0:0:0, 0:0:0:0:0, 0:0:0:0:0, 1:0:0:0:0, 3:0:0:0:0, 1:0:0:0:0, 0:0:0:0:0, 1:0:1:0:1, 2:0:0:0:0, 1:0:0:0:0, 2:1:0:0:1, 0:0:0:0:0, 7:1:0:0:1, 1:0:0:0:0, 0:0:0:0:0, 2:1:0:0:1, 1:0:0:0:0, 2:0:0:0:0, 1:0:0:0:0, 1:0:0:0:0, 1:0:0:0:0, 0:0:0:0:0, 5:0:1:0:1, 4:0:0:0:0, 3:0:0:0:0, 0:0:0:0:0, 0:0:0:0:0, 0:0:0:0:0, 1:0:0:0:0, 2:0:0:0:0, 1:0:0:0:0, 2:0:0:0:0, 2:0:1:0:1, 0:0:0:0:0,  , 3:1:0:0:1, 3:0:0:0:0, 0:0:0:0:0, 1:0:0:0:0, 0:0:0:0:0, 67:4:5:0:9
G lydian (1#), 1:0:0:0:0, 2:1:0:0:0, 1:0:0:0:0, 4:1:0:0:1, 3:2:0:0:0, 5:1:0:0:3, 0:0:0:0:0, 3:0:0:0:2, 2:0:0:0:1, 2:0:0:0:2, 1:0:0:0:0, 1:1:0:0:0, 2:0:0:0:1, 3:2:0:0:1, 1:0:0:0:1, 1:0:0:0:0, 2:0:0:0:1, 4:1:0:0:2, 2:0:0:0:1, 2:1:0:0:0, 1:1:0:0:0, 7:1:0:0:4, 3:2:0:0:1, 0:0:0:0:0, 3:0:0:0:0, 3:2:0:0:1, 3:0:0:0:1, 2:0:0:0:1, 3:0:0:0:2, 3:0:0:0:2, 1:0:0:0:1, 4:0:0:0:3, 4:0:0:0:2, 4:1:0:0:2, 2:1:0:0:0, 0:0:0:0:0, 1:0:0:0:0, 3:1:0:0:0, 3:0:0:0:0, 1:0:0:0:1, 4:0:0:0:3, 3:0:0:0:2, 0:0:0:0:0,  , 2:0:0:0:2, 5:1:0:0:1, 2:1:0:0:0, 3:2:0:0:1, 1:0:0:0:0, 113:23:0:0:46
F mixolydian (1b), 0:0:0:0:0, 2:0:1:0:1, 0:0:0:0:0, 2:0:0:0:0, 1:0:0:0:0, 3:0:0:0:0, 0:0:0:0:0, 4:0:1:0:1, 0:0:0:0:0, 1:0:0:0:0, 0:0:0:0:0, 0:0:0:0:0, 1:0:0:0:0, 3:0:0:0:0, 1:0:0:0:0, 0:0:0:0:0, 1:0:1:0:1, 2:0:0:0:0, 1:0:0:0:0, 2:1:0:0:1, 0:0:0:0:0, 7:1:0:0:1, 1:0:0:0:0, 0:0:0:0:0, 2:1:0:0:1, 1:0:0:0:0, 2:0:0:0:0, 1:0:0:0:0, 1:0:0:0:0, 1:0:0:0:0, 0:0:0:0:0, 5:0:1:0:1, 4:0:0:0:0, 3:0:0:0:0, 0:0:0:0:0, 0:0:0:0:0, 0:0:0:0:0, 1:0:0:0:0, 2:0:0:0:0, 1:0:0:0:0, 2:0:0:0:0, 2:0:1:0:1, 0:0:0:0:0,  , 3:1:0:0:1, 3:0:0:0:0, 0:0:0:0:0, 1:0:0:0:0, 0:0:0:0:0, 67:4:5:0:9
G mixolydian (1#), 1:0:0:0:0, 2:1:0:0:0, 1:0:0:0:0, 4:1:0:0:1, 3:2:0:0:0, 5:1:0:0:3, 0:0:0:0:0, 3:0:0:0:2, 2:0:0:0:1, 2:0:0:0:2, 1:0:0:0:0, 1:1:0:0:0, 2:0:0:0:1, 3:2:0:0:1, 1:0:0:0:1, 1:0:0:0:0, 2:0:0:0:1, 4:1:0:0:2, 2:0:0:0:1, 2:1:0:0:0, 1:1:0:0:0, 7:1:0:0:4, 3:2:0:0:1, 0:0:0:0:0, 3:0:0:0:0, 3:2:0:0:1, 3:0:0:0:1, 2:0:0:0:1, 3:0:0:0:2, 3:0:0:0:2, 1:0:0:0:1, 4:0:0:0:3, 4:0:0:0:2, 4:1:0:0:2, 2:1:0:0:0, 0:0:0:0:0, 1:0:0:0:0, 3:1:0:0:0, 3:0:0:0:0, 1:0:0:0:1, 4:0:0:0:3, 3:0:0:0:2, 0:0:0:0:0,  , 2:0:0:0:2, 5:1:0:0:1, 2:1:0:0:0, 3:2:0:0:1, 1:0:0:0:0, 113:23:0:0:46
F aeolian (1b), 0:0:0:0:0, 2:0:1:0:1, 0:0:0:0:0, 2:0:0:0:0, 1:0:0:0:0, 3:0:0:0:0, 0:0:0:0:0, 4:0:1:0:1, 0:0:0:0:0, 1:0:0:0:0, 0:0:0:0:0, 0:0:0:0:0, 1:0:0:0:0, 3:0:0:0:0, 1:0:0:0:0, 0:0:0:0:0, 1:0:1:0:1, 2:0:0:0:0, 1:0:0:0:0, 2:1:0:0:1, 0:0:0:0:0, 7:1:0:0:1, 1:0:0:0:0, 0:0:0:0:0, 2:1:0:0:1, 1:0:0:0:0, 2:0:0:0:0, 1:0:0:0:0, 1:0:0:0:0, 1:0:0:0:0, 0:0:0:0:0, 5:0:1:0:1, 4:0:0:0:0, 3:0:0:0:0, 0:0:0:0:0, 0:0:0:0:0, 0:0:0:0:0, 1:0:0:0:0, 2:0:0:0:0, 1:0:0:0:0, 2:0:0:0:0, 2:0:1:0:1, 0:0:0:0:0,  , 3:1:0:0:1, 3:0:0:0:0, 0:0:0:0:0, 1:0:0:0:0, 0:0:0:0:0, 67:4:5:0:9
G aeolian (1#), 1:0:0:0:0, 2:1:0:0:0, 1:0:0:0:0, 4:1:0:0:1, 3:2:0:0:0, 5:1:0:0:3, 0:0:0:0:0, 3:0:0:0:2, 2:0:0:0:1, 2:0:0:0:2, 1:0:0:0:0, 1:1:0:0:0, 2:0:0:0:1, 3:2:0:0:1, 1:0:0:0:1, 1:0:0:0:0, 2:0:0:0:1, 4:1:0:0:2, 2:0:0:0:1, 2:1:0:0:0, 1:1:0:0:0, 7:1:0:0:4, 3:2:0:0:1, 0:0:0:0:0, 3:0:0:0:0, 3:2:0:0:1, 3:0:0:0:1, 2:0:0:0:1, 3:0:0:0:2, 3:0:0:0:2, 1:0:0:0:1, 4:0:0:0:3, 4:0:0:0:2, 4:1:0:0:2, 2:1:0:0:0, 0:0:0:0:0, 1:0:0:0:0, 3:1:0:0:0, 3:0:0:0:0, 1:0:0:0:1, 4:0:0:0:3, 3:0:0:0:2, 0:0:0:0:0,  , 2:0:0:0:2, 5:1:0:0:1, 2:1:0:0:0, 3:2:0:0:1, 1:0:0:0:0, 113:23:0:0:46
F locrian (1b), 0:0:0:0:0, 2:0:1:0:1, 0:0:0:0:0, 2:0:0:0:0, 1:0:0:0:0, 3:0:0:0:0, 0:0:0:0:0, 4:0:1:0:1, 0:0:0:0:0, 1:0:0:0:0, 0:0:0:0:0, 0:0:0:0:0, 1:0:0:0:0, 3:0:0:0:0, 1:0:0:0:0, 0:0:0:0:0, 1:0:1:0:1, 2:0:0:0:0, 1:0:0:0:0, 2:1:0:0:1, 0:0:0:0:0, 7:1:0:0:1, 1:0:0:0:0, 0:0:0:0:0, 2:1:0:0:1, 1:0:0:0:0, 2:0:0:0:0, 1:0:0:0:0, 1:0:0:0:0, 1:0:0:0:0, 0:0:0:0:0, 5:0:1:0:1, 4:0:0:0:0, 3:0:0:0:0, 0:0:0:0:0, 0:0:0:0:0, 0:0:0:0:0, 1:0:0:0:0, 2:0:0:0:0, 1:0:0:0:0, 2:0:0:0:0, 2:0:1:0:1, 0:0:0:0:0,  , 3:1:0:0:1, 3:0:0:0:0, 0:0:0:0:0, 1:0:0:0:0, 0:0:0:0:0, 67:4:5:0:9
G locrian (1#), 1:0:0:0:0, 2:1:0:0:0, 1:0:0:0:0, 4:1:0:0:1, 3:2:0:0:0, 5:1:0:0:3, 0:0:0:0:0, 3:0:0:0:2, 2:0:0:0:1, 2:0:0:0:2, 1:0:0:0:0, 1:1:0:0:0, 2:0:0:0:1, 3:2:0:0:1, 1:0:0:0:1, 1:0:0:0:0, 2:0:0:0:1, 4:1:0:0:2, 2:0:0:0:1, 2:1:0:0:0, 1:1:0:0:0, 7:1:0:0:4, 3:2:0:0:1, 0:0:0:0:0, 3:0:0:0:0, 3:2:0:0:1, 3:0:0:0:1, 2:0:0:0:1, 3:0:0:0:2, 3:0:0:0:2, 1:0:0:0:1, 4:0:0:0:3, 4:0:0:0:2, 4:1:0:0:2, 2:1:0:0:0, 0:0:0:0:0, 1:0:0:0:0, 3:1:0:0:0, 3:0:0:0:0, 1:0:0:0:1, 4:0:0:0:3, 3:0:0:0:2, 0:0:0:0:0,  , 2:0:0:0:2, 5:1:0:0:1, 2:1:0:0:0, 3:2:0:0:1, 1:0:0:0:0, 113:23:0:0:46
Bb major (2b), 1:0:0:0:0, 3:0:1:0:0, 1:0:0:0:0, 1:0:0:0:0, 1:0:0:0:0, 2:0:0:0:1, 1:0:0:0:0, 4:0:1:0:0, 0:0:0:0:0, 0:0:0:0:0, 0:0:0:0:0, 0:0:0:0:0, 2:0:0:0:1, 4:0:0:0:1, 0:0:0:0:0, 0:0:0:0:0, 1:0:1:0:0, 1:0:0:0:0, 2:0:0:0:0, 1:1:0:0:1, 0:0:0:0:0, 6:1:0:0:1, 1:0:0:0:0, 1:0:0:0:0, 3:1:0:0:1, 2:0:0:0:0, 2:0:0:0:0, 0:0:0:0:0, 1:0:0:0:0, 0:0:0:0:0, 1:0:0:0:0, 4:0:1:0:0, 3:0:0:0:0, 4:0:0:0:1, 1:0:0:0:0, 0:0:0:0:0, 0:0:0:0:0, 2:0:0:0:0, 3:0:0:0:0, 0:0:0:0:0, 1:0:0:0:0, 2:0:1:0:0, 1:0:0:0:0,  , 3:0:1:0:2, 4:0:0:0:1, 1:0:0:0:0, 2:0:0:0:0, 1:0:0:0:0, 74:3:6:0:10
D major (2#), 2:0:0:0:0, 1:1:0:0:0, 1:0:0:0:0, 3:1:0:0:1, 4:2:0:0:1, 5:0:0:0:2, 1:0:0:0:0, 2:0:0:0:1, 2:0:0:0:1, 3:0:0:0:2, 2:0:0:0:0, 2:1:0:0:0, 3:0:0:0:1, 3:1:0:0:0, 2:0:0:0:1, 1:0:0:0:0, 2:0:0:0:1, 5:1:0:0:3, 3:0:0:0:1, 1:1:0:0:0, 2:1:0:0:0, 7:0:1:0:4, 4:2:0:0:1, 0:0:0:0:0, 4:0:0:0:0, 3:1:0:0:0, 3:0:0:0:0, 2:0:0:0:1, 4:0:0:0:1, 4:0:0:0:2, 2:0:0:0:1, 3:0:0:0:2, 4:0:0:0:2, 4:0:1:0:2, 3:1:0:0:0, 1:0:0:0:0, 2:0:0:0:0, 4:0:1:0:2, 2:0:0:0:0, 1:0:0:0:1, 5:0:0:0:2, 4:0:0:0:1, 1:0:0:0:0,  , 3:0:0:0:2, 6:1:0:0:1, 3:1:0:0:0, 3:1:0:0:0, 2:0:0:0:0, 134:16:3:0:40
G minor (2b), 1:0:0:0:0, 3:0:1:0:0, 1:0:0:0:0, 1:0:0:0:0, 1:0:0:0:0, 2:0:0:0:1, 1:0:0:0:0, 4:0:1:0:0, 0:0:0:0:0, 0:0:0:0:0, 0:0:0:0:0, 0:0:0:0:0, 2:0:0:0:1, 4:0:0:0:1, 0:0:0:0:0, 0:0:0:0:0, 1:0:1:0:0, 1:0:0:0:0, 2:0:0:0:0, 1:1:0:0:1, 0:0:0:0:0, 6:1:0:0:1, 1:0:0:0:0, 1:0:0:0:0, 3:1:0:0:1, 2:0:0:0:0, 2:0:0:0:0, 0:0:0:0:0, 1:0:0:0:0, 0:0:0:0:0, 1:0:0:0:0, 4:0:1:0:0, 3:0:0:0:0, 4:0:0:0:1, 1:0:0:0:0, 0:0:0:0:0, 0:0:0:0:0, 2:0:0:0:0, 3:0:0:0:0, 0:0:0:0:0, 1:0:0:0:0, 2:0:1:0:0, 1:0:0:0:0,  , 3:0:1:0:2, 4:0:0:0:1, 1:0:0:0:0, 2:0:0:0:0, 1:0:0:0:0, 74:3:6:0:10
B minor (2#), 2:0:0:0:0, 1:1:0:0:0, 1:0:0:0:0, 3:1:0:0:1, 4:2:0:0:1, 5:0:0:0:2, 1:0:0:0:0, 2:0:0:0:1, 2:0:0:0:1, 3:0:0:0:2, 2:0:0:0:0, 2:1:0:0:0, 3:0:0:0:1, 3:1:0:0:0, 2:0:0:0:1, 1:0:0:0:0, 2:0:0:0:1, 5:1:0:0:3, 3:0:0:0:1, 1:1:0:0:0, 2:1:0:0:0, 7:0:1:0:4, 4:2:0:0:1, 0:0:0:0:0, 4:0:0:0:0, 3:1:0:0:0, 3:0:0:0:0, 2:0:0:0:1, 4:0:0:0:1, 4:0:0:0:2, 2:0:0:0:1, 3:0:0:0:2, 4:0:0:0:2, 4:0:1:0:2, 3:1:0:0:0, 1:0:0:0:0, 2:0:0:0:0, 4:0:1:0:2, 2:0:0:0:0, 1:0:0:0:1, 5:0:0:0:2, 4:0:0:0:1, 1:0:0:0:0,  , 3:0:0:0:2, 6:1:0:0:1, 3:1:0:0:0, 3:1:0:0:0, 2:0:0:0:0, 134:16:3:0:40
G minor mel (2b), 1:0:0:0:0, 3:0:1:0:0, 1:0:0:0:0, 1:0:0:0:0, 1:0:0:0:0, 2:0:0:0:1, 1:0:0:0:0, 4:0:1:0:0, 0:0:0:0:0, 0:0:0:0:0, 0:0:0:0:0, 0:0:0:0:0, 2:0:0:0:1, 4:0:0:0:1, 0:0:0:0:0, 0:0:0:0:0, 1:0:1:0:0, 1:0:0:0:0, 2:0:0:0:0, 1:1:0:0:1, 0:0:0:0:0, 6:1:0:0:1, 1:0:0:0:0, 1:0:0:0:0, 3:1:0:0:1, 2:0:0:0:0, 2:0:0:0:0, 0:0:0:0:0, 1:0:0:0:0, 0:0:0:0:0, 1:0:0:0:0, 4:0:1:0:0, 3:0:0:0:0, 4:0:0:0:1, 1:0:0:0:0, 0:0:0:0:0, 0:0:0:0:0, 2:0:0:0:0, 3:0:0:0:0, 0:0:0:0:0, 1:0:0:0:0, 2:0:1:0:0, 1:0:0:0:0,  , 3:0:1:0:2, 4:0:0:0:1, 1:0:0:0:0, 2:0:0:0:0, 1:0:0:0:0, 74:3:6:0:10
B minor mel (2#), 2:0:0:0:0, 1:1:0:0:0, 1:0:0:0:0, 3:1:0:0:1, 4:2:0:0:1, 5:0:0:0:2, 1:0:0:0:0, 2:0:0:0:1, 2:0:0:0:1, 3:0:0:0:2, 2:0:0:0:0, 2:1:0:0:0, 3:0:0:0:1, 3:1:0:0:0, 2:0:0:0:1, 1:0:0:0:0, 2:0:0:0:1, 5:1:0:0:3, 3:0:0:0:1, 1:1:0:0:0, 2:1:0:0:0, 7:0:1:0:4, 4:2:0:0:1, 0:0:0:0:0, 4:0:0:0:0, 3:1:0:0:0, 3:0:0:0:0, 2:0:0:0:1, 4:0:0:0:1, 4:0:0:0:2, 2:0:0:0:1, 3:0:0:0:2, 4:0:0:0:2, 4:0:1:0:2, 3:1:0:0:0, 1:0:0:0:0, 2:0:0:0:0, 4:0:1:0:2, 2:0:0:0:0, 1:0:0:0:1, 5:0:0:0:2, 4:0:0:0:1, 1:0:0:0:0,  , 3:0:0:0:2, 6:1:0:0:1, 3:1:0:0:0, 3:1:0:0:0, 2:0:0:0:0, 134:16:3:0:40
Bb major blues (2b), 1:0:0:0:0, 3:0:1:0:0, 1:0:0:0:0, 1:0:0:0:0, 1:0:0:0:0, 2:0:0:0:1, 1:0:0:0:0, 4:0:1:0:0, 0:0:0:0:0, 0:0:0:0:0, 0:0:0:0:0, 0:0:0:0:0, 2:0:0:0:1, 4:0:0:0:1, 0:0:0:0:0, 0:0:0:0:0, 1:0:1:0:0, 1:0:0:0:0, 2:0:0:0:0, 1:1:0:0:1, 0:0:0:0:0, 6:1:0:0:1, 1:0:0:0:0, 1:0:0:0:0, 3:1:0:0:1, 2:0:0:0:0, 2:0:0:0:0, 0:0:0:0:0, 1:0:0:0:0, 0:0:0:0:0, 1:0:0:0:0, 4:0:1:0:0, 3:0:0:0:0, 4:0:0:0:1, 1:0:0:0:0, 0:0:0:0:0, 0:0:0:0:0, 2:0:0:0:0, 3:0:0:0:0, 0:0:0:0:0, 1:0:0:0:0, 2:0:1:0:0, 1:0:0:0:0,  , 3:0:1:0:2, 4:0:0:0:1, 1:0:0:0:0, 2:0:0:0:0, 1:0:0:0:0, 74:3:6:0:10
D major blues (2#), 2:0:0:0:0, 1:1:0:0:0, 1:0:0:0:0, 3:1:0:0:1, 4:2:0:0:1, 5:0:0:0:2, 1:0:0:0:0, 2:0:0:0:1, 2:0:0:0:1, 3:0:0:0:2, 2:0:0:0:0, 2:1:0:0:0, 3:0:0:0:1, 3:1:0:0:0, 2:0:0:0:1, 1:0:0:0:0, 2:0:0:0:1, 5:1:0:0:3, 3:0:0:0:1, 1:1:0:0:0, 2:1:0:0:0, 7:0:1:0:4, 4:2:0:0:1, 0:0:0:0:0, 4:0:0:0:0, 3:1:0:0:0, 3:0:0:0:0, 2:0:0:0:1, 4:0:0:0:1, 4:0:0:0:2, 2:0:0:0:1, 3:0:0:0:2, 4:0:0:0:2, 4:0:1:0:2, 3:1:0:0:0, 1:0:0:0:0, 2:0:0:0:0, 4:0:1:0:2, 2:0:0:0:0, 1:0:0:0:1, 5:0:0:0:2, 4:0:0:0:1, 1:0:0:0:0,  , 3:0:0:0:2, 6:1:0:0:1, 3:1:0:0:0, 3:1:0:0:0, 2:0:0:0:0, 134:16:3:0:40
G minor blues (2b), 1:0:0:0:0, 3:0:1:0:0, 1:0:0:0:0, 1:0:0:0:0, 1:0:0:0:0, 2:0:0:0:1, 1:0:0:0:0, 4:0:1:0:0, 0:0:0:0:0, 0:0:0:0:0, 0:0:0:0:0, 0:0:0:0:0, 2:0:0:0:1, 4:0:0:0:1, 0:0:0:0:0, 0:0:0:0:0, 1:0:1:0:0, 1:0:0:0:0, 2:0:0:0:0, 1:1:0:0:1, 0:0:0:0:0, 6:1:0:0:1, 1:0:0:0:0, 1:0:0:0:0, 3:1:0:0:1, 2:0:0:0:0, 2:0:0:0:0, 0:0:0:0:0, 1:0:0:0:0, 0:0:0:0:0, 1:0:0:0:0, 4:0:1:0:0, 3:0:0:0:0, 4:0:0:0:1, 1:0:0:0:0, 0:0:0:0:0, 0:0:0:0:0, 2:0:0:0:0, 3:0:0:0:0, 0:0:0:0:0, 1:0:0:0:0, 2:0:1:0:0, 1:0:0:0:0,  , 3:0:1:0:2, 4:0:0:0:1, 1:0:0:0:0, 2:0:0:0:0, 1:0:0:0:0, 74:3:6:0:10
B minor blues (2#), 2:0:0:0:0, 1:1:0:0:0, 1:0:0:0:0, 3:1:0:0:1, 4:2:0:0:1, 5:0:0:0:2, 1:0:0:0:0, 2:0:0:0:1, 2:0:0:0:1, 3:0:0:0:2, 2:0:0:0:0, 2:1:0:0:0, 3:0:0:0:1, 3:1:0:0:0, 2:0:0:0:1, 1:0:0:0:0, 2:0:0:0:1, 5:1:0:0:3, 3:0:0:0:1, 1:1:0:0:0, 2:1:0:0:0, 7:0:1:0:4, 4:2:0:0:1, 0:0:0:0:0, 4:0:0:0:0, 3:1:0:0:0, 3:0:0:0:0, 2:0:0:0:1, 4:0:0:0:1, 4:0:0:0:2, 2:0:0:0:1, 3:0:0:0:2, 4:0:0:0:2, 4:0:1:0:2, 3:1:0:0:0, 1:0:0:0:0, 2:0:0:0:0, 4:0:1:0:2, 2:0:0:0:0, 1:0:0:0:1, 5:0:0:0:2, 4:0:0:0:1, 1:0:0:0:0,  , 3:0:0:0:2, 6:1:0:0:1, 3:1:0:0:0, 3:1:0:0:0, 2:0:0:0:0, 134:16:3:0:40
Bb dorian (2b), 1:0:0:0:0, 3:0:1:0:0, 1:0:0:0:0, 1:0:0:0:0, 1:0:0:0:0, 2:0:0:0:1, 1:0:0:0:0, 4:0:1:0:0, 0:0:0:0:0, 0:0:0:0:0, 0:0:0:0:0, 0:0:0:0:0, 2:0:0:0:1, 4:0:0:0:1, 0:0:0:0:0, 0:0:0:0:0, 1:0:1:0:0, 1:0:0:0:0, 2:0:0:0:0, 1:1:0:0:1, 0:0:0:0:0, 6:1:0:0:1, 1:0:0:0:0, 1:0:0:0:0, 3:1:0:0:1, 2:0:0:0:0, 2:0:0:0:0, 0:0:0:0:0, 1:0:0:0:0, 0:0:0:0:0, 1:0:0:0:0, 4:0:1:0:0, 3:0:0:0:0, 4:0:0:0:1, 1:0:0:0:0, 0:0:0:0:0, 0:0:0:0:0, 2:0:0:0:0, 3:0:0:0:0, 0:0:0:0:0, 1:0:0:0:0, 2:0:1:0:0, 1:0:0:0:0,  , 3:0:1:0:2, 4:0:0:0:1, 1:0:0:0:0, 2:0:0:0:0, 1:0:0:0:0, 74:3:6:0:10
D dorian (2#), 2:0:0:0:0, 1:1:0:0:0, 1:0:0:0:0, 3:1:0:0:1, 4:2:0:0:1, 5:0:0:0:2, 1:0:0:0:0, 2:0:0:0:1, 2:0:0:0:1, 3:0:0:0:2, 2:0:0:0:0, 2:1:0:0:0, 3:0:0:0:1, 3:1:0:0:0, 2:0:0:0:1, 1:0:0:0:0, 2:0:0:0:1, 5:1:0:0:3, 3:0:0:0:1, 1:1:0:0:0, 2:1:0:0:0, 7:0:1:0:4, 4:2:0:0:1, 0:0:0:0:0, 4:0:0:0:0, 3:1:0:0:0, 3:0:0:0:0, 2:0:0:0:1, 4:0:0:0:1, 4:0:0:0:2, 2:0:0:0:1, 3:0:0:0:2, 4:0:0:0:2, 4:0:1:0:2, 3:1:0:0:0, 1:0:0:0:0, 2:0:0:0:0, 4:0:1:0:2, 2:0:0:0:0, 1:0:0:0:1, 5:0:0:0:2, 4:0:0:0:1, 1:0:0:0:0,  , 3:0:0:0:2, 6:1:0:0:1, 3:1:0:0:0, 3:1:0:0:0, 2:0:0:0:0, 134:16:3:0:40
Bb phrygian (2b), 1:0:0:0:0, 3:0:1:0:0, 1:0:0:0:0, 1:0:0:0:0, 1:0:0:0:0, 2:0:0:0:1, 1:0:0:0:0, 4:0:1:0:0, 0:0:0:0:0, 0:0:0:0:0, 0:0:0:0:0, 0:0:0:0:0, 2:0:0:0:1, 4:0:0:0:1, 0:0:0:0:0, 0:0:0:0:0, 1:0:1:0:0, 1:0:0:0:0, 2:0:0:0:0, 1:1:0:0:1, 0:0:0:0:0, 6:1:0:0:1, 1:0:0:0:0, 1:0:0:0:0, 3:1:0:0:1, 2:0:0:0:0, 2:0:0:0:0, 0:0:0:0:0, 1:0:0:0:0, 0:0:0:0:0, 1:0:0:0:0, 4:0:1:0:0, 3:0:0:0:0, 4:0:0:0:1, 1:0:0:0:0, 0:0:0:0:0, 0:0:0:0:0, 2:0:0:0:0, 3:0:0:0:0, 0:0:0:0:0, 1:0:0:0:0, 2:0:1:0:0, 1:0:0:0:0,  , 3:0:1:0:2, 4:0:0:0:1, 1:0:0:0:0, 2:0:0:0:0, 1:0:0:0:0, 74:3:6:0:10
D phrygian (2#), 2:0:0:0:0, 1:1:0:0:0, 1:0:0:0:0, 3:1:0:0:1, 4:2:0:0:1, 5:0:0:0:2, 1:0:0:0:0, 2:0:0:0:1, 2:0:0:0:1, 3:0:0:0:2, 2:0:0:0:0, 2:1:0:0:0, 3:0:0:0:1, 3:1:0:0:0, 2:0:0:0:1, 1:0:0:0:0, 2:0:0:0:1, 5:1:0:0:3, 3:0:0:0:1, 1:1:0:0:0, 2:1:0:0:0, 7:0:1:0:4, 4:2:0:0:1, 0:0:0:0:0, 4:0:0:0:0, 3:1:0:0:0, 3:0:0:0:0, 2:0:0:0:1, 4:0:0:0:1, 4:0:0:0:2, 2:0:0:0:1, 3:0:0:0:2, 4:0:0:0:2, 4:0:1:0:2, 3:1:0:0:0, 1:0:0:0:0, 2:0:0:0:0, 4:0:1:0:2, 2:0:0:0:0, 1:0:0:0:1, 5:0:0:0:2, 4:0:0:0:1, 1:0:0:0:0,  , 3:0:0:0:2, 6:1:0:0:1, 3:1:0:0:0, 3:1:0:0:0, 2:0:0:0:0, 134:16:3:0:40
Bb lydian (2b), 1:0:0:0:0, 3:0:1:0:0, 1:0:0:0:0, 1:0:0:0:0, 1:0:0:0:0, 2:0:0:0:1, 1:0:0:0:0, 4:0:1:0:0, 0:0:0:0:0, 0:0:0:0:0, 0:0:0:0:0, 0:0:0:0:0, 2:0:0:0:1, 4:0:0:0:1, 0:0:0:0:0, 0:0:0:0:0, 1:0:1:0:0, 1:0:0:0:0, 2:0:0:0:0, 1:1:0:0:1, 0:0:0:0:0, 6:1:0:0:1, 1:0:0:0:0, 1:0:0:0:0, 3:1:0:0:1, 2:0:0:0:0, 2:0:0:0:0, 0:0:0:0:0, 1:0:0:0:0, 0:0:0:0:0, 1:0:0:0:0, 4:0:1:0:0, 3:0:0:0:0, 4:0:0:0:1, 1:0:0:0:0, 0:0:0:0:0, 0:0:0:0:0, 2:0:0:0:0, 3:0:0:0:0, 0:0:0:0:0, 1:0:0:0:0, 2:0:1:0:0, 1:0:0:0:0,  , 3:0:1:0:2, 4:0:0:0:1, 1:0:0:0:0, 2:0:0:0:0, 1:0:0:0:0, 74:3:6:0:10
D lydian (2#), 2:0:0:0:0, 1:1:0:0:0, 1:0:0:0:0, 3:1:0:0:1, 4:2:0:0:1, 5:0:0:0:2, 1:0:0:0:0, 2:0:0:0:1, 2:0:0:0:1, 3:0:0:0:2, 2:0:0:0:0, 2:1:0:0:0, 3:0:0:0:1, 3:1:0:0:0, 2:0:0:0:1, 1:0:0:0:0, 2:0:0:0:1, 5:1:0:0:3, 3:0:0:0:1, 1:1:0:0:0, 2:1:0:0:0, 7:0:1:0:4, 4:2:0:0:1, 0:0:0:0:0, 4:0:0:0:0, 3:1:0:0:0, 3:0:0:0:0, 2:0:0:0:1, 4:0:0:0:1, 4:0:0:0:2, 2:0:0:0:1, 3:0:0:0:2, 4:0:0:0:2, 4:0:1:0:2, 3:1:0:0:0, 1:0:0:0:0, 2:0:0:0:0, 4:0:1:0:2, 2:0:0:0:0, 1:0:0:0:1, 5:0:0:0:2, 4:0:0:0:1, 1:0:0:0:0,  , 3:0:0:0:2, 6:1:0:0:1, 3:1:0:0:0, 3:1:0:0:0, 2:0:0:0:0, 134:16:3:0:40
Bb mixolydian (2b), 1:0:0:0:0, 3:0:1:0:0, 1:0:0:0:0, 1:0:0:0:0, 1:0:0:0:0, 2:0:0:0:1, 1:0:0:0:0, 4:0:1:0:0, 0:0:0:0:0, 0:0:0:0:0, 0:0:0:0:0, 0:0:0:0:0, 2:0:0:0:1, 4:0:0:0:1, 0:0:0:0:0, 0:0:0:0:0, 1:0:1:0:0, 1:0:0:0:0, 2:0:0:0:0, 1:1:0:0:1, 0:0:0:0:0, 6:1:0:0:1, 1:0:0:0:0, 1:0:0:0:0, 3:1:0:0:1, 2:0:0:0:0, 2:0:0:0:0, 0:0:0:0:0, 1:0:0:0:0, 0:0:0:0:0, 1:0:0:0:0, 4:0:1:0:0, 3:0:0:0:0, 4:0:0:0:1, 1:0:0:0:0, 0:0:0:0:0, 0:0:0:0:0, 2:0:0:0:0, 3:0:0:0:0, 0:0:0:0:0, 1:0:0:0:0, 2:0:1:0:0, 1:0:0:0:0,  , 3:0:1:0:2, 4:0:0:0:1, 1:0:0:0:0, 2:0:0:0:0, 1:0:0:0:0, 74:3:6:0:10
D mixolydian (2#), 2:0:0:0:0, 1:1:0:0:0, 1:0:0:0:0, 3:1:0:0:1, 4:2:0:0:1, 5:0:0:0:2, 1:0:0:0:0, 2:0:0:0:1, 2:0:0:0:1, 3:0:0:0:2, 2:0:0:0:0, 2:1:0:0:0, 3:0:0:0:1, 3:1:0:0:0, 2:0:0:0:1, 1:0:0:0:0, 2:0:0:0:1, 5:1:0:0:3, 3:0:0:0:1, 1:1:0:0:0, 2:1:0:0:0, 7:0:1:0:4, 4:2:0:0:1, 0:0:0:0:0, 4:0:0:0:0, 3:1:0:0:0, 3:0:0:0:0, 2:0:0:0:1, 4:0:0:0:1, 4:0:0:0:2, 2:0:0:0:1, 3:0:0:0:2, 4:0:0:0:2, 4:0:1:0:2, 3:1:0:0:0, 1:0:0:0:0, 2:0:0:0:0, 4:0:1:0:2, 2:0:0:0:0, 1:0:0:0:1, 5:0:0:0:2, 4:0:0:0:1, 1:0:0:0:0,  , 3:0:0:0:2, 6:1:0:0:1, 3:1:0:0:0, 3:1:0:0:0, 2:0:0:0:0, 134:16:3:0:40
Bb aeolian (2b), 1:0:0:0:0, 3:0:1:0:0, 1:0:0:0:0, 1:0:0:0:0, 1:0:0:0:0, 2:0:0:0:1, 1:0:0:0:0, 4:0:1:0:0, 0:0:0:0:0, 0:0:0:0:0, 0:0:0:0:0, 0:0:0:0:0, 2:0:0:0:1, 4:0:0:0:1, 0:0:0:0:0, 0:0:0:0:0, 1:0:1:0:0, 1:0:0:0:0, 2:0:0:0:0, 1:1:0:0:1, 0:0:0:0:0, 6:1:0:0:1, 1:0:0:0:0, 1:0:0:0:0, 3:1:0:0:1, 2:0:0:0:0, 2:0:0:0:0, 0:0:0:0:0, 1:0:0:0:0, 0:0:0:0:0, 1:0:0:0:0, 4:0:1:0:0, 3:0:0:0:0, 4:0:0:0:1, 1:0:0:0:0, 0:0:0:0:0, 0:0:0:0:0, 2:0:0:0:0, 3:0:0:0:0, 0:0:0:0:0, 1:0:0:0:0, 2:0:1:0:0, 1:0:0:0:0,  , 3:0:1:0:2, 4:0:0:0:1, 1:0:0:0:0, 2:0:0:0:0, 1:0:0:0:0, 74:3:6:0:10
D aeolian (2#), 2:0:0:0:0, 1:1:0:0:0, 1:0:0:0:0, 3:1:0:0:1, 4:2:0:0:1, 5:0:0:0:2, 1:0:0:0:0, 2:0:0:0:1, 2:0:0:0:1, 3:0:0:0:2, 2:0:0:0:0, 2:1:0:0:0, 3:0:0:0:1, 3:1:0:0:0, 2:0:0:0:1, 1:0:0:0:0, 2:0:0:0:1, 5:1:0:0:3, 3:0:0:0:1, 1:1:0:0:0, 2:1:0:0:0, 7:0:1:0:4, 4:2:0:0:1, 0:0:0:0:0, 4:0:0:0:0, 3:1:0:0:0, 3:0:0:0:0, 2:0:0:0:1, 4:0:0:0:1, 4:0:0:0:2, 2:0:0:0:1, 3:0:0:0:2, 4:0:0:0:2, 4:0:1:0:2, 3:1:0:0:0, 1:0:0:0:0, 2:0:0:0:0, 4:0:1:0:2, 2:0:0:0:0, 1:0:0:0:1, 5:0:0:0:2, 4:0:0:0:1, 1:0:0:0:0,  , 3:0:0:0:2, 6:1:0:0:1, 3:1:0:0:0, 3:1:0:0:0, 2:0:0:0:0, 134:16:3:0:40
Bb locrian (2b), 1:0:0:0:0, 3:0:1:0:0, 1:0:0:0:0, 1:0:0:0:0, 1:0:0:0:0, 2:0:0:0:1, 1:0:0:0:0, 4:0:1:0:0, 0:0:0:0:0, 0:0:0:0:0, 0:0:0:0:0, 0:0:0:0:0, 2:0:0:0:1, 4:0:0:0:1, 0:0:0:0:0, 0:0:0:0:0, 1:0:1:0:0, 1:0:0:0:0, 2:0:0:0:0, 1:1:0:0:1, 0:0:0:0:0, 6:1:0:0:1, 1:0:0:0:0, 1:0:0:0:0, 3:1:0:0:1, 2:0:0:0:0, 2:0:0:0:0, 0:0:0:0:0, 1:0:0:0:0, 0:0:0:0:0, 1:0:0:0:0, 4:0:1:0:0, 3:0:0:0:0, 4:0:0:0:1, 1:0:0:0:0, 0:0:0:0:0, 0:0:0:0:0, 2:0:0:0:0, 3:0:0:0:0, 0:0:0:0:0, 1:0:0:0:0, 2:0:1:0:0, 1:0:0:0:0,  , 3:0:1:0:2, 4:0:0:0:1, 1:0:0:0:0, 2:0:0:0:0, 1:0:0:0:0, 74:3:6:0:10
D locrian (2#), 2:0:0:0:0, 1:1:0:0:0, 1:0:0:0:0, 3:1:0:0:1, 4:2:0:0:1, 5:0:0:0:2, 1:0:0:0:0, 2:0:0:0:1, 2:0:0:0:1, 3:0:0:0:2, 2:0:0:0:0, 2:1:0:0:0, 3:0:0:0:1, 3:1:0:0:0, 2:0:0:0:1, 1:0:0:0:0, 2:0:0:0:1, 5:1:0:0:3, 3:0:0:0:1, 1:1:0:0:0, 2:1:0:0:0, 7:0:1:0:4, 4:2:0:0:1, 0:0:0:0:0, 4:0:0:0:0, 3:1:0:0:0, 3:0:0:0:0, 2:0:0:0:1, 4:0:0:0:1, 4:0:0:0:2, 2:0:0:0:1, 3:0:0:0:2, 4:0:0:0:2, 4:0:1:0:2, 3:1:0:0:0, 1:0:0:0:0, 2:0:0:0:0, 4:0:1:0:2, 2:0:0:0:0, 1:0:0:0:1, 5:0:0:0:2, 4:0:0:0:1, 1:0:0:0:0,  , 3:0:0:0:2, 6:1:0:0:1, 3:1:0:0:0, 3:1:0:0:0, 2:0:0:0:0, 134:16:3:0:40
Eb major (3b), 2:0:0:0:1, 4:0:1:0:1, 2:0:0:0:1, 1:0:0:0:0, 0:0:0:0:0, 3:0:0:0:1, 2:0:0:0:1, 3:0:1:0:0, 0:0:0:0:0, 1:0:0:0:0, 1:0:0:0:0, 1:0:0:0:0, 2:0:0:0:2, 5:0:0:0:2, 0:0:0:0:0, 0:0:0:0:0, 1:0:1:0:0, 0:0:0:0:0, 3:0:0:0:1, 1:1:0:0:1, 1:0:0:0:0, 6:1:0:0:2, 2:0:0:0:0, 1:0:0:0:1, 4:1:0:0:2, 3:0:0:0:1, 1:0:0:0:0, 0:0:0:0:0, 0:0:0:0:0, 0:0:0:0:0, 2:0:0:0:1, 3:0:1:0:0, 3:0:0:0:1, 5:0:0:0:2, 2:0:0:0:1, 0:0:0:0:0, 1:0:0:0:0, 3:0:0:0:1, 4:0:0:0:1, 0:0:0:0:0, 0:0:0:0:0, 1:0:1:0:0, 2:0:0:0:1,  , 4:0:1:0:1, 5:0:0:0:2, 2:0:0:0:1, 3:0:0:0:1, 1:0:0:0:1, 91:3:6:0:31
A major (3#), 2:0:0:0:0, 2:1:0:0:0, 2:0:0:0:0, 4:1:0:0:2, 4:0:0:0:1, 6:0:0:0:1, 1:0:0:0:0, 1:0:0:0:1, 3:0:0:0:1, 4:0:0:0:1, 3:0:0:0:0, 3:1:0:0:0, 4:0:0:0:1, 4:1:0:0:0, 3:0:0:0:0, 1:0:0:0:0, 2:0:0:0:1, 6:0:1:1:3, 4:0:0:0:0, 1:1:0:0:1, 3:1:0:0:0, 8:0:1:0:2, 5:2:0:0:1, 0:0:0:0:0, 5:0:0:0:0, 4:1:0:0:0, 3:0:1:1:2, 2:0:0:0:0, 3:0:0:0:1, 5:0:0:0:1, 3:0:0:0:1, 2:0:0:0:1, 5:0:0:0:1, 5:0:1:0:2, 4:1:0:0:0, 1:0:0:0:0, 3:0:0:0:0, 5:0:1:0:2, 3:0:0:0:0, 1:0:0:0:0, 4:0:0:0:1, 3:0:0:0:1, 1:0:0:0:0,  , 4:0:0:0:1, 7:1:0:0:1, 4:1:0:0:0, 4:1:0:0:0, 2:0:0:0:0, 159:13:5:2:31
C minor (3b), 2:0:0:0:1, 4:0:1:0:1, 2:0:0:0:1, 1:0:0:0:0, 0:0:0:0:0, 3:0:0:0:1, 2:0:0:0:1, 3:0:1:0:0, 0:0:0:0:0, 1:0:0:0:0, 1:0:0:0:0, 1:0:0:0:0, 2:0:0:0:2, 5:0:0:0:2, 0:0:0:0:0, 0:0:0:0:0, 1:0:1:0:0, 0:0:0:0:0, 3:0:0:0:1, 1:1:0:0:1, 1:0:0:0:0, 6:1:0:0:2, 2:0:0:0:0, 1:0:0:0:1, 4:1:0:0:2, 3:0:0:0:1, 1:0:0:0:0, 0:0:0:0:0, 0:0:0:0:0, 0:0:0:0:0, 2:0:0:0:1, 3:0:1:0:0, 3:0:0:0:1, 5:0:0:0:2, 2:0:0:0:1, 0:0:0:0:0, 1:0:0:0:0, 3:0:0:0:1, 4:0:0:0:1, 0:0:0:0:0, 0:0:0:0:0, 1:0:1:0:0, 2:0:0:0:1,  , 4:0:1:0:1, 5:0:0:0:2, 2:0:0:0:1, 3:0:0:0:1, 1:0:0:0:1, 91:3:6:0:31
F# minor (3#), 2:0:0:0:0, 2:1:0:0:0, 2:0:0:0:0, 4:1:0:0:2, 4:0:0:0:1, 6:0:0:0:1, 1:0:0:0:0, 1:0:0:0:1, 3:0:0:0:1, 4:0:0:0:1, 3:0:0:0:0, 3:1:0:0:0, 4:0:0:0:1, 4:1:0:0:0, 3:0:0:0:0, 1:0:0:0:0, 2:0:0:0:1, 6:0:1:1:3, 4:0:0:0:0, 1:1:0:0:1, 3:1:0:0:0, 8:0:1:0:2, 5:2:0:0:1, 0:0:0:0:0, 5:0:0:0:0, 4:1:0:0:0, 3:0:1:1:2, 2:0:0:0:0, 3:0:0:0:1, 5:0:0:0:1, 3:0:0:0:1, 2:0:0:0:1, 5:0:0:0:1, 5:0:1:0:2, 4:1:0:0:0, 1:0:0:0:0, 3:0:0:0:0, 5:0:1:0:2, 3:0:0:0:0, 1:0:0:0:0, 4:0:0:0:1, 3:0:0:0:1, 1:0:0:0:0,  , 4:0:0:0:1, 7:1:0:0:1, 4:1:0:0:0, 4:1:0:0:0, 2:0:0:0:0, 159:13:5:2:31
C minor mel (3b), 2:0:0:0:1, 4:0:1:0:1, 2:0:0:0:1, 1:0:0:0:0, 0:0:0:0:0, 3:0:0:0:1, 2:0:0:0:1, 3:0:1:0:0, 0:0:0:0:0, 1:0:0:0:0, 1:0:0:0:0, 1:0:0:0:0, 2:0:0:0:2, 5:0:0:0:2, 0:0:0:0:0, 0:0:0:0:0, 1:0:1:0:0, 0:0:0:0:0, 3:0:0:0:1, 1:1:0:0:1, 1:0:0:0:0, 6:1:0:0:2, 2:0:0:0:0, 1:0:0:0:1, 4:1:0:0:2, 3:0:0:0:1, 1:0:0:0:0, 0:0:0:0:0, 0:0:0:0:0, 0:0:0:0:0, 2:0:0:0:1, 3:0:1:0:0, 3:0:0:0:1, 5:0:0:0:2, 2:0:0:0:1, 0:0:0:0:0, 1:0:0:0:0, 3:0:0:0:1, 4:0:0:0:1, 0:0:0:0:0, 0:0:0:0:0, 1:0:1:0:0, 2:0:0:0:1,  , 4:0:1:0:1, 5:0:0:0:2, 2:0:0:0:1, 3:0:0:0:1, 1:0:0:0:1, 91:3:6:0:31
F# minor mel (3#), 2:0:0:0:0, 2:1:0:0:0, 2:0:0:0:0, 4:1:0:0:2, 4:0:0:0:1, 6:0:0:0:1, 1:0:0:0:0, 1:0:0:0:1, 3:0:0:0:1, 4:0:0:0:1, 3:0:0:0:0, 3:1:0:0:0, 4:0:0:0:1, 4:1:0:0:0, 3:0:0:0:0, 1:0:0:0:0, 2:0:0:0:1, 6:0:1:1:3, 4:0:0:0:0, 1:1:0:0:1, 3:1:0:0:0, 8:0:1:0:2, 5:2:0:0:1, 0:0:0:0:0, 5:0:0:0:0, 4:1:0:0:0, 3:0:1:1:2, 2:0:0:0:0, 3:0:0:0:1, 5:0:0:0:1, 3:0:0:0:1, 2:0:0:0:1, 5:0:0:0:1, 5:0:1:0:2, 4:1:0:0:0, 1:0:0:0:0, 3:0:0:0:0, 5:0:1:0:2, 3:0:0:0:0, 1:0:0:0:0, 4:0:0:0:1, 3:0:0:0:1, 1:0:0:0:0,  , 4:0:0:0:1, 7:1:0:0:1, 4:1:0:0:0, 4:1:0:0:0, 2:0:0:0:0, 159:13:5:2:31
Eb major blues (3b), 2:0:0:0:1, 4:0:1:0:1, 2:0:0:0:1, 1:0:0:0:0, 0:0:0:0:0, 3:0:0:0:1, 2:0:0:0:1, 3:0:1:0:0, 0:0:0:0:0, 1:0:0:0:0, 1:0:0:0:0, 1:0:0:0:0, 2:0:0:0:2, 5:0:0:0:2, 0:0:0:0:0, 0:0:0:0:0, 1:0:1:0:0, 0:0:0:0:0, 3:0:0:0:1, 1:1:0:0:1, 1:0:0:0:0, 6:1:0:0:2, 2:0:0:0:0, 1:0:0:0:1, 4:1:0:0:2, 3:0:0:0:1, 1:0:0:0:0, 0:0:0:0:0, 0:0:0:0:0, 0:0:0:0:0, 2:0:0:0:1, 3:0:1:0:0, 3:0:0:0:1, 5:0:0:0:2, 2:0:0:0:1, 0:0:0:0:0, 1:0:0:0:0, 3:0:0:0:1, 4:0:0:0:1, 0:0:0:0:0, 0:0:0:0:0, 1:0:1:0:0, 2:0:0:0:1,  , 4:0:1:0:1, 5:0:0:0:2, 2:0:0:0:1, 3:0:0:0:1, 1:0:0:0:1, 91:3:6:0:31
A major blues (3#), 2:0:0:0:0, 2:1:0:0:0, 2:0:0:0:0, 4:1:0:0:2, 4:0:0:0:1, 6:0:0:0:1, 1:0:0:0:0, 1:0:0:0:1, 3:0:0:0:1, 4:0:0:0:1, 3:0:0:0:0, 3:1:0:0:0, 4:0:0:0:1, 4:1:0:0:0, 3:0:0:0:0, 1:0:0:0:0, 2:0:0:0:1, 6:0:1:1:3, 4:0:0:0:0, 1:1:0:0:1, 3:1:0:0:0, 8:0:1:0:2, 5:2:0:0:1, 0:0:0:0:0, 5:0:0:0:0, 4:1:0:0:0, 3:0:1:1:2, 2:0:0:0:0, 3:0:0:0:1, 5:0:0:0:1, 3:0:0:0:1, 2:0:0:0:1, 5:0:0:0:1, 5:0:1:0:2, 4:1:0:0:0, 1:0:0:0:0, 3:0:0:0:0, 5:0:1:0:2, 3:0:0:0:0, 1:0:0:0:0, 4:0:0:0:1, 3:0:0:0:1, 1:0:0:0:0,  , 4:0:0:0:1, 7:1:0:0:1, 4:1:0:0:0, 4:1:0:0:0, 2:0:0:0:0, 159:13:5:2:31
C minor blues (3b), 2:0:0:0:1, 4:0:1:0:1, 2:0:0:0:1, 1:0:0:0:0, 0:0:0:0:0, 3:0:0:0:1, 2:0:0:0:1, 3:0:1:0:0, 0:0:0:0:0, 1:0:0:0:0, 1:0:0:0:0, 1:0:0:0:0, 2:0:0:0:2, 5:0:0:0:2, 0:0:0:0:0, 0:0:0:0:0, 1:0:1:0:0, 0:0:0:0:0, 3:0:0:0:1, 1:1:0:0:1, 1:0:0:0:0, 6:1:0:0:2, 2:0:0:0:0, 1:0:0:0:1, 4:1:0:0:2, 3:0:0:0:1, 1:0:0:0:0, 0:0:0:0:0, 0:0:0:0:0, 0:0:0:0:0, 2:0:0:0:1, 3:0:1:0:0, 3:0:0:0:1, 5:0:0:0:2, 2:0:0:0:1, 0:0:0:0:0, 1:0:0:0:0, 3:0:0:0:1, 4:0:0:0:1, 0:0:0:0:0, 0:0:0:0:0, 1:0:1:0:0, 2:0:0:0:1,  , 4:0:1:0:1, 5:0:0:0:2, 2:0:0:0:1, 3:0:0:0:1, 1:0:0:0:1, 91:3:6:0:31
F# minor blues (3#), 2:0:0:0:0, 2:1:0:0:0, 2:0:0:0:0, 4:1:0:0:2, 4:0:0:0:1, 6:0:0:0:1, 1:0:0:0:0, 1:0:0:0:1, 3:0:0:0:1, 4:0:0:0:1, 3:0:0:0:0, 3:1:0:0:0, 4:0:0:0:1, 4:1:0:0:0, 3:0:0:0:0, 1:0:0:0:0, 2:0:0:0:1, 6:0:1:1:3, 4:0:0:0:0, 1:1:0:0:1, 3:1:0:0:0, 8:0:1:0:2, 5:2:0:0:1, 0:0:0:0:0, 5:0:0:0:0, 4:1:0:0:0, 3:0:1:1:2, 2:0:0:0:0, 3:0:0:0:1, 5:0:0:0:1, 3:0:0:0:1, 2:0:0:0:1, 5:0:0:0:1, 5:0:1:0:2, 4:1:0:0:0, 1:0:0:0:0, 3:0:0:0:0, 5:0:1:0:2, 3:0:0:0:0, 1:0:0:0:0, 4:0:0:0:1, 3:0:0:0:1, 1:0:0:0:0,  , 4:0:0:0:1, 7:1:0:0:1, 4:1:0:0:0, 4:1:0:0:0, 2:0:0:0:0, 159:13:5:2:31
Eb dorian (3b), 2:0:0:0:1, 4:0:1:0:1, 2:0:0:0:1, 1:0:0:0:0, 0:0:0:0:0, 3:0:0:0:1, 2:0:0:0:1, 3:0:1:0:0, 0:0:0:0:0, 1:0:0:0:0, 1:0:0:0:0, 1:0:0:0:0, 2:0:0:0:2, 5:0:0:0:2, 0:0:0:0:0, 0:0:0:0:0, 1:0:1:0:0, 0:0:0:0:0, 3:0:0:0:1, 1:1:0:0:1, 1:0:0:0:0, 6:1:0:0:2, 2:0:0:0:0, 1:0:0:0:1, 4:1:0:0:2, 3:0:0:0:1, 1:0:0:0:0, 0:0:0:0:0, 0:0:0:0:0, 0:0:0:0:0, 2:0:0:0:1, 3:0:1:0:0, 3:0:0:0:1, 5:0:0:0:2, 2:0:0:0:1, 0:0:0:0:0, 1:0:0:0:0, 3:0:0:0:1, 4:0:0:0:1, 0:0:0:0:0, 0:0:0:0:0, 1:0:1:0:0, 2:0:0:0:1,  , 4:0:1:0:1, 5:0:0:0:2, 2:0:0:0:1, 3:0:0:0:1, 1:0:0:0:1, 91:3:6:0:31
A dorian (3#), 2:0:0:0:0, 2:1:0:0:0, 2:0:0:0:0, 4:1:0:0:2, 4:0:0:0:1, 6:0:0:0:1, 1:0:0:0:0, 1:0:0:0:1, 3:0:0:0:1, 4:0:0:0:1, 3:0:0:0:0, 3:1:0:0:0, 4:0:0:0:1, 4:1:0:0:0, 3:0:0:0:0, 1:0:0:0:0, 2:0:0:0:1, 6:0:1:1:3, 4:0:0:0:0, 1:1:0:0:1, 3:1:0:0:0, 8:0:1:0:2, 5:2:0:0:1, 0:0:0:0:0, 5:0:0:0:0, 4:1:0:0:0, 3:0:1:1:2, 2:0:0:0:0, 3:0:0:0:1, 5:0:0:0:1, 3:0:0:0:1, 2:0:0:0:1, 5:0:0:0:1, 5:0:1:0:2, 4:1:0:0:0, 1:0:0:0:0, 3:0:0:0:0, 5:0:1:0:2, 3:0:0:0:0, 1:0:0:0:0, 4:0:0:0:1, 3:0:0:0:1, 1:0:0:0:0,  , 4:0:0:0:1, 7:1:0:0:1, 4:1:0:0:0, 4:1:0:0:0, 2:0:0:0:0, 159:13:5:2:31
Eb phrygian (3b), 2:0:0:0:1, 4:0:1:0:1, 2:0:0:0:1, 1:0:0:0:0, 0:0:0:0:0, 3:0:0:0:1, 2:0:0:0:1, 3:0:1:0:0, 0:0:0:0:0, 1:0:0:0:0, 1:0:0:0:0, 1:0:0:0:0, 2:0:0:0:2, 5:0:0:0:2, 0:0:0:0:0, 0:0:0:0:0, 1:0:1:0:0, 0:0:0:0:0, 3:0:0:0:1, 1:1:0:0:1, 1:0:0:0:0, 6:1:0:0:2, 2:0:0:0:0, 1:0:0:0:1, 4:1:0:0:2, 3:0:0:0:1, 1:0:0:0:0, 0:0:0:0:0, 0:0:0:0:0, 0:0:0:0:0, 2:0:0:0:1, 3:0:1:0:0, 3:0:0:0:1, 5:0:0:0:2, 2:0:0:0:1, 0:0:0:0:0, 1:0:0:0:0, 3:0:0:0:1, 4:0:0:0:1, 0:0:0:0:0, 0:0:0:0:0, 1:0:1:0:0, 2:0:0:0:1,  , 4:0:1:0:1, 5:0:0:0:2, 2:0:0:0:1, 3:0:0:0:1, 1:0:0:0:1, 91:3:6:0:31
A phrygian (3#), 2:0:0:0:0, 2:1:0:0:0, 2:0:0:0:0, 4:1:0:0:2, 4:0:0:0:1, 6:0:0:0:1, 1:0:0:0:0, 1:0:0:0:1, 3:0:0:0:1, 4:0:0:0:1, 3:0:0:0:0, 3:1:0:0:0, 4:0:0:0:1, 4:1:0:0:0, 3:0:0:0:0, 1:0:0:0:0, 2:0:0:0:1, 6:0:1:1:3, 4:0:0:0:0, 1:1:0:0:1, 3:1:0:0:0, 8:0:1:0:2, 5:2:0:0:1, 0:0:0:0:0, 5:0:0:0:0, 4:1:0:0:0, 3:0:1:1:2, 2:0:0:0:0, 3:0:0:0:1, 5:0:0:0:1, 3:0:0:0:1, 2:0:0:0:1, 5:0:0:0:1, 5:0:1:0:2, 4:1:0:0:0, 1:0:0:0:0, 3:0:0:0:0, 5:0:1:0:2, 3:0:0:0:0, 1:0:0:0:0, 4:0:0:0:1, 3:0:0:0:1, 1:0:0:0:0,  , 4:0:0:0:1, 7:1:0:0:1, 4:1:0:0:0, 4:1:0:0:0, 2:0:0:0:0, 159:13:5:2:31
Eb lydian (3b), 2:0:0:0:1, 4:0:1:0:1, 2:0:0:0:1, 1:0:0:0:0, 0:0:0:0:0, 3:0:0:0:1, 2:0:0:0:1, 3:0:1:0:0, 0:0:0:0:0, 1:0:0:0:0, 1:0:0:0:0, 1:0:0:0:0, 2:0:0:0:2, 5:0:0:0:2, 0:0:0:0:0, 0:0:0:0:0, 1:0:1:0:0, 0:0:0:0:0, 3:0:0:0:1, 1:1:0:0:1, 1:0:0:0:0, 6:1:0:0:2, 2:0:0:0:0, 1:0:0:0:1, 4:1:0:0:2, 3:0:0:0:1, 1:0:0:0:0, 0:0:0:0:0, 0:0:0:0:0, 0:0:0:0:0, 2:0:0:0:1, 3:0:1:0:0, 3:0:0:0:1, 5:0:0:0:2, 2:0:0:0:1, 0:0:0:0:0, 1:0:0:0:0, 3:0:0:0:1, 4:0:0:0:1, 0:0:0:0:0, 0:0:0:0:0, 1:0:1:0:0, 2:0:0:0:1,  , 4:0:1:0:1, 5:0:0:0:2, 2:0:0:0:1, 3:0:0:0:1, 1:0:0:0:1, 91:3:6:0:31
A lydian (3#), 2:0:0:0:0, 2:1:0:0:0, 2:0:0:0:0, 4:1:0:0:2, 4:0:0:0:1, 6:0:0:0:1, 1:0:0:0:0, 1:0:0:0:1, 3:0:0:0:1, 4:0:0:0:1, 3:0:0:0:0, 3:1:0:0:0, 4:0:0:0:1, 4:1:0:0:0, 3:0:0:0:0, 1:0:0:0:0, 2:0:0:0:1, 6:0:1:1:3, 4:0:0:0:0, 1:1:0:0:1, 3:1:0:0:0, 8:0:1:0:2, 5:2:0:0:1, 0:0:0:0:0, 5:0:0:0:0, 4:1:0:0:0, 3:0:1:1:2, 2:0:0:0:0, 3:0:0:0:1, 5:0:0:0:1, 3:0:0:0:1, 2:0:0:0:1, 5:0:0:0:1, 5:0:1:0:2, 4:1:0:0:0, 1:0:0:0:0, 3:0:0:0:0, 5:0:1:0:2, 3:0:0:0:0, 1:0:0:0:0, 4:0:0:0:1, 3:0:0:0:1, 1:0:0:0:0,  , 4:0:0:0:1, 7:1:0:0:1, 4:1:0:0:0, 4:1:0:0:0, 2:0:0:0:0, 159:13:5:2:31
Eb mixolydian (3b), 2:0:0:0:1, 4:0:1:0:1, 2:0:0:0:1, 1:0:0:0:0, 0:0:0:0:0, 3:0:0:0:1, 2:0:0:0:1, 3:0:1:0:0, 0:0:0:0:0, 1:0:0:0:0, 1:0:0:0:0, 1:0:0:0:0, 2:0:0:0:2, 5:0:0:0:2, 0:0:0:0:0, 0:0:0:0:0, 1:0:1:0:0, 0:0:0:0:0, 3:0:0:0:1, 1:1:0:0:1, 1:0:0:0:0, 6:1:0:0:2, 2:0:0:0:0, 1:0:0:0:1, 4:1:0:0:2, 3:0:0:0:1, 1:0:0:0:0, 0:0:0:0:0, 0:0:0:0:0, 0:0:0:0:0, 2:0:0:0:1, 3:0:1:0:0, 3:0:0:0:1, 5:0:0:0:2, 2:0:0:0:1, 0:0:0:0:0, 1:0:0:0:0, 3:0:0:0:1, 4:0:0:0:1, 0:0:0:0:0, 0:0:0:0:0, 1:0:1:0:0, 2:0:0:0:1,  , 4:0:1:0:1, 5:0:0:0:2, 2:0:0:0:1, 3:0:0:0:1, 1:0:0:0:1, 91:3:6:0:31
A mixolydian (3#), 2:0:0:0:0, 2:1:0:0:0, 2:0:0:0:0, 4:1:0:0:2, 4:0:0:0:1, 6:0:0:0:1, 1:0:0:0:0, 1:0:0:0:1, 3:0:0:0:1, 4:0:0:0:1, 3:0:0:0:0, 3:1:0:0:0, 4:0:0:0:1, 4:1:0:0:0, 3:0:0:0:0, 1:0:0:0:0, 2:0:0:0:1, 6:0:1:1:3, 4:0:0:0:0, 1:1:0:0:1, 3:1:0:0:0, 8:0:1:0:2, 5:2:0:0:1, 0:0:0:0:0, 5:0:0:0:0, 4:1:0:0:0, 3:0:1:1:2, 2:0:0:0:0, 3:0:0:0:1, 5:0:0:0:1, 3:0:0:0:1, 2:0:0:0:1, 5:0:0:0:1, 5:0:1:0:2, 4:1:0:0:0, 1:0:0:0:0, 3:0:0:0:0, 5:0:1:0:2, 3:0:0:0:0, 1:0:0:0:0, 4:0:0:0:1, 3:0:0:0:1, 1:0:0:0:0,  , 4:0:0:0:1, 7:1:0:0:1, 4:1:0:0:0, 4:1:0:0:0, 2:0:0:0:0, 159:13:5:2:31
Eb aeolian (3b), 2:0:0:0:1, 4:0:1:0:1, 2:0:0:0:1, 1:0:0:0:0, 0:0:0:0:0, 3:0:0:0:1, 2:0:0:0:1, 3:0:1:0:0, 0:0:0:0:0, 1:0:0:0:0, 1:0:0:0:0, 1:0:0:0:0, 2:0:0:0:2, 5:0:0:0:2, 0:0:0:0:0, 0:0:0:0:0, 1:0:1:0:0, 0:0:0:0:0, 3:0:0:0:1, 1:1:0:0:1, 1:0:0:0:0, 6:1:0:0:2, 2:0:0:0:0, 1:0:0:0:1, 4:1:0:0:2, 3:0:0:0:1, 1:0:0:0:0, 0:0:0:0:0, 0:0:0:0:0, 0:0:0:0:0, 2:0:0:0:1, 3:0:1:0:0, 3:0:0:0:1, 5:0:0:0:2, 2:0:0:0:1, 0:0:0:0:0, 1:0:0:0:0, 3:0:0:0:1, 4:0:0:0:1, 0:0:0:0:0, 0:0:0:0:0, 1:0:1:0:0, 2:0:0:0:1,  , 4:0:1:0:1, 5:0:0:0:2, 2:0:0:0:1, 3:0:0:0:1, 1:0:0:0:1, 91:3:6:0:31
A aeolian (3#), 2:0:0:0:0, 2:1:0:0:0, 2:0:0:0:0, 4:1:0:0:2, 4:0:0:0:1, 6:0:0:0:1, 1:0:0:0:0, 1:0:0:0:1, 3:0:0:0:1, 4:0:0:0:1, 3:0:0:0:0, 3:1:0:0:0, 4:0:0:0:1, 4:1:0:0:0, 3:0:0:0:0, 1:0:0:0:0, 2:0:0:0:1, 6:0:1:1:3, 4:0:0:0:0, 1:1:0:0:1, 3:1:0:0:0, 8:0:1:0:2, 5:2:0:0:1, 0:0:0:0:0, 5:0:0:0:0, 4:1:0:0:0, 3:0:1:1:2, 2:0:0:0:0, 3:0:0:0:1, 5:0:0:0:1, 3:0:0:0:1, 2:0:0:0:1, 5:0:0:0:1, 5:0:1:0:2, 4:1:0:0:0, 1:0:0:0:0, 3:0:0:0:0, 5:0:1:0:2, 3:0:0:0:0, 1:0:0:0:0, 4:0:0:0:1, 3:0:0:0:1, 1:0:0:0:0,  , 4:0:0:0:1, 7:1:0:0:1, 4:1:0:0:0, 4:1:0:0:0, 2:0:0:0:0, 159:13:5:2:31
Eb locrian (3b), 2:0:0:0:1, 4:0:1:0:1, 2:0:0:0:1, 1:0:0:0:0, 0:0:0:0:0, 3:0:0:0:1, 2:0:0:0:1, 3:0:1:0:0, 0:0:0:0:0, 1:0:0:0:0, 1:0:0:0:0, 1:0:0:0:0, 2:0:0:0:2, 5:0:0:0:2, 0:0:0:0:0, 0:0:0:0:0, 1:0:1:0:0, 0:0:0:0:0, 3:0:0:0:1, 1:1:0:0:1, 1:0:0:0:0, 6:1:0:0:2, 2:0:0:0:0, 1:0:0:0:1, 4:1:0:0:2, 3:0:0:0:1, 1:0:0:0:0, 0:0:0:0:0, 0:0:0:0:0, 0:0:0:0:0, 2:0:0:0:1, 3:0:1:0:0, 3:0:0:0:1, 5:0:0:0:2, 2:0:0:0:1, 0:0:0:0:0, 1:0:0:0:0, 3:0:0:0:1, 4:0:0:0:1, 0:0:0:0:0, 0:0:0:0:0, 1:0:1:0:0, 2:0:0:0:1,  , 4:0:1:0:1, 5:0:0:0:2, 2:0:0:0:1, 3:0:0:0:1, 1:0:0:0:1, 91:3:6:0:31
A locrian (3#), 2:0:0:0:0, 2:1:0:0:0, 2:0:0:0:0, 4:1:0:0:2, 4:0:0:0:1, 6:0:0:0:1, 1:0:0:0:0, 1:0:0:0:1, 3:0:0:0:1, 4:0:0:0:1, 3:0:0:0:0, 3:1:0:0:0, 4:0:0:0:1, 4:1:0:0:0, 3:0:0:0:0, 1:0:0:0:0, 2:0:0:0:1, 6:0:1:1:3, 4:0:0:0:0, 1:1:0:0:1, 3:1:0:0:0, 8:0:1:0:2, 5:2:0:0:1, 0:0:0:0:0, 5:0:0:0:0, 4:1:0:0:0, 3:0:1:1:2, 2:0:0:0:0, 3:0:0:0:1, 5:0:0:0:1, 3:0:0:0:1, 2:0:0:0:1, 5:0:0:0:1, 5:0:1:0:2, 4:1:0:0:0, 1:0:0:0:0, 3:0:0:0:0, 5:0:1:0:2, 3:0:0:0:0, 1:0:0:0:0, 4:0:0:0:1, 3:0:0:0:1, 1:0:0:0:0,  , 4:0:0:0:1, 7:1:0:0:1, 4:1:0:0:0, 4:1:0:0:0, 2:0:0:0:0, 159:13:5:2:31
Ab major (4b), 2:0:0:0:2, 5:0:1:0:2, 3:0:0:0:2, 2:0:0:0:0, 0:0:0:0:0, 2:0:0:0:2, 3:0:0:0:2, 2:0:1:0:0, 1:0:0:0:0, 1:0:0:0:1, 2:0:0:0:1, 2:0:0:0:1, 2:0:0:0:2, 6:0:0:0:3, 1:0:0:0:0, 0:0:0:0:0, 1:0:1:0:0, 0:0:0:0:0, 4:0:0:0:2, 1:0:0:0:0, 1:0:0:0:1, 7:1:0:0:2, 1:0:0:0:1, 1:0:0:0:1, 5:1:0:0:3, 2:0:0:0:2, 2:0:0:0:1, 0:0:0:0:0, 1:0:0:0:0, 0:0:0:0:0, 2:0:0:0:2, 2:0:1:0:0, 4:0:0:0:1, 4:0:0:0:3, 2:0:0:0:2, 1:0:0:0:0, 1:0:0:0:1, 4:0:0:0:2, 4:0:0:1:3, 1:0:0:0:0, 0:0:0:0:0, 1:0:1:0:0, 3:0:0:0:2,  , 4:0:1:0:2, 4:0:0:0:3, 2:0:0:0:2, 4:0:0:0:2, 2:0:0:0:1, 105:2:6:1:57
E major (4#), 2:0:0:0:0, 3:1:0:0:1, 3:0:0:0:0, 4:0:0:0:0, 4:0:0:0:0, 5:0:0:0:0, 2:0:0:0:0, 1:0:0:0:0, 4:0:0:0:0, 3:0:0:0:0, 4:0:0:0:0, 4:1:0:0:1, 4:0:0:0:0, 5:1:0:0:1, 4:0:0:0:0, 1:0:0:0:0, 2:0:0:0:0, 5:0:1:1:2, 5:0:0:0:0, 1:0:0:0:0, 3:1:0:0:1, 7:0:1:0:1, 5:2:0:0:2, 0:0:0:0:0, 6:0:0:0:0, 4:1:0:0:1, 4:0:1:1:2, 1:0:0:0:0, 4:0:0:0:0, 4:0:0:0:0, 3:0:0:0:0, 1:0:0:0:0, 4:0:0:0:0, 5:0:1:0:1, 4:1:0:0:1, 2:0:0:0:0, 3:0:0:0:0, 6:0:1:0:1, 4:0:0:0:0, 2:0:0:0:0, 3:0:0:0:0, 3:0:0:0:0, 2:0:0:0:0,  , 3:0:0:0:0, 7:1:0:0:1, 4:1:0:0:1, 5:1:0:0:1, 3:0:0:0:0, 168:11:5:2:18
F minor (4b), 2:0:0:0:2, 5:0:1:0:2, 3:0:0:0:2, 2:0:0:0:0, 0:0:0:0:0, 2:0:0:0:2, 3:0:0:0:2, 2:0:1:0:0, 1:0:0:0:0, 1:0:0:0:1, 2:0:0:0:1, 2:0:0:0:1, 2:0:0:0:2, 6:0:0:0:3, 1:0:0:0:0, 0:0:0:0:0, 1:0:1:0:0, 0:0:0:0:0, 4:0:0:0:2, 1:0:0:0:0, 1:0:0:0:1, 7:1:0:0:2, 1:0:0:0:1, 1:0:0:0:1, 5:1:0:0:3, 2:0:0:0:2, 2:0:0:0:1, 0:0:0:0:0, 1:0:0:0:0, 0:0:0:0:0, 2:0:0:0:2, 2:0:1:0:0, 4:0:0:0:1, 4:0:0:0:3, 2:0:0:0:2, 1:0:0:0:0, 1:0:0:0:1, 4:0:0:0:2, 4:0:0:1:3, 1:0:0:0:0, 0:0:0:0:0, 1:0:1:0:0, 3:0:0:0:2,  , 4:0:1:0:2, 4:0:0:0:3, 2:0:0:0:2, 4:0:0:0:2, 2:0:0:0:1, 105:2:6:1:57
C# minor (4#), 2:0:0:0:0, 3:1:0:0:1, 3:0:0:0:0, 4:0:0:0:0, 4:0:0:0:0, 5:0:0:0:0, 2:0:0:0:0, 1:0:0:0:0, 4:0:0:0:0, 3:0:0:0:0, 4:0:0:0:0, 4:1:0:0:1, 4:0:0:0:0, 5:1:0:0:1, 4:0:0:0:0, 1:0:0:0:0, 2:0:0:0:0, 5:0:1:1:2, 5:0:0:0:0, 1:0:0:0:0, 3:1:0:0:1, 7:0:1:0:1, 5:2:0:0:2, 0:0:0:0:0, 6:0:0:0:0, 4:1:0:0:1, 4:0:1:1:2, 1:0:0:0:0, 4:0:0:0:0, 4:0:0:0:0, 3:0:0:0:0, 1:0:0:0:0, 4:0:0:0:0, 5:0:1:0:1, 4:1:0:0:1, 2:0:0:0:0, 3:0:0:0:0, 6:0:1:0:1, 4:0:0:0:0, 2:0:0:0:0, 3:0:0:0:0, 3:0:0:0:0, 2:0:0:0:0,  , 3:0:0:0:0, 7:1:0:0:1, 4:1:0:0:1, 5:1:0:0:1, 3:0:0:0:0, 168:11:5:2:18
F minor mel (4b), 2:0:0:0:2, 5:0:1:0:2, 3:0:0:0:2, 2:0:0:0:0, 0:0:0:0:0, 2:0:0:0:2, 3:0:0:0:2, 2:0:1:0:0, 1:0:0:0:0, 1:0:0:0:1, 2:0:0:0:1, 2:0:0:0:1, 2:0:0:0:2, 6:0:0:0:3, 1:0:0:0:0, 0:0:0:0:0, 1:0:1:0:0, 0:0:0:0:0, 4:0:0:0:2, 1:0:0:0:0, 1:0:0:0:1, 7:1:0:0:2, 1:0:0:0:1, 1:0:0:0:1, 5:1:0:0:3, 2:0:0:0:2, 2:0:0:0:1, 0:0:0:0:0, 1:0:0:0:0, 0:0:0:0:0, 2:0:0:0:2, 2:0:1:0:0, 4:0:0:0:1, 4:0:0:0:3, 2:0:0:0:2, 1:0:0:0:0, 1:0:0:0:1, 4:0:0:0:2, 4:0:0:1:3, 1:0:0:0:0, 0:0:0:0:0, 1:0:1:0:0, 3:0:0:0:2,  , 4:0:1:0:2, 4:0:0:0:3, 2:0:0:0:2, 4:0:0:0:2, 2:0:0:0:1, 105:2:6:1:57
C# minor mel (4#), 2:0:0:0:0, 3:1:0:0:1, 3:0:0:0:0, 4:0:0:0:0, 4:0:0:0:0, 5:0:0:0:0, 2:0:0:0:0, 1:0:0:0:0, 4:0:0:0:0, 3:0:0:0:0, 4:0:0:0:0, 4:1:0:0:1, 4:0:0:0:0, 5:1:0:0:1, 4:0:0:0:0, 1:0:0:0:0, 2:0:0:0:0, 5:0:1:1:2, 5:0:0:0:0, 1:0:0:0:0, 3:1:0:0:1, 7:0:1:0:1, 5:2:0:0:2, 0:0:0:0:0, 6:0:0:0:0, 4:1:0:0:1, 4:0:1:1:2, 1:0:0:0:0, 4:0:0:0:0, 4:0:0:0:0, 3:0:0:0:0, 1:0:0:0:0, 4:0:0:0:0, 5:0:1:0:1, 4:1:0:0:1, 2:0:0:0:0, 3:0:0:0:0, 6:0:1:0:1, 4:0:0:0:0, 2:0:0:0:0, 3:0:0:0:0, 3:0:0:0:0, 2:0:0:0:0,  , 3:0:0:0:0, 7:1:0:0:1, 4:1:0:0:1, 5:1:0:0:1, 3:0:0:0:0, 168:11:5:2:18
Ab major blues (4b), 2:0:0:0:2, 5:0:1:0:2, 3:0:0:0:2, 2:0:0:0:0, 0:0:0:0:0, 2:0:0:0:2, 3:0:0:0:2, 2:0:1:0:0, 1:0:0:0:0, 1:0:0:0:1, 2:0:0:0:1, 2:0:0:0:1, 2:0:0:0:2, 6:0:0:0:3, 1:0:0:0:0, 0:0:0:0:0, 1:0:1:0:0, 0:0:0:0:0, 4:0:0:0:2, 1:0:0:0:0, 1:0:0:0:1, 7:1:0:0:2, 1:0:0:0:1, 1:0:0:0:1, 5:1:0:0:3, 2:0:0:0:2, 2:0:0:0:1, 0:0:0:0:0, 1:0:0:0:0, 0:0:0:0:0, 2:0:0:0:2, 2:0:1:0:0, 4:0:0:0:1, 4:0:0:0:3, 2:0:0:0:2, 1:0:0:0:0, 1:0:0:0:1, 4:0:0:0:2, 4:0:0:1:3, 1:0:0:0:0, 0:0:0:0:0, 1:0:1:0:0, 3:0:0:0:2,  , 4:0:1:0:2, 4:0:0:0:3, 2:0:0:0:2, 4:0:0:0:2, 2:0:0:0:1, 105:2:6:1:57
E major blues (4#), 2:0:0:0:0, 3:1:0:0:1, 3:0:0:0:0, 4:0:0:0:0, 4:0:0:0:0, 5:0:0:0:0, 2:0:0:0:0, 1:0:0:0:0, 4:0:0:0:0, 3:0:0:0:0, 4:0:0:0:0, 4:1:0:0:1, 4:0:0:0:0, 5:1:0:0:1, 4:0:0:0:0, 1:0:0:0:0, 2:0:0:0:0, 5:0:1:1:2, 5:0:0:0:0, 1:0:0:0:0, 3:1:0:0:1, 7:0:1:0:1, 5:2:0:0:2, 0:0:0:0:0, 6:0:0:0:0, 4:1:0:0:1, 4:0:1:1:2, 1:0:0:0:0, 4:0:0:0:0, 4:0:0:0:0, 3:0:0:0:0, 1:0:0:0:0, 4:0:0:0:0, 5:0:1:0:1, 4:1:0:0:1, 2:0:0:0:0, 3:0:0:0:0, 6:0:1:0:1, 4:0:0:0:0, 2:0:0:0:0, 3:0:0:0:0, 3:0:0:0:0, 2:0:0:0:0,  , 3:0:0:0:0, 7:1:0:0:1, 4:1:0:0:1, 5:1:0:0:1, 3:0:0:0:0, 168:11:5:2:18
F minor blues (4b), 2:0:0:0:2, 5:0:1:0:2, 3:0:0:0:2, 2:0:0:0:0, 0:0:0:0:0, 2:0:0:0:2, 3:0:0:0:2, 2:0:1:0:0, 1:0:0:0:0, 1:0:0:0:1, 2:0:0:0:1, 2:0:0:0:1, 2:0:0:0:2, 6:0:0:0:3, 1:0:0:0:0, 0:0:0:0:0, 1:0:1:0:0, 0:0:0:0:0, 4:0:0:0:2, 1:0:0:0:0, 1:0:0:0:1, 7:1:0:0:2, 1:0:0:0:1, 1:0:0:0:1, 5:1:0:0:3, 2:0:0:0:2, 2:0:0:0:1, 0:0:0:0:0, 1:0:0:0:0, 0:0:0:0:0, 2:0:0:0:2, 2:0:1:0:0, 4:0:0:0:1, 4:0:0:0:3, 2:0:0:0:2, 1:0:0:0:0, 1:0:0:0:1, 4:0:0:0:2, 4:0:0:1:3, 1:0:0:0:0, 0:0:0:0:0, 1:0:1:0:0, 3:0:0:0:2,  , 4:0:1:0:2, 4:0:0:0:3, 2:0:0:0:2, 4:0:0:0:2, 2:0:0:0:1, 105:2:6:1:57
C# minor blues (4#), 2:0:0:0:0, 3:1:0:0:1, 3:0:0:0:0, 4:0:0:0:0, 4:0:0:0:0, 5:0:0:0:0, 2:0:0:0:0, 1:0:0:0:0, 4:0:0:0:0, 3:0:0:0:0, 4:0:0:0:0, 4:1:0:0:1, 4:0:0:0:0, 5:1:0:0:1, 4:0:0:0:0, 1:0:0:0:0, 2:0:0:0:0, 5:0:1:1:2, 5:0:0:0:0, 1:0:0:0:0, 3:1:0:0:1, 7:0:1:0:1, 5:2:0:0:2, 0:0:0:0:0, 6:0:0:0:0, 4:1:0:0:1, 4:0:1:1:2, 1:0:0:0:0, 4:0:0:0:0, 4:0:0:0:0, 3:0:0:0:0, 1:0:0:0:0, 4:0:0:0:0, 5:0:1:0:1, 4:1:0:0:1, 2:0:0:0:0, 3:0:0:0:0, 6:0:1:0:1, 4:0:0:0:0, 2:0:0:0:0, 3:0:0:0:0, 3:0:0:0:0, 2:0:0:0:0,  , 3:0:0:0:0, 7:1:0:0:1, 4:1:0:0:1, 5:1:0:0:1, 3:0:0:0:0, 168:11:5:2:18
Ab dorian (4b), 2:0:0:0:2, 5:0:1:0:2, 3:0:0:0:2, 2:0:0:0:0, 0:0:0:0:0, 2:0:0:0:2, 3:0:0:0:2, 2:0:1:0:0, 1:0:0:0:0, 1:0:0:0:1, 2:0:0:0:1, 2:0:0:0:1, 2:0:0:0:2, 6:0:0:0:3, 1:0:0:0:0, 0:0:0:0:0, 1:0:1:0:0, 0:0:0:0:0, 4:0:0:0:2, 1:0:0:0:0, 1:0:0:0:1, 7:1:0:0:2, 1:0:0:0:1, 1:0:0:0:1, 5:1:0:0:3, 2:0:0:0:2, 2:0:0:0:1, 0:0:0:0:0, 1:0:0:0:0, 0:0:0:0:0, 2:0:0:0:2, 2:0:1:0:0, 4:0:0:0:1, 4:0:0:0:3, 2:0:0:0:2, 1:0:0:0:0, 1:0:0:0:1, 4:0:0:0:2, 4:0:0:1:3, 1:0:0:0:0, 0:0:0:0:0, 1:0:1:0:0, 3:0:0:0:2,  , 4:0:1:0:2, 4:0:0:0:3, 2:0:0:0:2, 4:0:0:0:2, 2:0:0:0:1, 105:2:6:1:57
E dorian (4#), 2:0:0:0:0, 3:1:0:0:1, 3:0:0:0:0, 4:0:0:0:0, 4:0:0:0:0, 5:0:0:0:0, 2:0:0:0:0, 1:0:0:0:0, 4:0:0:0:0, 3:0:0:0:0, 4:0:0:0:0, 4:1:0:0:1, 4:0:0:0:0, 5:1:0:0:1, 4:0:0:0:0, 1:0:0:0:0, 2:0:0:0:0, 5:0:1:1:2, 5:0:0:0:0, 1:0:0:0:0, 3:1:0:0:1, 7:0:1:0:1, 5:2:0:0:2, 0:0:0:0:0, 6:0:0:0:0, 4:1:0:0:1, 4:0:1:1:2, 1:0:0:0:0, 4:0:0:0:0, 4:0:0:0:0, 3:0:0:0:0, 1:0:0:0:0, 4:0:0:0:0, 5:0:1:0:1, 4:1:0:0:1, 2:0:0:0:0, 3:0:0:0:0, 6:0:1:0:1, 4:0:0:0:0, 2:0:0:0:0, 3:0:0:0:0, 3:0:0:0:0, 2:0:0:0:0,  , 3:0:0:0:0, 7:1:0:0:1, 4:1:0:0:1, 5:1:0:0:1, 3:0:0:0:0, 168:11:5:2:18
Ab phrygian (4b), 2:0:0:0:2, 5:0:1:0:2, 3:0:0:0:2, 2:0:0:0:0, 0:0:0:0:0, 2:0:0:0:2, 3:0:0:0:2, 2:0:1:0:0, 1:0:0:0:0, 1:0:0:0:1, 2:0:0:0:1, 2:0:0:0:1, 2:0:0:0:2, 6:0:0:0:3, 1:0:0:0:0, 0:0:0:0:0, 1:0:1:0:0, 0:0:0:0:0, 4:0:0:0:2, 1:0:0:0:0, 1:0:0:0:1, 7:1:0:0:2, 1:0:0:0:1, 1:0:0:0:1, 5:1:0:0:3, 2:0:0:0:2, 2:0:0:0:1, 0:0:0:0:0, 1:0:0:0:0, 0:0:0:0:0, 2:0:0:0:2, 2:0:1:0:0, 4:0:0:0:1, 4:0:0:0:3, 2:0:0:0:2, 1:0:0:0:0, 1:0:0:0:1, 4:0:0:0:2, 4:0:0:1:3, 1:0:0:0:0, 0:0:0:0:0, 1:0:1:0:0, 3:0:0:0:2,  , 4:0:1:0:2, 4:0:0:0:3, 2:0:0:0:2, 4:0:0:0:2, 2:0:0:0:1, 105:2:6:1:57
E phrygian (4#), 2:0:0:0:0, 3:1:0:0:1, 3:0:0:0:0, 4:0:0:0:0, 4:0:0:0:0, 5:0:0:0:0, 2:0:0:0:0, 1:0:0:0:0, 4:0:0:0:0, 3:0:0:0:0, 4:0:0:0:0, 4:1:0:0:1, 4:0:0:0:0, 5:1:0:0:1, 4:0:0:0:0, 1:0:0:0:0, 2:0:0:0:0, 5:0:1:1:2, 5:0:0:0:0, 1:0:0:0:0, 3:1:0:0:1, 7:0:1:0:1, 5:2:0:0:2, 0:0:0:0:0, 6:0:0:0:0, 4:1:0:0:1, 4:0:1:1:2, 1:0:0:0:0, 4:0:0:0:0, 4:0:0:0:0, 3:0:0:0:0, 1:0:0:0:0, 4:0:0:0:0, 5:0:1:0:1, 4:1:0:0:1, 2:0:0:0:0, 3:0:0:0:0, 6:0:1:0:1, 4:0:0:0:0, 2:0:0:0:0, 3:0:0:0:0, 3:0:0:0:0, 2:0:0:0:0,  , 3:0:0:0:0, 7:1:0:0:1, 4:1:0:0:1, 5:1:0:0:1, 3:0:0:0:0, 168:11:5:2:18
Ab lydian (4b), 2:0:0:0:2, 5:0:1:0:2, 3:0:0:0:2, 2:0:0:0:0, 0:0:0:0:0, 2:0:0:0:2, 3:0:0:0:2, 2:0:1:0:0, 1:0:0:0:0, 1:0:0:0:1, 2:0:0:0:1, 2:0:0:0:1, 2:0:0:0:2, 6:0:0:0:3, 1:0:0:0:0, 0:0:0:0:0, 1:0:1:0:0, 0:0:0:0:0, 4:0:0:0:2, 1:0:0:0:0, 1:0:0:0:1, 7:1:0:0:2, 1:0:0:0:1, 1:0:0:0:1, 5:1:0:0:3, 2:0:0:0:2, 2:0:0:0:1, 0:0:0:0:0, 1:0:0:0:0, 0:0:0:0:0, 2:0:0:0:2, 2:0:1:0:0, 4:0:0:0:1, 4:0:0:0:3, 2:0:0:0:2, 1:0:0:0:0, 1:0:0:0:1, 4:0:0:0:2, 4:0:0:1:3, 1:0:0:0:0, 0:0:0:0:0, 1:0:1:0:0, 3:0:0:0:2,  , 4:0:1:0:2, 4:0:0:0:3, 2:0:0:0:2, 4:0:0:0:2, 2:0:0:0:1, 105:2:6:1:57
E lydian (4#), 2:0:0:0:0, 3:1:0:0:1, 3:0:0:0:0, 4:0:0:0:0, 4:0:0:0:0, 5:0:0:0:0, 2:0:0:0:0, 1:0:0:0:0, 4:0:0:0:0, 3:0:0:0:0, 4:0:0:0:0, 4:1:0:0:1, 4:0:0:0:0, 5:1:0:0:1, 4:0:0:0:0, 1:0:0:0:0, 2:0:0:0:0, 5:0:1:1:2, 5:0:0:0:0, 1:0:0:0:0, 3:1:0:0:1, 7:0:1:0:1, 5:2:0:0:2, 0:0:0:0:0, 6:0:0:0:0, 4:1:0:0:1, 4:0:1:1:2, 1:0:0:0:0, 4:0:0:0:0, 4:0:0:0:0, 3:0:0:0:0, 1:0:0:0:0, 4:0:0:0:0, 5:0:1:0:1, 4:1:0:0:1, 2:0:0:0:0, 3:0:0:0:0, 6:0:1:0:1, 4:0:0:0:0, 2:0:0:0:0, 3:0:0:0:0, 3:0:0:0:0, 2:0:0:0:0,  , 3:0:0:0:0, 7:1:0:0:1, 4:1:0:0:1, 5:1:0:0:1, 3:0:0:0:0, 168:11:5:2:18
Ab mixolydian (4b), 2:0:0:0:2, 5:0:1:0:2, 3:0:0:0:2, 2:0:0:0:0, 0:0:0:0:0, 2:0:0:0:2, 3:0:0:0:2, 2:0:1:0:0, 1:0:0:0:0, 1:0:0:0:1, 2:0:0:0:1, 2:0:0:0:1, 2:0:0:0:2, 6:0:0:0:3, 1:0:0:0:0, 0:0:0:0:0, 1:0:1:0:0, 0:0:0:0:0, 4:0:0:0:2, 1:0:0:0:0, 1:0:0:0:1, 7:1:0:0:2, 1:0:0:0:1, 1:0:0:0:1, 5:1:0:0:3, 2:0:0:0:2, 2:0:0:0:1, 0:0:0:0:0, 1:0:0:0:0, 0:0:0:0:0, 2:0:0:0:2, 2:0:1:0:0, 4:0:0:0:1, 4:0:0:0:3, 2:0:0:0:2, 1:0:0:0:0, 1:0:0:0:1, 4:0:0:0:2, 4:0:0:1:3, 1:0:0:0:0, 0:0:0:0:0, 1:0:1:0:0, 3:0:0:0:2,  , 4:0:1:0:2, 4:0:0:0:3, 2:0:0:0:2, 4:0:0:0:2, 2:0:0:0:1, 105:2:6:1:57
E mixolydian (4#), 2:0:0:0:0, 3:1:0:0:1, 3:0:0:0:0, 4:0:0:0:0, 4:0:0:0:0, 5:0:0:0:0, 2:0:0:0:0, 1:0:0:0:0, 4:0:0:0:0, 3:0:0:0:0, 4:0:0:0:0, 4:1:0:0:1, 4:0:0:0:0, 5:1:0:0:1, 4:0:0:0:0, 1:0:0:0:0, 2:0:0:0:0, 5:0:1:1:2, 5:0:0:0:0, 1:0:0:0:0, 3:1:0:0:1, 7:0:1:0:1, 5:2:0:0:2, 0:0:0:0:0, 6:0:0:0:0, 4:1:0:0:1, 4:0:1:1:2, 1:0:0:0:0, 4:0:0:0:0, 4:0:0:0:0, 3:0:0:0:0, 1:0:0:0:0, 4:0:0:0:0, 5:0:1:0:1, 4:1:0:0:1, 2:0:0:0:0, 3:0:0:0:0, 6:0:1:0:1, 4:0:0:0:0, 2:0:0:0:0, 3:0:0:0:0, 3:0:0:0:0, 2:0:0:0:0,  , 3:0:0:0:0, 7:1:0:0:1, 4:1:0:0:1, 5:1:0:0:1, 3:0:0:0:0, 168:11:5:2:18
Ab aeolian (4b), 2:0:0:0:2, 5:0:1:0:2, 3:0:0:0:2, 2:0:0:0:0, 0:0:0:0:0, 2:0:0:0:2, 3:0:0:0:2, 2:0:1:0:0, 1:0:0:0:0, 1:0:0:0:1, 2:0:0:0:1, 2:0:0:0:1, 2:0:0:0:2, 6:0:0:0:3, 1:0:0:0:0, 0:0:0:0:0, 1:0:1:0:0, 0:0:0:0:0, 4:0:0:0:2, 1:0:0:0:0, 1:0:0:0:1, 7:1:0:0:2, 1:0:0:0:1, 1:0:0:0:1, 5:1:0:0:3, 2:0:0:0:2, 2:0:0:0:1, 0:0:0:0:0, 1:0:0:0:0, 0:0:0:0:0, 2:0:0:0:2, 2:0:1:0:0, 4:0:0:0:1, 4:0:0:0:3, 2:0:0:0:2, 1:0:0:0:0, 1:0:0:0:1, 4:0:0:0:2, 4:0:0:1:3, 1:0:0:0:0, 0:0:0:0:0, 1:0:1:0:0, 3:0:0:0:2,  , 4:0:1:0:2, 4:0:0:0:3, 2:0:0:0:2, 4:0:0:0:2, 2:0:0:0:1, 105:2:6:1:57
E aeolian (4#), 2:0:0:0:0, 3:1:0:0:1, 3:0:0:0:0, 4:0:0:0:0, 4:0:0:0:0, 5:0:0:0:0, 2:0:0:0:0, 1:0:0:0:0, 4:0:0:0:0, 3:0:0:0:0, 4:0:0:0:0, 4:1:0:0:1, 4:0:0:0:0, 5:1:0:0:1, 4:0:0:0:0, 1:0:0:0:0, 2:0:0:0:0, 5:0:1:1:2, 5:0:0:0:0, 1:0:0:0:0, 3:1:0:0:1, 7:0:1:0:1, 5:2:0:0:2, 0:0:0:0:0, 6:0:0:0:0, 4:1:0:0:1, 4:0:1:1:2, 1:0:0:0:0, 4:0:0:0:0, 4:0:0:0:0, 3:0:0:0:0, 1:0:0:0:0, 4:0:0:0:0, 5:0:1:0:1, 4:1:0:0:1, 2:0:0:0:0, 3:0:0:0:0, 6:0:1:0:1, 4:0:0:0:0, 2:0:0:0:0, 3:0:0:0:0, 3:0:0:0:0, 2:0:0:0:0,  , 3:0:0:0:0, 7:1:0:0:1, 4:1:0:0:1, 5:1:0:0:1, 3:0:0:0:0, 168:11:5:2:18
Ab locrian (4b), 2:0:0:0:2, 5:0:1:0:2, 3:0:0:0:2, 2:0:0:0:0, 0:0:0:0:0, 2:0:0:0:2, 3:0:0:0:2, 2:0:1:0:0, 1:0:0:0:0, 1:0:0:0:1, 2:0:0:0:1, 2:0:0:0:1, 2:0:0:0:2, 6:0:0:0:3, 1:0:0:0:0, 0:0:0:0:0, 1:0:1:0:0, 0:0:0:0:0, 4:0:0:0:2, 1:0:0:0:0, 1:0:0:0:1, 7:1:0:0:2, 1:0:0:0:1, 1:0:0:0:1, 5:1:0:0:3, 2:0:0:0:2, 2:0:0:0:1, 0:0:0:0:0, 1:0:0:0:0, 0:0:0:0:0, 2:0:0:0:2, 2:0:1:0:0, 4:0:0:0:1, 4:0:0:0:3, 2:0:0:0:2, 1:0:0:0:0, 1:0:0:0:1, 4:0:0:0:2, 4:0:0:1:3, 1:0:0:0:0, 0:0:0:0:0, 1:0:1:0:0, 3:0:0:0:2,  , 4:0:1:0:2, 4:0:0:0:3, 2:0:0:0:2, 4:0:0:0:2, 2:0:0:0:1, 105:2:6:1:57
E locrian (4#), 2:0:0:0:0, 3:1:0:0:1, 3:0:0:0:0, 4:0:0:0:0, 4:0:0:0:0, 5:0:0:0:0, 2:0:0:0:0, 1:0:0:0:0, 4:0:0:0:0, 3:0:0:0:0, 4:0:0:0:0, 4:1:0:0:1, 4:0:0:0:0, 5:1:0:0:1, 4:0:0:0:0, 1:0:0:0:0, 2:0:0:0:0, 5:0:1:1:2, 5:0:0:0:0, 1:0:0:0:0, 3:1:0:0:1, 7:0:1:0:1, 5:2:0:0:2, 0:0:0:0:0, 6:0:0:0:0, 4:1:0:0:1, 4:0:1:1:2, 1:0:0:0:0, 4:0:0:0:0, 4:0:0:0:0, 3:0:0:0:0, 1:0:0:0:0, 4:0:0:0:0, 5:0:1:0:1, 4:1:0:0:1, 2:0:0:0:0, 3:0:0:0:0, 6:0:1:0:1, 4:0:0:0:0, 2:0:0:0:0, 3:0:0:0:0, 3:0:0:0:0, 2:0:0:0:0,  , 3:0:0:0:0, 7:1:0:0:1, 4:1:0:0:1, 5:1:0:0:1, 3:0:0:0:0, 168:11:5:2:18
Db major (5b), 2:0:0:0:2, 6:0:1:0:3, 4:0:0:0:3, 3:0:0:0:1, 1:0:0:0:0, 3:0:0:0:2, 3:0:0:0:3, 1:0:1:0:0, 2:0:0:0:1, 2:0:0:0:1, 3:0:0:0:2, 3:0:0:0:2, 3:0:0:0:2, 7:0:0:0:4, 2:0:0:0:1, 0:0:0:0:0, 1:0:1:0:0, 1:0:0:0:0, 5:0:0:0:3, 1:0:0:0:1, 2:0:0:0:1, 6:1:0:0:4, 2:0:0:0:1, 1:0:0:0:1, 5:0:0:0:3, 3:0:0:0:2, 3:0:0:0:2, 0:0:0:0:0, 1:0:0:0:1, 1:0:0:0:0, 3:0:0:0:2, 1:0:1:0:0, 3:0:0:0:2, 5:0:0:0:3, 3:0:0:0:2, 1:0:0:0:1, 2:0:0:0:1, 5:0:0:0:3, 5:0:0:1:2, 1:0:0:0:1, 0:0:0:0:0, 1:0:1:0:0, 3:0:0:0:3,  , 5:0:1:0:2, 5:0:0:0:3, 3:0:0:0:2, 5:0:0:0:3, 2:0:0:0:2, 130:1:6:1:78
B major (5#), 3:0:0:0:1, 3:0:0:0:0, 4:0:0:0:1, 3:0:0:0:1, 3:0:0:0:1, 4:0:0:0:1, 3:0:0:0:0, 0:0:0:0:0, 3:0:0:0:1, 4:0:0:0:0, 5:0:0:0:1, 4:0:0:0:0, 3:0:0:0:1, 5:0:0:0:1, 4:0:0:0:0, 1:0:0:0:1, 1:0:0:0:1, 4:0:1:1:1, 6:0:0:0:1, 1:0:0:0:0, 3:0:0:0:0, 6:0:1:0:2, 5:0:1:0:2, 0:0:0:0:0, 7:0:0:0:2, 5:0:0:1:2, 5:0:1:1:1, 1:0:0:0:1, 3:0:0:0:1, 3:0:0:0:1, 4:0:0:0:0, 0:0:0:0:0, 3:0:0:0:1, 4:0:1:0:2, 4:0:0:0:1, 2:0:0:0:0, 4:0:0:0:1, 5:0:1:0:2, 5:0:0:0:1, 2:0:0:0:0, 2:0:0:0:1, 2:0:0:0:1, 3:0:0:0:0,  , 4:0:0:0:0, 7:0:0:1:2, 4:0:0:0:1, 5:0:0:0:1, 3:0:0:0:1, 165:0:6:4:40
Bb minor (5b), 2:0:0:0:2, 6:0:1:0:3, 4:0:0:0:3, 3:0:0:0:1, 1:0:0:0:0, 3:0:0:0:2, 3:0:0:0:3, 1:0:1:0:0, 2:0:0:0:1, 2:0:0:0:1, 3:0:0:0:2, 3:0:0:0:2, 3:0:0:0:2, 7:0:0:0:4, 2:0:0:0:1, 0:0:0:0:0, 1:0:1:0:0, 1:0:0:0:0, 5:0:0:0:3, 1:0:0:0:1, 2:0:0:0:1, 6:1:0:0:4, 2:0:0:0:1, 1:0:0:0:1, 5:0:0:0:3, 3:0:0:0:2, 3:0:0:0:2, 0:0:0:0:0, 1:0:0:0:1, 1:0:0:0:0, 3:0:0:0:2, 1:0:1:0:0, 3:0:0:0:2, 5:0:0:0:3, 3:0:0:0:2, 1:0:0:0:1, 2:0:0:0:1, 5:0:0:0:3, 5:0:0:1:2, 1:0:0:0:1, 0:0:0:0:0, 1:0:1:0:0, 3:0:0:0:3,  , 5:0:1:0:2, 5:0:0:0:3, 3:0:0:0:2, 5:0:0:0:3, 2:0:0:0:2, 130:1:6:1:78
G# minor (5#), 3:0:0:0:1, 3:0:0:0:0, 4:0:0:0:1, 3:0:0:0:1, 3:0:0:0:1, 4:0:0:0:1, 3:0:0:0:0, 0:0:0:0:0, 3:0:0:0:1, 4:0:0:0:0, 5:0:0:0:1, 4:0:0:0:0, 3:0:0:0:1, 5:0:0:0:1, 4:0:0:0:0, 1:0:0:0:1, 1:0:0:0:1, 4:0:1:1:1, 6:0:0:0:1, 1:0:0:0:0, 3:0:0:0:0, 6:0:1:0:2, 5:0:1:0:2, 0:0:0:0:0, 7:0:0:0:2, 5:0:0:1:2, 5:0:1:1:1, 1:0:0:0:1, 3:0:0:0:1, 3:0:0:0:1, 4:0:0:0:0, 0:0:0:0:0, 3:0:0:0:1, 4:0:1:0:2, 4:0:0:0:1, 2:0:0:0:0, 4:0:0:0:1, 5:0:1:0:2, 5:0:0:0:1, 2:0:0:0:0, 2:0:0:0:1, 2:0:0:0:1, 3:0:0:0:0,  , 4:0:0:0:0, 7:0:0:1:2, 4:0:0:0:1, 5:0:0:0:1, 3:0:0:0:1, 165:0:6:4:40
Bb minor mel (5b), 2:0:0:0:2, 6:0:1:0:3, 4:0:0:0:3, 3:0:0:0:1, 1:0:0:0:0, 3:0:0:0:2, 3:0:0:0:3, 1:0:1:0:0, 2:0:0:0:1, 2:0:0:0:1, 3:0:0:0:2, 3:0:0:0:2, 3:0:0:0:2, 7:0:0:0:4, 2:0:0:0:1, 0:0:0:0:0, 1:0:1:0:0, 1:0:0:0:0, 5:0:0:0:3, 1:0:0:0:1, 2:0:0:0:1, 6:1:0:0:4, 2:0:0:0:1, 1:0:0:0:1, 5:0:0:0:3, 3:0:0:0:2, 3:0:0:0:2, 0:0:0:0:0, 1:0:0:0:1, 1:0:0:0:0, 3:0:0:0:2, 1:0:1:0:0, 3:0:0:0:2, 5:0:0:0:3, 3:0:0:0:2, 1:0:0:0:1, 2:0:0:0:1, 5:0:0:0:3, 5:0:0:1:2, 1:0:0:0:1, 0:0:0:0:0, 1:0:1:0:0, 3:0:0:0:3,  , 5:0:1:0:2, 5:0:0:0:3, 3:0:0:0:2, 5:0:0:0:3, 2:0:0:0:2, 130:1:6:1:78
G# minor mel (5#), 3:0:0:0:1, 3:0:0:0:0, 4:0:0:0:1, 3:0:0:0:1, 3:0:0:0:1, 4:0:0:0:1, 3:0:0:0:0, 0:0:0:0:0, 3:0:0:0:1, 4:0:0:0:0, 5:0:0:0:1, 4:0:0:0:0, 3:0:0:0:1, 5:0:0:0:1, 4:0:0:0:0, 1:0:0:0:1, 1:0:0:0:1, 4:0:1:1:1, 6:0:0:0:1, 1:0:0:0:0, 3:0:0:0:0, 6:0:1:0:2, 5:0:1:0:2, 0:0:0:0:0, 7:0:0:0:2, 5:0:0:1:2, 5:0:1:1:1, 1:0:0:0:1, 3:0:0:0:1, 3:0:0:0:1, 4:0:0:0:0, 0:0:0:0:0, 3:0:0:0:1, 4:0:1:0:2, 4:0:0:0:1, 2:0:0:0:0, 4:0:0:0:1, 5:0:1:0:2, 5:0:0:0:1, 2:0:0:0:0, 2:0:0:0:1, 2:0:0:0:1, 3:0:0:0:0,  , 4:0:0:0:0, 7:0:0:1:2, 4:0:0:0:1, 5:0:0:0:1, 3:0:0:0:1, 165:0:6:4:40
Db major blues (5b), 2:0:0:0:2, 6:0:1:0:3, 4:0:0:0:3, 3:0:0:0:1, 1:0:0:0:0, 3:0:0:0:2, 3:0:0:0:3, 1:0:1:0:0, 2:0:0:0:1, 2:0:0:0:1, 3:0:0:0:2, 3:0:0:0:2, 3:0:0:0:2, 7:0:0:0:4, 2:0:0:0:1, 0:0:0:0:0, 1:0:1:0:0, 1:0:0:0:0, 5:0:0:0:3, 1:0:0:0:1, 2:0:0:0:1, 6:1:0:0:4, 2:0:0:0:1, 1:0:0:0:1, 5:0:0:0:3, 3:0:0:0:2, 3:0:0:0:2, 0:0:0:0:0, 1:0:0:0:1, 1:0:0:0:0, 3:0:0:0:2, 1:0:1:0:0, 3:0:0:0:2, 5:0:0:0:3, 3:0:0:0:2, 1:0:0:0:1, 2:0:0:0:1, 5:0:0:0:3, 5:0:0:1:2, 1:0:0:0:1, 0:0:0:0:0, 1:0:1:0:0, 3:0:0:0:3,  , 5:0:1:0:2, 5:0:0:0:3, 3:0:0:0:2, 5:0:0:0:3, 2:0:0:0:2, 130:1:6:1:78
B major blues (5#), 3:0:0:0:1, 3:0:0:0:0, 4:0:0:0:1, 3:0:0:0:1, 3:0:0:0:1, 4:0:0:0:1, 3:0:0:0:0, 0:0:0:0:0, 3:0:0:0:1, 4:0:0:0:0, 5:0:0:0:1, 4:0:0:0:0, 3:0:0:0:1, 5:0:0:0:1, 4:0:0:0:0, 1:0:0:0:1, 1:0:0:0:1, 4:0:1:1:1, 6:0:0:0:1, 1:0:0:0:0, 3:0:0:0:0, 6:0:1:0:2, 5:0:1:0:2, 0:0:0:0:0, 7:0:0:0:2, 5:0:0:1:2, 5:0:1:1:1, 1:0:0:0:1, 3:0:0:0:1, 3:0:0:0:1, 4:0:0:0:0, 0:0:0:0:0, 3:0:0:0:1, 4:0:1:0:2, 4:0:0:0:1, 2:0:0:0:0, 4:0:0:0:1, 5:0:1:0:2, 5:0:0:0:1, 2:0:0:0:0, 2:0:0:0:1, 2:0:0:0:1, 3:0:0:0:0,  , 4:0:0:0:0, 7:0:0:1:2, 4:0:0:0:1, 5:0:0:0:1, 3:0:0:0:1, 165:0:6:4:40
Bb minor blues (5b), 2:0:0:0:2, 6:0:1:0:3, 4:0:0:0:3, 3:0:0:0:1, 1:0:0:0:0, 3:0:0:0:2, 3:0:0:0:3, 1:0:1:0:0, 2:0:0:0:1, 2:0:0:0:1, 3:0:0:0:2, 3:0:0:0:2, 3:0:0:0:2, 7:0:0:0:4, 2:0:0:0:1, 0:0:0:0:0, 1:0:1:0:0, 1:0:0:0:0, 5:0:0:0:3, 1:0:0:0:1, 2:0:0:0:1, 6:1:0:0:4, 2:0:0:0:1, 1:0:0:0:1, 5:0:0:0:3, 3:0:0:0:2, 3:0:0:0:2, 0:0:0:0:0, 1:0:0:0:1, 1:0:0:0:0, 3:0:0:0:2, 1:0:1:0:0, 3:0:0:0:2, 5:0:0:0:3, 3:0:0:0:2, 1:0:0:0:1, 2:0:0:0:1, 5:0:0:0:3, 5:0:0:1:2, 1:0:0:0:1, 0:0:0:0:0, 1:0:1:0:0, 3:0:0:0:3,  , 5:0:1:0:2, 5:0:0:0:3, 3:0:0:0:2, 5:0:0:0:3, 2:0:0:0:2, 130:1:6:1:78
G# minor blues (5#), 3:0:0:0:1, 3:0:0:0:0, 4:0:0:0:1, 3:0:0:0:1, 3:0:0:0:1, 4:0:0:0:1, 3:0:0:0:0, 0:0:0:0:0, 3:0:0:0:1, 4:0:0:0:0, 5:0:0:0:1, 4:0:0:0:0, 3:0:0:0:1, 5:0:0:0:1, 4:0:0:0:0, 1:0:0:0:1, 1:0:0:0:1, 4:0:1:1:1, 6:0:0:0:1, 1:0:0:0:0, 3:0:0:0:0, 6:0:1:0:2, 5:0:1:0:2, 0:0:0:0:0, 7:0:0:0:2, 5:0:0:1:2, 5:0:1:1:1, 1:0:0:0:1, 3:0:0:0:1, 3:0:0:0:1, 4:0:0:0:0, 0:0:0:0:0, 3:0:0:0:1, 4:0:1:0:2, 4:0:0:0:1, 2:0:0:0:0, 4:0:0:0:1, 5:0:1:0:2, 5:0:0:0:1, 2:0:0:0:0, 2:0:0:0:1, 2:0:0:0:1, 3:0:0:0:0,  , 4:0:0:0:0, 7:0:0:1:2, 4:0:0:0:1, 5:0:0:0:1, 3:0:0:0:1, 165:0:6:4:40
Db dorian (5b), 2:0:0:0:2, 6:0:1:0:3, 4:0:0:0:3, 3:0:0:0:1, 1:0:0:0:0, 3:0:0:0:2, 3:0:0:0:3, 1:0:1:0:0, 2:0:0:0:1, 2:0:0:0:1, 3:0:0:0:2, 3:0:0:0:2, 3:0:0:0:2, 7:0:0:0:4, 2:0:0:0:1, 0:0:0:0:0, 1:0:1:0:0, 1:0:0:0:0, 5:0:0:0:3, 1:0:0:0:1, 2:0:0:0:1, 6:1:0:0:4, 2:0:0:0:1, 1:0:0:0:1, 5:0:0:0:3, 3:0:0:0:2, 3:0:0:0:2, 0:0:0:0:0, 1:0:0:0:1, 1:0:0:0:0, 3:0:0:0:2, 1:0:1:0:0, 3:0:0:0:2, 5:0:0:0:3, 3:0:0:0:2, 1:0:0:0:1, 2:0:0:0:1, 5:0:0:0:3, 5:0:0:1:2, 1:0:0:0:1, 0:0:0:0:0, 1:0:1:0:0, 3:0:0:0:3,  , 5:0:1:0:2, 5:0:0:0:3, 3:0:0:0:2, 5:0:0:0:3, 2:0:0:0:2, 130:1:6:1:78
B dorian (5#), 3:0:0:0:1, 3:0:0:0:0, 4:0:0:0:1, 3:0:0:0:1, 3:0:0:0:1, 4:0:0:0:1, 3:0:0:0:0, 0:0:0:0:0, 3:0:0:0:1, 4:0:0:0:0, 5:0:0:0:1, 4:0:0:0:0, 3:0:0:0:1, 5:0:0:0:1, 4:0:0:0:0, 1:0:0:0:1, 1:0:0:0:1, 4:0:1:1:1, 6:0:0:0:1, 1:0:0:0:0, 3:0:0:0:0, 6:0:1:0:2, 5:0:1:0:2, 0:0:0:0:0, 7:0:0:0:2, 5:0:0:1:2, 5:0:1:1:1, 1:0:0:0:1, 3:0:0:0:1, 3:0:0:0:1, 4:0:0:0:0, 0:0:0:0:0, 3:0:0:0:1, 4:0:1:0:2, 4:0:0:0:1, 2:0:0:0:0, 4:0:0:0:1, 5:0:1:0:2, 5:0:0:0:1, 2:0:0:0:0, 2:0:0:0:1, 2:0:0:0:1, 3:0:0:0:0,  , 4:0:0:0:0, 7:0:0:1:2, 4:0:0:0:1, 5:0:0:0:1, 3:0:0:0:1, 165:0:6:4:40
Db phrygian (5b), 2:0:0:0:2, 6:0:1:0:3, 4:0:0:0:3, 3:0:0:0:1, 1:0:0:0:0, 3:0:0:0:2, 3:0:0:0:3, 1:0:1:0:0, 2:0:0:0:1, 2:0:0:0:1, 3:0:0:0:2, 3:0:0:0:2, 3:0:0:0:2, 7:0:0:0:4, 2:0:0:0:1, 0:0:0:0:0, 1:0:1:0:0, 1:0:0:0:0, 5:0:0:0:3, 1:0:0:0:1, 2:0:0:0:1, 6:1:0:0:4, 2:0:0:0:1, 1:0:0:0:1, 5:0:0:0:3, 3:0:0:0:2, 3:0:0:0:2, 0:0:0:0:0, 1:0:0:0:1, 1:0:0:0:0, 3:0:0:0:2, 1:0:1:0:0, 3:0:0:0:2, 5:0:0:0:3, 3:0:0:0:2, 1:0:0:0:1, 2:0:0:0:1, 5:0:0:0:3, 5:0:0:1:2, 1:0:0:0:1, 0:0:0:0:0, 1:0:1:0:0, 3:0:0:0:3,  , 5:0:1:0:2, 5:0:0:0:3, 3:0:0:0:2, 5:0:0:0:3, 2:0:0:0:2, 130:1:6:1:78
B phrygian (5#), 3:0:0:0:1, 3:0:0:0:0, 4:0:0:0:1, 3:0:0:0:1, 3:0:0:0:1, 4:0:0:0:1, 3:0:0:0:0, 0:0:0:0:0, 3:0:0:0:1, 4:0:0:0:0, 5:0:0:0:1, 4:0:0:0:0, 3:0:0:0:1, 5:0:0:0:1, 4:0:0:0:0, 1:0:0:0:1, 1:0:0:0:1, 4:0:1:1:1, 6:0:0:0:1, 1:0:0:0:0, 3:0:0:0:0, 6:0:1:0:2, 5:0:1:0:2, 0:0:0:0:0, 7:0:0:0:2, 5:0:0:1:2, 5:0:1:1:1, 1:0:0:0:1, 3:0:0:0:1, 3:0:0:0:1, 4:0:0:0:0, 0:0:0:0:0, 3:0:0:0:1, 4:0:1:0:2, 4:0:0:0:1, 2:0:0:0:0, 4:0:0:0:1, 5:0:1:0:2, 5:0:0:0:1, 2:0:0:0:0, 2:0:0:0:1, 2:0:0:0:1, 3:0:0:0:0,  , 4:0:0:0:0, 7:0:0:1:2, 4:0:0:0:1, 5:0:0:0:1, 3:0:0:0:1, 165:0:6:4:40
Db lydian (5b), 2:0:0:0:2, 6:0:1:0:3, 4:0:0:0:3, 3:0:0:0:1, 1:0:0:0:0, 3:0:0:0:2, 3:0:0:0:3, 1:0:1:0:0, 2:0:0:0:1, 2:0:0:0:1, 3:0:0:0:2, 3:0:0:0:2, 3:0:0:0:2, 7:0:0:0:4, 2:0:0:0:1, 0:0:0:0:0, 1:0:1:0:0, 1:0:0:0:0, 5:0:0:0:3, 1:0:0:0:1, 2:0:0:0:1, 6:1:0:0:4, 2:0:0:0:1, 1:0:0:0:1, 5:0:0:0:3, 3:0:0:0:2, 3:0:0:0:2, 0:0:0:0:0, 1:0:0:0:1, 1:0:0:0:0, 3:0:0:0:2, 1:0:1:0:0, 3:0:0:0:2, 5:0:0:0:3, 3:0:0:0:2, 1:0:0:0:1, 2:0:0:0:1, 5:0:0:0:3, 5:0:0:1:2, 1:0:0:0:1, 0:0:0:0:0, 1:0:1:0:0, 3:0:0:0:3,  , 5:0:1:0:2, 5:0:0:0:3, 3:0:0:0:2, 5:0:0:0:3, 2:0:0:0:2, 130:1:6:1:78
B lydian (5#), 3:0:0:0:1, 3:0:0:0:0, 4:0:0:0:1, 3:0:0:0:1, 3:0:0:0:1, 4:0:0:0:1, 3:0:0:0:0, 0:0:0:0:0, 3:0:0:0:1, 4:0:0:0:0, 5:0:0:0:1, 4:0:0:0:0, 3:0:0:0:1, 5:0:0:0:1, 4:0:0:0:0, 1:0:0:0:1, 1:0:0:0:1, 4:0:1:1:1, 6:0:0:0:1, 1:0:0:0:0, 3:0:0:0:0, 6:0:1:0:2, 5:0:1:0:2, 0:0:0:0:0, 7:0:0:0:2, 5:0:0:1:2, 5:0:1:1:1, 1:0:0:0:1, 3:0:0:0:1, 3:0:0:0:1, 4:0:0:0:0, 0:0:0:0:0, 3:0:0:0:1, 4:0:1:0:2, 4:0:0:0:1, 2:0:0:0:0, 4:0:0:0:1, 5:0:1:0:2, 5:0:0:0:1, 2:0:0:0:0, 2:0:0:0:1, 2:0:0:0:1, 3:0:0:0:0,  , 4:0:0:0:0, 7:0:0:1:2, 4:0:0:0:1, 5:0:0:0:1, 3:0:0:0:1, 165:0:6:4:40
Db mixolydian (5b), 2:0:0:0:2, 6:0:1:0:3, 4:0:0:0:3, 3:0:0:0:1, 1:0:0:0:0, 3:0:0:0:2, 3:0:0:0:3, 1:0:1:0:0, 2:0:0:0:1, 2:0:0:0:1, 3:0:0:0:2, 3:0:0:0:2, 3:0:0:0:2, 7:0:0:0:4, 2:0:0:0:1, 0:0:0:0:0, 1:0:1:0:0, 1:0:0:0:0, 5:0:0:0:3, 1:0:0:0:1, 2:0:0:0:1, 6:1:0:0:4, 2:0:0:0:1, 1:0:0:0:1, 5:0:0:0:3, 3:0:0:0:2, 3:0:0:0:2, 0:0:0:0:0, 1:0:0:0:1, 1:0:0:0:0, 3:0:0:0:2, 1:0:1:0:0, 3:0:0:0:2, 5:0:0:0:3, 3:0:0:0:2, 1:0:0:0:1, 2:0:0:0:1, 5:0:0:0:3, 5:0:0:1:2, 1:0:0:0:1, 0:0:0:0:0, 1:0:1:0:0, 3:0:0:0:3,  , 5:0:1:0:2, 5:0:0:0:3, 3:0:0:0:2, 5:0:0:0:3, 2:0:0:0:2, 130:1:6:1:78
B mixolydian (5#), 3:0:0:0:1, 3:0:0:0:0, 4:0:0:0:1, 3:0:0:0:1, 3:0:0:0:1, 4:0:0:0:1, 3:0:0:0:0, 0:0:0:0:0, 3:0:0:0:1, 4:0:0:0:0, 5:0:0:0:1, 4:0:0:0:0, 3:0:0:0:1, 5:0:0:0:1, 4:0:0:0:0, 1:0:0:0:1, 1:0:0:0:1, 4:0:1:1:1, 6:0:0:0:1, 1:0:0:0:0, 3:0:0:0:0, 6:0:1:0:2, 5:0:1:0:2, 0:0:0:0:0, 7:0:0:0:2, 5:0:0:1:2, 5:0:1:1:1, 1:0:0:0:1, 3:0:0:0:1, 3:0:0:0:1, 4:0:0:0:0, 0:0:0:0:0, 3:0:0:0:1, 4:0:1:0:2, 4:0:0:0:1, 2:0:0:0:0, 4:0:0:0:1, 5:0:1:0:2, 5:0:0:0:1, 2:0:0:0:0, 2:0:0:0:1, 2:0:0:0:1, 3:0:0:0:0,  , 4:0:0:0:0, 7:0:0:1:2, 4:0:0:0:1, 5:0:0:0:1, 3:0:0:0:1, 165:0:6:4:40
Db aeolian (5b), 2:0:0:0:2, 6:0:1:0:3, 4:0:0:0:3, 3:0:0:0:1, 1:0:0:0:0, 3:0:0:0:2, 3:0:0:0:3, 1:0:1:0:0, 2:0:0:0:1, 2:0:0:0:1, 3:0:0:0:2, 3:0:0:0:2, 3:0:0:0:2, 7:0:0:0:4, 2:0:0:0:1, 0:0:0:0:0, 1:0:1:0:0, 1:0:0:0:0, 5:0:0:0:3, 1:0:0:0:1, 2:0:0:0:1, 6:1:0:0:4, 2:0:0:0:1, 1:0:0:0:1, 5:0:0:0:3, 3:0:0:0:2, 3:0:0:0:2, 0:0:0:0:0, 1:0:0:0:1, 1:0:0:0:0, 3:0:0:0:2, 1:0:1:0:0, 3:0:0:0:2, 5:0:0:0:3, 3:0:0:0:2, 1:0:0:0:1, 2:0:0:0:1, 5:0:0:0:3, 5:0:0:1:2, 1:0:0:0:1, 0:0:0:0:0, 1:0:1:0:0, 3:0:0:0:3,  , 5:0:1:0:2, 5:0:0:0:3, 3:0:0:0:2, 5:0:0:0:3, 2:0:0:0:2, 130:1:6:1:78
B aeolian (5#), 3:0:0:0:1, 3:0:0:0:0, 4:0:0:0:1, 3:0:0:0:1, 3:0:0:0:1, 4:0:0:0:1, 3:0:0:0:0, 0:0:0:0:0, 3:0:0:0:1, 4:0:0:0:0, 5:0:0:0:1, 4:0:0:0:0, 3:0:0:0:1, 5:0:0:0:1, 4:0:0:0:0, 1:0:0:0:1, 1:0:0:0:1, 4:0:1:1:1, 6:0:0:0:1, 1:0:0:0:0, 3:0:0:0:0, 6:0:1:0:2, 5:0:1:0:2, 0:0:0:0:0, 7:0:0:0:2, 5:0:0:1:2, 5:0:1:1:1, 1:0:0:0:1, 3:0:0:0:1, 3:0:0:0:1, 4:0:0:0:0, 0:0:0:0:0, 3:0:0:0:1, 4:0:1:0:2, 4:0:0:0:1, 2:0:0:0:0, 4:0:0:0:1, 5:0:1:0:2, 5:0:0:0:1, 2:0:0:0:0, 2:0:0:0:1, 2:0:0:0:1, 3:0:0:0:0,  , 4:0:0:0:0, 7:0:0:1:2, 4:0:0:0:1, 5:0:0:0:1, 3:0:0:0:1, 165:0:6:4:40
Db locrian (5b), 2:0:0:0:2, 6:0:1:0:3, 4:0:0:0:3, 3:0:0:0:1, 1:0:0:0:0, 3:0:0:0:2, 3:0:0:0:3, 1:0:1:0:0, 2:0:0:0:1, 2:0:0:0:1, 3:0:0:0:2, 3:0:0:0:2, 3:0:0:0:2, 7:0:0:0:4, 2:0:0:0:1, 0:0:0:0:0, 1:0:1:0:0, 1:0:0:0:0, 5:0:0:0:3, 1:0:0:0:1, 2:0:0:0:1, 6:1:0:0:4, 2:0:0:0:1, 1:0:0:0:1, 5:0:0:0:3, 3:0:0:0:2, 3:0:0:0:2, 0:0:0:0:0, 1:0:0:0:1, 1:0:0:0:0, 3:0:0:0:2, 1:0:1:0:0, 3:0:0:0:2, 5:0:0:0:3, 3:0:0:0:2, 1:0:0:0:1, 2:0:0:0:1, 5:0:0:0:3, 5:0:0:1:2, 1:0:0:0:1, 0:0:0:0:0, 1:0:1:0:0, 3:0:0:0:3,  , 5:0:1:0:2, 5:0:0:0:3, 3:0:0:0:2, 5:0:0:0:3, 2:0:0:0:2, 130:1:6:1:78
B locrian (5#), 3:0:0:0:1, 3:0:0:0:0, 4:0:0:0:1, 3:0:0:0:1, 3:0:0:0:1, 4:0:0:0:1, 3:0:0:0:0, 0:0:0:0:0, 3:0:0:0:1, 4:0:0:0:0, 5:0:0:0:1, 4:0:0:0:0, 3:0:0:0:1, 5:0:0:0:1, 4:0:0:0:0, 1:0:0:0:1, 1:0:0:0:1, 4:0:1:1:1, 6:0:0:0:1, 1:0:0:0:0, 3:0:0:0:0, 6:0:1:0:2, 5:0:1:0:2, 0:0:0:0:0, 7:0:0:0:2, 5:0:0:1:2, 5:0:1:1:1, 1:0:0:0:1, 3:0:0:0:1, 3:0:0:0:1, 4:0:0:0:0, 0:0:0:0:0, 3:0:0:0:1, 4:0:1:0:2, 4:0:0:0:1, 2:0:0:0:0, 4:0:0:0:1, 5:0:1:0:2, 5:0:0:0:1, 2:0:0:0:0, 2:0:0:0:1, 2:0:0:0:1, 3:0:0:0:0,  , 4:0:0:0:0, 7:0:0:1:2, 4:0:0:0:1, 5:0:0:0:1, 3:0:0:0:1, 165:0:6:4:40
Gb major (6b), 3:0:0:0:2, 5:0:0:0:4, 4:0:0:0:4, 3:0:0:0:2, 2:0:0:0:1, 3:0:0:0:2, 4:0:0:0:3, 0:0:0:0:0, 2:0:0:0:2, 3:0:0:0:2, 4:0:0:0:3, 4:0:0:0:3, 4:0:0:0:2, 6:0:0:0:4, 3:0:0:0:2, 0:0:0:0:0, 0:0:0:0:0, 2:0:0:0:1, 6:0:0:0:4, 1:0:0:0:1, 3:0:0:0:2, 7:1:0:0:5, 3:0:0:0:2, 1:0:0:0:1, 6:0:0:0:4, 4:0:0:0:3, 3:0:0:0:3, 0:0:0:0:0, 2:0:0:0:1, 2:0:0:0:1, 4:0:0:0:3, 0:0:0:0:0, 3:0:0:0:3, 4:0:0:0:3, 4:0:0:0:3, 2:0:0:0:1, 3:0:0:0:2, 6:0:0:0:4, 6:0:0:1:3, 1:0:0:0:1, 1:0:0:0:0, 2:0:0:0:0, 4:0:0:0:3,  , 5:0:1:0:2, 5:0:0:0:3, 4:0:0:0:3, 6:0:0:0:4, 3:0:0:0:2, 153:1:1:1:104
F# major (6#), 3:0:0:0:1, 4:0:0:0:0, 4:0:0:0:0, 2:0:0:0:0, 2:0:0:0:1, 3:0:0:0:1, 4:0:0:0:1, 0:0:0:0:0, 2:0:0:0:0, 4:0:0:0:1, 4:0:0:0:1, 4:0:0:0:1, 3:1:1:0:2, 5:1:1:0:2, 4:0:0:0:1, 0:0:0:0:0, 0:0:0:0:0, 3:0:0:1:2, 6:1:1:0:2, 1:0:0:0:0, 3:0:0:0:1, 6:3:2:0:3, 4:0:1:0:0, 1:0:0:0:0, 6:0:0:1:2, 5:1:1:1:3, 4:0:0:1:1, 0:0:0:0:0, 2:0:0:0:1, 2:0:0:0:1, 5:0:0:0:1, 0:0:0:0:0, 4:0:0:0:1, 4:0:1:0:0, 4:1:1:0:2, 2:0:0:0:1, 3:0:0:0:1, 5:0:1:0:0, 5:1:1:0:2, 2:0:0:0:0, 1:0:0:0:1, 1:0:0:0:1, 4:0:0:0:1,  , 5:0:0:0:1, 7:1:1:1:3, 4:0:0:0:1, 5:1:1:0:2, 3:1:1:0:2, 155:12:14:5:48
Eb minor (6b), 3:0:0:0:2, 5:0:0:0:4, 4:0:0:0:4, 3:0:0:0:2, 2:0:0:0:1, 3:0:0:0:2, 4:0:0:0:3, 0:0:0:0:0, 2:0:0:0:2, 3:0:0:0:2, 4:0:0:0:3, 4:0:0:0:3, 4:0:0:0:2, 6:0:0:0:4, 3:0:0:0:2, 0:0:0:0:0, 0:0:0:0:0, 2:0:0:0:1, 6:0:0:0:4, 1:0:0:0:1, 3:0:0:0:2, 7:1:0:0:5, 3:0:0:0:2, 1:0:0:0:1, 6:0:0:0:4, 4:0:0:0:3, 3:0:0:0:3, 0:0:0:0:0, 2:0:0:0:1, 2:0:0:0:1, 4:0:0:0:3, 0:0:0:0:0, 3:0:0:0:3, 4:0:0:0:3, 4:0:0:0:3, 2:0:0:0:1, 3:0:0:0:2, 6:0:0:0:4, 6:0:0:1:3, 1:0:0:0:1, 1:0:0:0:0, 2:0:0:0:0, 4:0:0:0:3,  , 5:0:1:0:2, 5:0:0:0:3, 4:0:0:0:3, 6:0:0:0:4, 3:0:0:0:2, 153:1:1:1:104
D# minor (6#), 3:0:0:0:1, 4:0:0:0:0, 4:0:0:0:0, 2:0:0:0:0, 2:0:0:0:1, 3:0:0:0:1, 4:0:0:0:1, 0:0:0:0:0, 2:0:0:0:0, 4:0:0:0:1, 4:0:0:0:1, 4:0:0:0:1, 3:1:1:0:2, 5:1:1:0:2, 4:0:0:0:1, 0:0:0:0:0, 0:0:0:0:0, 3:0:0:1:2, 6:1:1:0:2, 1:0:0:0:0, 3:0:0:0:1, 6:3:2:0:3, 4:0:1:0:0, 1:0:0:0:0, 6:0:0:1:2, 5:1:1:1:3, 4:0:0:1:1, 0:0:0:0:0, 2:0:0:0:1, 2:0:0:0:1, 5:0:0:0:1, 0:0:0:0:0, 4:0:0:0:1, 4:0:1:0:0, 4:1:1:0:2, 2:0:0:0:1, 3:0:0:0:1, 5:0:1:0:0, 5:1:1:0:2, 2:0:0:0:0, 1:0:0:0:1, 1:0:0:0:1, 4:0:0:0:1,  , 5:0:0:0:1, 7:1:1:1:3, 4:0:0:0:1, 5:1:1:0:2, 3:1:1:0:2, 155:12:14:5:48
Eb minor mel (6b), 3:0:0:0:2, 5:0:0:0:4, 4:0:0:0:4, 3:0:0:0:2, 2:0:0:0:1, 3:0:0:0:2, 4:0:0:0:3, 0:0:0:0:0, 2:0:0:0:2, 3:0:0:0:2, 4:0:0:0:3, 4:0:0:0:3, 4:0:0:0:2, 6:0:0:0:4, 3:0:0:0:2, 0:0:0:0:0, 0:0:0:0:0, 2:0:0:0:1, 6:0:0:0:4, 1:0:0:0:1, 3:0:0:0:2, 7:1:0:0:5, 3:0:0:0:2, 1:0:0:0:1, 6:0:0:0:4, 4:0:0:0:3, 3:0:0:0:3, 0:0:0:0:0, 2:0:0:0:1, 2:0:0:0:1, 4:0:0:0:3, 0:0:0:0:0, 3:0:0:0:3, 4:0:0:0:3, 4:0:0:0:3, 2:0:0:0:1, 3:0:0:0:2, 6:0:0:0:4, 6:0:0:1:3, 1:0:0:0:1, 1:0:0:0:0, 2:0:0:0:0, 4:0:0:0:3,  , 5:0:1:0:2, 5:0:0:0:3, 4:0:0:0:3, 6:0:0:0:4, 3:0:0:0:2, 153:1:1:1:104
D# minor mel (6#), 3:0:0:0:1, 4:0:0:0:0, 4:0:0:0:0, 2:0:0:0:0, 2:0:0:0:1, 3:0:0:0:1, 4:0:0:0:1, 0:0:0:0:0, 2:0:0:0:0, 4:0:0:0:1, 4:0:0:0:1, 4:0:0:0:1, 3:1:1:0:2, 5:1:1:0:2, 4:0:0:0:1, 0:0:0:0:0, 0:0:0:0:0, 3:0:0:1:2, 6:1:1:0:2, 1:0:0:0:0, 3:0:0:0:1, 6:3:2:0:3, 4:0:1:0:0, 1:0:0:0:0, 6:0:0:1:2, 5:1:1:1:3, 4:0:0:1:1, 0:0:0:0:0, 2:0:0:0:1, 2:0:0:0:1, 5:0:0:0:1, 0:0:0:0:0, 4:0:0:0:1, 4:0:1:0:0, 4:1:1:0:2, 2:0:0:0:1, 3:0:0:0:1, 5:0:1:0:0, 5:1:1:0:2, 2:0:0:0:0, 1:0:0:0:1, 1:0:0:0:1, 4:0:0:0:1,  , 5:0:0:0:1, 7:1:1:1:3, 4:0:0:0:1, 5:1:1:0:2, 3:1:1:0:2, 155:12:14:5:48
Gb major blues (6b), 3:0:0:0:2, 5:0:0:0:4, 4:0:0:0:4, 3:0:0:0:2, 2:0:0:0:1, 3:0:0:0:2, 4:0:0:0:3, 0:0:0:0:0, 2:0:0:0:2, 3:0:0:0:2, 4:0:0:0:3, 4:0:0:0:3, 4:0:0:0:2, 6:0:0:0:4, 3:0:0:0:2, 0:0:0:0:0, 0:0:0:0:0, 2:0:0:0:1, 6:0:0:0:4, 1:0:0:0:1, 3:0:0:0:2, 7:1:0:0:5, 3:0:0:0:2, 1:0:0:0:1, 6:0:0:0:4, 4:0:0:0:3, 3:0:0:0:3, 0:0:0:0:0, 2:0:0:0:1, 2:0:0:0:1, 4:0:0:0:3, 0:0:0:0:0, 3:0:0:0:3, 4:0:0:0:3, 4:0:0:0:3, 2:0:0:0:1, 3:0:0:0:2, 6:0:0:0:4, 6:0:0:1:3, 1:0:0:0:1, 1:0:0:0:0, 2:0:0:0:0, 4:0:0:0:3,  , 5:0:1:0:2, 5:0:0:0:3, 4:0:0:0:3, 6:0:0:0:4, 3:0:0:0:2, 153:1:1:1:104
F# major blues (6#), 3:0:0:0:1, 4:0:0:0:0, 4:0:0:0:0, 2:0:0:0:0, 2:0:0:0:1, 3:0:0:0:1, 4:0:0:0:1, 0:0:0:0:0, 2:0:0:0:0, 4:0:0:0:1, 4:0:0:0:1, 4:0:0:0:1, 3:1:1:0:2, 5:1:1:0:2, 4:0:0:0:1, 0:0:0:0:0, 0:0:0:0:0, 3:0:0:1:2, 6:1:1:0:2, 1:0:0:0:0, 3:0:0:0:1, 6:3:2:0:3, 4:0:1:0:0, 1:0:0:0:0, 6:0:0:1:2, 5:1:1:1:3, 4:0:0:1:1, 0:0:0:0:0, 2:0:0:0:1, 2:0:0:0:1, 5:0:0:0:1, 0:0:0:0:0, 4:0:0:0:1, 4:0:1:0:0, 4:1:1:0:2, 2:0:0:0:1, 3:0:0:0:1, 5:0:1:0:0, 5:1:1:0:2, 2:0:0:0:0, 1:0:0:0:1, 1:0:0:0:1, 4:0:0:0:1,  , 5:0:0:0:1, 7:1:1:1:3, 4:0:0:0:1, 5:1:1:0:2, 3:1:1:0:2, 155:12:14:5:48
Eb minor blues (6b), 3:0:0:0:2, 5:0:0:0:4, 4:0:0:0:4, 3:0:0:0:2, 2:0:0:0:1, 3:0:0:0:2, 4:0:0:0:3, 0:0:0:0:0, 2:0:0:0:2, 3:0:0:0:2, 4:0:0:0:3, 4:0:0:0:3, 4:0:0:0:2, 6:0:0:0:4, 3:0:0:0:2, 0:0:0:0:0, 0:0:0:0:0, 2:0:0:0:1, 6:0:0:0:4, 1:0:0:0:1, 3:0:0:0:2, 7:1:0:0:5, 3:0:0:0:2, 1:0:0:0:1, 6:0:0:0:4, 4:0:0:0:3, 3:0:0:0:3, 0:0:0:0:0, 2:0:0:0:1, 2:0:0:0:1, 4:0:0:0:3, 0:0:0:0:0, 3:0:0:0:3, 4:0:0:0:3, 4:0:0:0:3, 2:0:0:0:1, 3:0:0:0:2, 6:0:0:0:4, 6:0:0:1:3, 1:0:0:0:1, 1:0:0:0:0, 2:0:0:0:0, 4:0:0:0:3,  , 5:0:1:0:2, 5:0:0:0:3, 4:0:0:0:3, 6:0:0:0:4, 3:0:0:0:2, 153:1:1:1:104
D# minor blues (6#), 3:0:0:0:1, 4:0:0:0:0, 4:0:0:0:0, 2:0:0:0:0, 2:0:0:0:1, 3:0:0:0:1, 4:0:0:0:1, 0:0:0:0:0, 2:0:0:0:0, 4:0:0:0:1, 4:0:0:0:1, 4:0:0:0:1, 3:1:1:0:2, 5:1:1:0:2, 4:0:0:0:1, 0:0:0:0:0, 0:0:0:0:0, 3:0:0:1:2, 6:1:1:0:2, 1:0:0:0:0, 3:0:0:0:1, 6:3:2:0:3, 4:0:1:0:0, 1:0:0:0:0, 6:0:0:1:2, 5:1:1:1:3, 4:0:0:1:1, 0:0:0:0:0, 2:0:0:0:1, 2:0:0:0:1, 5:0:0:0:1, 0:0:0:0:0, 4:0:0:0:1, 4:0:1:0:0, 4:1:1:0:2, 2:0:0:0:1, 3:0:0:0:1, 5:0:1:0:0, 5:1:1:0:2, 2:0:0:0:0, 1:0:0:0:1, 1:0:0:0:1, 4:0:0:0:1,  , 5:0:0:0:1, 7:1:1:1:3, 4:0:0:0:1, 5:1:1:0:2, 3:1:1:0:2, 155:12:14:5:48
Gb dorian (6b), 3:0:0:0:2, 5:0:0:0:4, 4:0:0:0:4, 3:0:0:0:2, 2:0:0:0:1, 3:0:0:0:2, 4:0:0:0:3, 0:0:0:0:0, 2:0:0:0:2, 3:0:0:0:2, 4:0:0:0:3, 4:0:0:0:3, 4:0:0:0:2, 6:0:0:0:4, 3:0:0:0:2, 0:0:0:0:0, 0:0:0:0:0, 2:0:0:0:1, 6:0:0:0:4, 1:0:0:0:1, 3:0:0:0:2, 7:1:0:0:5, 3:0:0:0:2, 1:0:0:0:1, 6:0:0:0:4, 4:0:0:0:3, 3:0:0:0:3, 0:0:0:0:0, 2:0:0:0:1, 2:0:0:0:1, 4:0:0:0:3, 0:0:0:0:0, 3:0:0:0:3, 4:0:0:0:3, 4:0:0:0:3, 2:0:0:0:1, 3:0:0:0:2, 6:0:0:0:4, 6:0:0:1:3, 1:0:0:0:1, 1:0:0:0:0, 2:0:0:0:0, 4:0:0:0:3,  , 5:0:1:0:2, 5:0:0:0:3, 4:0:0:0:3, 6:0:0:0:4, 3:0:0:0:2, 153:1:1:1:104
F# dorian (6#), 3:0:0:0:1, 4:0:0:0:0, 4:0:0:0:0, 2:0:0:0:0, 2:0:0:0:1, 3:0:0:0:1, 4:0:0:0:1, 0:0:0:0:0, 2:0:0:0:0, 4:0:0:0:1, 4:0:0:0:1, 4:0:0:0:1, 3:1:1:0:2, 5:1:1:0:2, 4:0:0:0:1, 0:0:0:0:0, 0:0:0:0:0, 3:0:0:1:2, 6:1:1:0:2, 1:0:0:0:0, 3:0:0:0:1, 6:3:2:0:3, 4:0:1:0:0, 1:0:0:0:0, 6:0:0:1:2, 5:1:1:1:3, 4:0:0:1:1, 0:0:0:0:0, 2:0:0:0:1, 2:0:0:0:1, 5:0:0:0:1, 0:0:0:0:0, 4:0:0:0:1, 4:0:1:0:0, 4:1:1:0:2, 2:0:0:0:1, 3:0:0:0:1, 5:0:1:0:0, 5:1:1:0:2, 2:0:0:0:0, 1:0:0:0:1, 1:0:0:0:1, 4:0:0:0:1,  , 5:0:0:0:1, 7:1:1:1:3, 4:0:0:0:1, 5:1:1:0:2, 3:1:1:0:2, 155:12:14:5:48
Gb phrygian (6b), 3:0:0:0:2, 5:0:0:0:4, 4:0:0:0:4, 3:0:0:0:2, 2:0:0:0:1, 3:0:0:0:2, 4:0:0:0:3, 0:0:0:0:0, 2:0:0:0:2, 3:0:0:0:2, 4:0:0:0:3, 4:0:0:0:3, 4:0:0:0:2, 6:0:0:0:4, 3:0:0:0:2, 0:0:0:0:0, 0:0:0:0:0, 2:0:0:0:1, 6:0:0:0:4, 1:0:0:0:1, 3:0:0:0:2, 7:1:0:0:5, 3:0:0:0:2, 1:0:0:0:1, 6:0:0:0:4, 4:0:0:0:3, 3:0:0:0:3, 0:0:0:0:0, 2:0:0:0:1, 2:0:0:0:1, 4:0:0:0:3, 0:0:0:0:0, 3:0:0:0:3, 4:0:0:0:3, 4:0:0:0:3, 2:0:0:0:1, 3:0:0:0:2, 6:0:0:0:4, 6:0:0:1:3, 1:0:0:0:1, 1:0:0:0:0, 2:0:0:0:0, 4:0:0:0:3,  , 5:0:1:0:2, 5:0:0:0:3, 4:0:0:0:3, 6:0:0:0:4, 3:0:0:0:2, 153:1:1:1:104
F# phrygian (6#), 3:0:0:0:1, 4:0:0:0:0, 4:0:0:0:0, 2:0:0:0:0, 2:0:0:0:1, 3:0:0:0:1, 4:0:0:0:1, 0:0:0:0:0, 2:0:0:0:0, 4:0:0:0:1, 4:0:0:0:1, 4:0:0:0:1, 3:1:1:0:2, 5:1:1:0:2, 4:0:0:0:1, 0:0:0:0:0, 0:0:0:0:0, 3:0:0:1:2, 6:1:1:0:2, 1:0:0:0:0, 3:0:0:0:1, 6:3:2:0:3, 4:0:1:0:0, 1:0:0:0:0, 6:0:0:1:2, 5:1:1:1:3, 4:0:0:1:1, 0:0:0:0:0, 2:0:0:0:1, 2:0:0:0:1, 5:0:0:0:1, 0:0:0:0:0, 4:0:0:0:1, 4:0:1:0:0, 4:1:1:0:2, 2:0:0:0:1, 3:0:0:0:1, 5:0:1:0:0, 5:1:1:0:2, 2:0:0:0:0, 1:0:0:0:1, 1:0:0:0:1, 4:0:0:0:1,  , 5:0:0:0:1, 7:1:1:1:3, 4:0:0:0:1, 5:1:1:0:2, 3:1:1:0:2, 155:12:14:5:48
Gb lydian (6b), 3:0:0:0:2, 5:0:0:0:4, 4:0:0:0:4, 3:0:0:0:2, 2:0:0:0:1, 3:0:0:0:2, 4:0:0:0:3, 0:0:0:0:0, 2:0:0:0:2, 3:0:0:0:2, 4:0:0:0:3, 4:0:0:0:3, 4:0:0:0:2, 6:0:0:0:4, 3:0:0:0:2, 0:0:0:0:0, 0:0:0:0:0, 2:0:0:0:1, 6:0:0:0:4, 1:0:0:0:1, 3:0:0:0:2, 7:1:0:0:5, 3:0:0:0:2, 1:0:0:0:1, 6:0:0:0:4, 4:0:0:0:3, 3:0:0:0:3, 0:0:0:0:0, 2:0:0:0:1, 2:0:0:0:1, 4:0:0:0:3, 0:0:0:0:0, 3:0:0:0:3, 4:0:0:0:3, 4:0:0:0:3, 2:0:0:0:1, 3:0:0:0:2, 6:0:0:0:4, 6:0:0:1:3, 1:0:0:0:1, 1:0:0:0:0, 2:0:0:0:0, 4:0:0:0:3,  , 5:0:1:0:2, 5:0:0:0:3, 4:0:0:0:3, 6:0:0:0:4, 3:0:0:0:2, 153:1:1:1:104
F# lydian (6#), 3:0:0:0:1, 4:0:0:0:0, 4:0:0:0:0, 2:0:0:0:0, 2:0:0:0:1, 3:0:0:0:1, 4:0:0:0:1, 0:0:0:0:0, 2:0:0:0:0, 4:0:0:0:1, 4:0:0:0:1, 4:0:0:0:1, 3:1:1:0:2, 5:1:1:0:2, 4:0:0:0:1, 0:0:0:0:0, 0:0:0:0:0, 3:0:0:1:2, 6:1:1:0:2, 1:0:0:0:0, 3:0:0:0:1, 6:3:2:0:3, 4:0:1:0:0, 1:0:0:0:0, 6:0:0:1:2, 5:1:1:1:3, 4:0:0:1:1, 0:0:0:0:0, 2:0:0:0:1, 2:0:0:0:1, 5:0:0:0:1, 0:0:0:0:0, 4:0:0:0:1, 4:0:1:0:0, 4:1:1:0:2, 2:0:0:0:1, 3:0:0:0:1, 5:0:1:0:0, 5:1:1:0:2, 2:0:0:0:0, 1:0:0:0:1, 1:0:0:0:1, 4:0:0:0:1,  , 5:0:0:0:1, 7:1:1:1:3, 4:0:0:0:1, 5:1:1:0:2, 3:1:1:0:2, 155:12:14:5:48
Gb mixolydian (6b), 3:0:0:0:2, 5:0:0:0:4, 4:0:0:0:4, 3:0:0:0:2, 2:0:0:0:1, 3:0:0:0:2, 4:0:0:0:3, 0:0:0:0:0, 2:0:0:0:2, 3:0:0:0:2, 4:0:0:0:3, 4:0:0:0:3, 4:0:0:0:2, 6:0:0:0:4, 3:0:0:0:2, 0:0:0:0:0, 0:0:0:0:0, 2:0:0:0:1, 6:0:0:0:4, 1:0:0:0:1, 3:0:0:0:2, 7:1:0:0:5, 3:0:0:0:2, 1:0:0:0:1, 6:0:0:0:4, 4:0:0:0:3, 3:0:0:0:3, 0:0:0:0:0, 2:0:0:0:1, 2:0:0:0:1, 4:0:0:0:3, 0:0:0:0:0, 3:0:0:0:3, 4:0:0:0:3, 4:0:0:0:3, 2:0:0:0:1, 3:0:0:0:2, 6:0:0:0:4, 6:0:0:1:3, 1:0:0:0:1, 1:0:0:0:0, 2:0:0:0:0, 4:0:0:0:3,  , 5:0:1:0:2, 5:0:0:0:3, 4:0:0:0:3, 6:0:0:0:4, 3:0:0:0:2, 153:1:1:1:104
F# mixolydian (6#), 3:0:0:0:1, 4:0:0:0:0, 4:0:0:0:0, 2:0:0:0:0, 2:0:0:0:1, 3:0:0:0:1, 4:0:0:0:1, 0:0:0:0:0, 2:0:0:0:0, 4:0:0:0:1, 4:0:0:0:1, 4:0:0:0:1, 3:1:1:0:2, 5:1:1:0:2, 4:0:0:0:1, 0:0:0:0:0, 0:0:0:0:0, 3:0:0:1:2, 6:1:1:0:2, 1:0:0:0:0, 3:0:0:0:1, 6:3:2:0:3, 4:0:1:0:0, 1:0:0:0:0, 6:0:0:1:2, 5:1:1:1:3, 4:0:0:1:1, 0:0:0:0:0, 2:0:0:0:1, 2:0:0:0:1, 5:0:0:0:1, 0:0:0:0:0, 4:0:0:0:1, 4:0:1:0:0, 4:1:1:0:2, 2:0:0:0:1, 3:0:0:0:1, 5:0:1:0:0, 5:1:1:0:2, 2:0:0:0:0, 1:0:0:0:1, 1:0:0:0:1, 4:0:0:0:1,  , 5:0:0:0:1, 7:1:1:1:3, 4:0:0:0:1, 5:1:1:0:2, 3:1:1:0:2, 155:12:14:5:48
Gb aeolian (6b), 3:0:0:0:2, 5:0:0:0:4, 4:0:0:0:4, 3:0:0:0:2, 2:0:0:0:1, 3:0:0:0:2, 4:0:0:0:3, 0:0:0:0:0, 2:0:0:0:2, 3:0:0:0:2, 4:0:0:0:3, 4:0:0:0:3, 4:0:0:0:2, 6:0:0:0:4, 3:0:0:0:2, 0:0:0:0:0, 0:0:0:0:0, 2:0:0:0:1, 6:0:0:0:4, 1:0:0:0:1, 3:0:0:0:2, 7:1:0:0:5, 3:0:0:0:2, 1:0:0:0:1, 6:0:0:0:4, 4:0:0:0:3, 3:0:0:0:3, 0:0:0:0:0, 2:0:0:0:1, 2:0:0:0:1, 4:0:0:0:3, 0:0:0:0:0, 3:0:0:0:3, 4:0:0:0:3, 4:0:0:0:3, 2:0:0:0:1, 3:0:0:0:2, 6:0:0:0:4, 6:0:0:1:3, 1:0:0:0:1, 1:0:0:0:0, 2:0:0:0:0, 4:0:0:0:3,  , 5:0:1:0:2, 5:0:0:0:3, 4:0:0:0:3, 6:0:0:0:4, 3:0:0:0:2, 153:1:1:1:104
F# aeolian (6#), 3:0:0:0:1, 4:0:0:0:0, 4:0:0:0:0, 2:0:0:0:0, 2:0:0:0:1, 3:0:0:0:1, 4:0:0:0:1, 0:0:0:0:0, 2:0:0:0:0, 4:0:0:0:1, 4:0:0:0:1, 4:0:0:0:1, 3:1:1:0:2, 5:1:1:0:2, 4:0:0:0:1, 0:0:0:0:0, 0:0:0:0:0, 3:0:0:1:2, 6:1:1:0:2, 1:0:0:0:0, 3:0:0:0:1, 6:3:2:0:3, 4:0:1:0:0, 1:0:0:0:0, 6:0:0:1:2, 5:1:1:1:3, 4:0:0:1:1, 0:0:0:0:0, 2:0:0:0:1, 2:0:0:0:1, 5:0:0:0:1, 0:0:0:0:0, 4:0:0:0:1, 4:0:1:0:0, 4:1:1:0:2, 2:0:0:0:1, 3:0:0:0:1, 5:0:1:0:0, 5:1:1:0:2, 2:0:0:0:0, 1:0:0:0:1, 1:0:0:0:1, 4:0:0:0:1,  , 5:0:0:0:1, 7:1:1:1:3, 4:0:0:0:1, 5:1:1:0:2, 3:1:1:0:2, 155:12:14:5:48
Gb locrian (6b), 3:0:0:0:2, 5:0:0:0:4, 4:0:0:0:4, 3:0:0:0:2, 2:0:0:0:1, 3:0:0:0:2, 4:0:0:0:3, 0:0:0:0:0, 2:0:0:0:2, 3:0:0:0:2, 4:0:0:0:3, 4:0:0:0:3, 4:0:0:0:2, 6:0:0:0:4, 3:0:0:0:2, 0:0:0:0:0, 0:0:0:0:0, 2:0:0:0:1, 6:0:0:0:4, 1:0:0:0:1, 3:0:0:0:2, 7:1:0:0:5, 3:0:0:0:2, 1:0:0:0:1, 6:0:0:0:4, 4:0:0:0:3, 3:0:0:0:3, 0:0:0:0:0, 2:0:0:0:1, 2:0:0:0:1, 4:0:0:0:3, 0:0:0:0:0, 3:0:0:0:3, 4:0:0:0:3, 4:0:0:0:3, 2:0:0:0:1, 3:0:0:0:2, 6:0:0:0:4, 6:0:0:1:3, 1:0:0:0:1, 1:0:0:0:0, 2:0:0:0:0, 4:0:0:0:3,  , 5:0:1:0:2, 5:0:0:0:3, 4:0:0:0:3, 6:0:0:0:4, 3:0:0:0:2, 153:1:1:1:104
F# locrian (6#), 3:0:0:0:1, 4:0:0:0:0, 4:0:0:0:0, 2:0:0:0:0, 2:0:0:0:1, 3:0:0:0:1, 4:0:0:0:1, 0:0:0:0:0, 2:0:0:0:0, 4:0:0:0:1, 4:0:0:0:1, 4:0:0:0:1, 3:1:1:0:2, 5:1:1:0:2, 4:0:0:0:1, 0:0:0:0:0, 0:0:0:0:0, 3:0:0:1:2, 6:1:1:0:2, 1:0:0:0:0, 3:0:0:0:1, 6:3:2:0:3, 4:0:1:0:0, 1:0:0:0:0, 6:0:0:1:2, 5:1:1:1:3, 4:0:0:1:1, 0:0:0:0:0, 2:0:0:0:1, 2:0:0:0:1, 5:0:0:0:1, 0:0:0:0:0, 4:0:0:0:1, 4:0:1:0:0, 4:1:1:0:2, 2:0:0:0:1, 3:0:0:0:1, 5:0:1:0:0, 5:1:1:0:2, 2:0:0:0:0, 1:0:0:0:1, 1:0:0:0:1, 4:0:0:0:1,  , 5:0:0:0:1, 7:1:1:1:3, 4:0:0:0:1, 5:1:1:0:2, 3:1:1:0:2, 155:12:14:5:48
Cb major (7b), 3:1:1:0:3, 4:0:0:0:3, 4:1:1:0:4, 4:0:0:0:2, 3:0:0:0:2, 4:0:0:0:3, 3:0:0:0:3, 0:0:0:0:0, 3:0:0:0:2, 3:0:0:0:3, 5:0:0:0:4, 4:0:0:0:4, 4:1:1:0:3, 6:0:0:0:4, 3:0:0:0:3, 1:0:0:0:0, 1:0:0:0:0, 3:0:0:0:2, 5:0:0:0:4, 1:0:0:0:1, 3:0:0:0:3, 6:2:1:0:4, 4:0:0:0:3, 0:0:0:0:0, 6:1:1:0:5, 4:0:0:0:3, 4:0:0:0:3, 1:0:0:0:0, 3:0:0:0:2, 3:0:0:0:2, 3:0:0:0:3, 0:0:0:0:0, 3:1:1:0:3, 4:1:1:0:4, 4:0:0:0:3, 2:0:0:0:2, 4:0:0:0:3, 6:1:1:0:5, 6:0:0:1:3, 1:0:0:0:1, 2:0:0:0:1, 3:0:0:0:1, 3:0:0:0:3,  , 4:0:0:0:3, 5:1:1:0:4, 4:1:1:0:4, 6:1:1:0:5, 3:1:1:0:3, 161:13:12:1:126
C# major (7#), 2:0:0:0:0, 5:0:0:0:1, 4:0:0:0:1, 2:0:0:0:1, 1:0:0:0:1, 3:1:1:0:2, 3:0:0:0:0, 1:0:0:0:0, 2:0:0:0:1, 3:0:0:0:1, 3:0:0:0:1, 3:0:0:0:1, 3:1:1:0:2, 6:1:1:0:2, 3:0:0:0:1, 0:0:0:0:0, 1:0:0:0:0, 2:0:0:1:0, 5:1:1:0:2, 1:0:0:0:0, 2:0:0:0:1, 5:3:1:0:4, 3:0:0:0:1, 1:0:0:0:0, 5:0:0:1:2, 4:1:1:1:3, 4:0:0:1:0, 0:0:0:0:0, 1:0:0:0:0, 1:0:0:0:1, 4:0:0:0:1, 1:0:0:0:0, 4:0:0:0:2, 5:0:0:0:1, 3:1:1:0:2, 1:0:0:0:0, 2:0:0:0:1, 4:0:0:0:1, 4:1:1:0:2, 2:0:0:0:0, 0:0:0:0:0, 1:0:0:0:0, 3:0:0:0:0,  , 5:1:1:0:2, 7:2:2:1:4, 3:0:0:0:1, 4:1:1:0:2, 2:1:1:0:1, 134:15:13:5:49
Ab minor (7b), 3:1:1:0:3, 4:0:0:0:3, 4:1:1:0:4, 4:0:0:0:2, 3:0:0:0:2, 4:0:0:0:3, 3:0:0:0:3, 0:0:0:0:0, 3:0:0:0:2, 3:0:0:0:3, 5:0:0:0:4, 4:0:0:0:4, 4:1:1:0:3, 6:0:0:0:4, 3:0:0:0:3, 1:0:0:0:0, 1:0:0:0:0, 3:0:0:0:2, 5:0:0:0:4, 1:0:0:0:1, 3:0:0:0:3, 6:2:1:0:4, 4:0:0:0:3, 0:0:0:0:0, 6:1:1:0:5, 4:0:0:0:3, 4:0:0:0:3, 1:0:0:0:0, 3:0:0:0:2, 3:0:0:0:2, 3:0:0:0:3, 0:0:0:0:0, 3:1:1:0:3, 4:1:1:0:4, 4:0:0:0:3, 2:0:0:0:2, 4:0:0:0:3, 6:1:1:0:5, 6:0:0:1:3, 1:0:0:0:1, 2:0:0:0:1, 3:0:0:0:1, 3:0:0:0:3,  , 4:0:0:0:3, 5:1:1:0:4, 4:1:1:0:4, 6:1:1:0:5, 3:1:1:0:3, 161:13:12:1:126
A# minor (7#), 2:0:0:0:0, 5:0:0:0:1, 4:0:0:0:1, 2:0:0:0:1, 1:0:0:0:1, 3:1:1:0:2, 3:0:0:0:0, 1:0:0:0:0, 2:0:0:0:1, 3:0:0:0:1, 3:0:0:0:1, 3:0:0:0:1, 3:1:1:0:2, 6:1:1:0:2, 3:0:0:0:1, 0:0:0:0:0, 1:0:0:0:0, 2:0:0:1:0, 5:1:1:0:2, 1:0:0:0:0, 2:0:0:0:1, 5:3:1:0:4, 3:0:0:0:1, 1:0:0:0:0, 5:0:0:1:2, 4:1:1:1:3, 4:0:0:1:0, 0:0:0:0:0, 1:0:0:0:0, 1:0:0:0:1, 4:0:0:0:1, 1:0:0:0:0, 4:0:0:0:2, 5:0:0:0:1, 3:1:1:0:2, 1:0:0:0:0, 2:0:0:0:1, 4:0:0:0:1, 4:1:1:0:2, 2:0:0:0:0, 0:0:0:0:0, 1:0:0:0:0, 3:0:0:0:0,  , 5:1:1:0:2, 7:2:2:1:4, 3:0:0:0:1, 4:1:1:0:2, 2:1:1:0:1, 134:15:13:5:49
Ab minor mel (7b), 3:1:1:0:3, 4:0:0:0:3, 4:1:1:0:4, 4:0:0:0:2, 3:0:0:0:2, 4:0:0:0:3, 3:0:0:0:3, 0:0:0:0:0, 3:0:0:0:2, 3:0:0:0:3, 5:0:0:0:4, 4:0:0:0:4, 4:1:1:0:3, 6:0:0:0:4, 3:0:0:0:3, 1:0:0:0:0, 1:0:0:0:0, 3:0:0:0:2, 5:0:0:0:4, 1:0:0:0:1, 3:0:0:0:3, 6:2:1:0:4, 4:0:0:0:3, 0:0:0:0:0, 6:1:1:0:5, 4:0:0:0:3, 4:0:0:0:3, 1:0:0:0:0, 3:0:0:0:2, 3:0:0:0:2, 3:0:0:0:3, 0:0:0:0:0, 3:1:1:0:3, 4:1:1:0:4, 4:0:0:0:3, 2:0:0:0:2, 4:0:0:0:3, 6:1:1:0:5, 6:0:0:1:3, 1:0:0:0:1, 2:0:0:0:1, 3:0:0:0:1, 3:0:0:0:3,  , 4:0:0:0:3, 5:1:1:0:4, 4:1:1:0:4, 6:1:1:0:5, 3:1:1:0:3, 161:13:12:1:126
A# minor mel (7#), 2:0:0:0:0, 5:0:0:0:1, 4:0:0:0:1, 2:0:0:0:1, 1:0:0:0:1, 3:1:1:0:2, 3:0:0:0:0, 1:0:0:0:0, 2:0:0:0:1, 3:0:0:0:1, 3:0:0:0:1, 3:0:0:0:1, 3:1:1:0:2, 6:1:1:0:2, 3:0:0:0:1, 0:0:0:0:0, 1:0:0:0:0, 2:0:0:1:0, 5:1:1:0:2, 1:0:0:0:0, 2:0:0:0:1, 5:3:1:0:4, 3:0:0:0:1, 1:0:0:0:0, 5:0:0:1:2, 4:1:1:1:3, 4:0:0:1:0, 0:0:0:0:0, 1:0:0:0:0, 1:0:0:0:1, 4:0:0:0:1, 1:0:0:0:0, 4:0:0:0:2, 5:0:0:0:1, 3:1:1:0:2, 1:0:0:0:0, 2:0:0:0:1, 4:0:0:0:1, 4:1:1:0:2, 2:0:0:0:0, 0:0:0:0:0, 1:0:0:0:0, 3:0:0:0:0,  , 5:1:1:0:2, 7:2:2:1:4, 3:0:0:0:1, 4:1:1:0:2, 2:1:1:0:1, 134:15:13:5:49
Cb major blues (7b), 3:1:1:0:3, 4:0:0:0:3, 4:1:1:0:4, 4:0:0:0:2, 3:0:0:0:2, 4:0:0:0:3, 3:0:0:0:3, 0:0:0:0:0, 3:0:0:0:2, 3:0:0:0:3, 5:0:0:0:4, 4:0:0:0:4, 4:1:1:0:3, 6:0:0:0:4, 3:0:0:0:3, 1:0:0:0:0, 1:0:0:0:0, 3:0:0:0:2, 5:0:0:0:4, 1:0:0:0:1, 3:0:0:0:3, 6:2:1:0:4, 4:0:0:0:3, 0:0:0:0:0, 6:1:1:0:5, 4:0:0:0:3, 4:0:0:0:3, 1:0:0:0:0, 3:0:0:0:2, 3:0:0:0:2, 3:0:0:0:3, 0:0:0:0:0, 3:1:1:0:3, 4:1:1:0:4, 4:0:0:0:3, 2:0:0:0:2, 4:0:0:0:3, 6:1:1:0:5, 6:0:0:1:3, 1:0:0:0:1, 2:0:0:0:1, 3:0:0:0:1, 3:0:0:0:3,  , 4:0:0:0:3, 5:1:1:0:4, 4:1:1:0:4, 6:1:1:0:5, 3:1:1:0:3, 161:13:12:1:126
C# major blues (7#), 2:0:0:0:0, 5:0:0:0:1, 4:0:0:0:1, 2:0:0:0:1, 1:0:0:0:1, 3:1:1:0:2, 3:0:0:0:0, 1:0:0:0:0, 2:0:0:0:1, 3:0:0:0:1, 3:0:0:0:1, 3:0:0:0:1, 3:1:1:0:2, 6:1:1:0:2, 3:0:0:0:1, 0:0:0:0:0, 1:0:0:0:0, 2:0:0:1:0, 5:1:1:0:2, 1:0:0:0:0, 2:0:0:0:1, 5:3:1:0:4, 3:0:0:0:1, 1:0:0:0:0, 5:0:0:1:2, 4:1:1:1:3, 4:0:0:1:0, 0:0:0:0:0, 1:0:0:0:0, 1:0:0:0:1, 4:0:0:0:1, 1:0:0:0:0, 4:0:0:0:2, 5:0:0:0:1, 3:1:1:0:2, 1:0:0:0:0, 2:0:0:0:1, 4:0:0:0:1, 4:1:1:0:2, 2:0:0:0:0, 0:0:0:0:0, 1:0:0:0:0, 3:0:0:0:0,  , 5:1:1:0:2, 7:2:2:1:4, 3:0:0:0:1, 4:1:1:0:2, 2:1:1:0:1, 134:15:13:5:49
Ab minor blues (7b), 3:1:1:0:3, 4:0:0:0:3, 4:1:1:0:4, 4:0:0:0:2, 3:0:0:0:2, 4:0:0:0:3, 3:0:0:0:3, 0:0:0:0:0, 3:0:0:0:2, 3:0:0:0:3, 5:0:0:0:4, 4:0:0:0:4, 4:1:1:0:3, 6:0:0:0:4, 3:0:0:0:3, 1:0:0:0:0, 1:0:0:0:0, 3:0:0:0:2, 5:0:0:0:4, 1:0:0:0:1, 3:0:0:0:3, 6:2:1:0:4, 4:0:0:0:3, 0:0:0:0:0, 6:1:1:0:5, 4:0:0:0:3, 4:0:0:0:3, 1:0:0:0:0, 3:0:0:0:2, 3:0:0:0:2, 3:0:0:0:3, 0:0:0:0:0, 3:1:1:0:3, 4:1:1:0:4, 4:0:0:0:3, 2:0:0:0:2, 4:0:0:0:3, 6:1:1:0:5, 6:0:0:1:3, 1:0:0:0:1, 2:0:0:0:1, 3:0:0:0:1, 3:0:0:0:3,  , 4:0:0:0:3, 5:1:1:0:4, 4:1:1:0:4, 6:1:1:0:5, 3:1:1:0:3, 161:13:12:1:126
A# minor blues (7#), 2:0:0:0:0, 5:0:0:0:1, 4:0:0:0:1, 2:0:0:0:1, 1:0:0:0:1, 3:1:1:0:2, 3:0:0:0:0, 1:0:0:0:0, 2:0:0:0:1, 3:0:0:0:1, 3:0:0:0:1, 3:0:0:0:1, 3:1:1:0:2, 6:1:1:0:2, 3:0:0:0:1, 0:0:0:0:0, 1:0:0:0:0, 2:0:0:1:0, 5:1:1:0:2, 1:0:0:0:0, 2:0:0:0:1, 5:3:1:0:4, 3:0:0:0:1, 1:0:0:0:0, 5:0:0:1:2, 4:1:1:1:3, 4:0:0:1:0, 0:0:0:0:0, 1:0:0:0:0, 1:0:0:0:1, 4:0:0:0:1, 1:0:0:0:0, 4:0:0:0:2, 5:0:0:0:1, 3:1:1:0:2, 1:0:0:0:0, 2:0:0:0:1, 4:0:0:0:1, 4:1:1:0:2, 2:0:0:0:0, 0:0:0:0:0, 1:0:0:0:0, 3:0:0:0:0,  , 5:1:1:0:2, 7:2:2:1:4, 3:0:0:0:1, 4:1:1:0:2, 2:1:1:0:1, 134:15:13:5:49
Cb dorian (7b), 3:1:1:0:3, 4:0:0:0:3, 4:1:1:0:4, 4:0:0:0:2, 3:0:0:0:2, 4:0:0:0:3, 3:0:0:0:3, 0:0:0:0:0, 3:0:0:0:2, 3:0:0:0:3, 5:0:0:0:4, 4:0:0:0:4, 4:1:1:0:3, 6:0:0:0:4, 3:0:0:0:3, 1:0:0:0:0, 1:0:0:0:0, 3:0:0:0:2, 5:0:0:0:4, 1:0:0:0:1, 3:0:0:0:3, 6:2:1:0:4, 4:0:0:0:3, 0:0:0:0:0, 6:1:1:0:5, 4:0:0:0:3, 4:0:0:0:3, 1:0:0:0:0, 3:0:0:0:2, 3:0:0:0:2, 3:0:0:0:3, 0:0:0:0:0, 3:1:1:0:3, 4:1:1:0:4, 4:0:0:0:3, 2:0:0:0:2, 4:0:0:0:3, 6:1:1:0:5, 6:0:0:1:3, 1:0:0:0:1, 2:0:0:0:1, 3:0:0:0:1, 3:0:0:0:3,  , 4:0:0:0:3, 5:1:1:0:4, 4:1:1:0:4, 6:1:1:0:5, 3:1:1:0:3, 161:13:12:1:126
C# dorian (7#), 2:0:0:0:0, 5:0:0:0:1, 4:0:0:0:1, 2:0:0:0:1, 1:0:0:0:1, 3:1:1:0:2, 3:0:0:0:0, 1:0:0:0:0, 2:0:0:0:1, 3:0:0:0:1, 3:0:0:0:1, 3:0:0:0:1, 3:1:1:0:2, 6:1:1:0:2, 3:0:0:0:1, 0:0:0:0:0, 1:0:0:0:0, 2:0:0:1:0, 5:1:1:0:2, 1:0:0:0:0, 2:0:0:0:1, 5:3:1:0:4, 3:0:0:0:1, 1:0:0:0:0, 5:0:0:1:2, 4:1:1:1:3, 4:0:0:1:0, 0:0:0:0:0, 1:0:0:0:0, 1:0:0:0:1, 4:0:0:0:1, 1:0:0:0:0, 4:0:0:0:2, 5:0:0:0:1, 3:1:1:0:2, 1:0:0:0:0, 2:0:0:0:1, 4:0:0:0:1, 4:1:1:0:2, 2:0:0:0:0, 0:0:0:0:0, 1:0:0:0:0, 3:0:0:0:0,  , 5:1:1:0:2, 7:2:2:1:4, 3:0:0:0:1, 4:1:1:0:2, 2:1:1:0:1, 134:15:13:5:49
Cb phrygian (7b), 3:1:1:0:3, 4:0:0:0:3, 4:1:1:0:4, 4:0:0:0:2, 3:0:0:0:2, 4:0:0:0:3, 3:0:0:0:3, 0:0:0:0:0, 3:0:0:0:2, 3:0:0:0:3, 5:0:0:0:4, 4:0:0:0:4, 4:1:1:0:3, 6:0:0:0:4, 3:0:0:0:3, 1:0:0:0:0, 1:0:0:0:0, 3:0:0:0:2, 5:0:0:0:4, 1:0:0:0:1, 3:0:0:0:3, 6:2:1:0:4, 4:0:0:0:3, 0:0:0:0:0, 6:1:1:0:5, 4:0:0:0:3, 4:0:0:0:3, 1:0:0:0:0, 3:0:0:0:2, 3:0:0:0:2, 3:0:0:0:3, 0:0:0:0:0, 3:1:1:0:3, 4:1:1:0:4, 4:0:0:0:3, 2:0:0:0:2, 4:0:0:0:3, 6:1:1:0:5, 6:0:0:1:3, 1:0:0:0:1, 2:0:0:0:1, 3:0:0:0:1, 3:0:0:0:3,  , 4:0:0:0:3, 5:1:1:0:4, 4:1:1:0:4, 6:1:1:0:5, 3:1:1:0:3, 161:13:12:1:126
C# phrygian (7#), 2:0:0:0:0, 5:0:0:0:1, 4:0:0:0:1, 2:0:0:0:1, 1:0:0:0:1, 3:1:1:0:2, 3:0:0:0:0, 1:0:0:0:0, 2:0:0:0:1, 3:0:0:0:1, 3:0:0:0:1, 3:0:0:0:1, 3:1:1:0:2, 6:1:1:0:2, 3:0:0:0:1, 0:0:0:0:0, 1:0:0:0:0, 2:0:0:1:0, 5:1:1:0:2, 1:0:0:0:0, 2:0:0:0:1, 5:3:1:0:4, 3:0:0:0:1, 1:0:0:0:0, 5:0:0:1:2, 4:1:1:1:3, 4:0:0:1:0, 0:0:0:0:0, 1:0:0:0:0, 1:0:0:0:1, 4:0:0:0:1, 1:0:0:0:0, 4:0:0:0:2, 5:0:0:0:1, 3:1:1:0:2, 1:0:0:0:0, 2:0:0:0:1, 4:0:0:0:1, 4:1:1:0:2, 2:0:0:0:0, 0:0:0:0:0, 1:0:0:0:0, 3:0:0:0:0,  , 5:1:1:0:2, 7:2:2:1:4, 3:0:0:0:1, 4:1:1:0:2, 2:1:1:0:1, 134:15:13:5:49
Cb lydian (7b), 3:1:1:0:3, 4:0:0:0:3, 4:1:1:0:4, 4:0:0:0:2, 3:0:0:0:2, 4:0:0:0:3, 3:0:0:0:3, 0:0:0:0:0, 3:0:0:0:2, 3:0:0:0:3, 5:0:0:0:4, 4:0:0:0:4, 4:1:1:0:3, 6:0:0:0:4, 3:0:0:0:3, 1:0:0:0:0, 1:0:0:0:0, 3:0:0:0:2, 5:0:0:0:4, 1:0:0:0:1, 3:0:0:0:3, 6:2:1:0:4, 4:0:0:0:3, 0:0:0:0:0, 6:1:1:0:5, 4:0:0:0:3, 4:0:0:0:3, 1:0:0:0:0, 3:0:0:0:2, 3:0:0:0:2, 3:0:0:0:3, 0:0:0:0:0, 3:1:1:0:3, 4:1:1:0:4, 4:0:0:0:3, 2:0:0:0:2, 4:0:0:0:3, 6:1:1:0:5, 6:0:0:1:3, 1:0:0:0:1, 2:0:0:0:1, 3:0:0:0:1, 3:0:0:0:3,  , 4:0:0:0:3, 5:1:1:0:4, 4:1:1:0:4, 6:1:1:0:5, 3:1:1:0:3, 161:13:12:1:126
C# lydian (7#), 2:0:0:0:0, 5:0:0:0:1, 4:0:0:0:1, 2:0:0:0:1, 1:0:0:0:1, 3:1:1:0:2, 3:0:0:0:0, 1:0:0:0:0, 2:0:0:0:1, 3:0:0:0:1, 3:0:0:0:1, 3:0:0:0:1, 3:1:1:0:2, 6:1:1:0:2, 3:0:0:0:1, 0:0:0:0:0, 1:0:0:0:0, 2:0:0:1:0, 5:1:1:0:2, 1:0:0:0:0, 2:0:0:0:1, 5:3:1:0:4, 3:0:0:0:1, 1:0:0:0:0, 5:0:0:1:2, 4:1:1:1:3, 4:0:0:1:0, 0:0:0:0:0, 1:0:0:0:0, 1:0:0:0:1, 4:0:0:0:1, 1:0:0:0:0, 4:0:0:0:2, 5:0:0:0:1, 3:1:1:0:2, 1:0:0:0:0, 2:0:0:0:1, 4:0:0:0:1, 4:1:1:0:2, 2:0:0:0:0, 0:0:0:0:0, 1:0:0:0:0, 3:0:0:0:0,  , 5:1:1:0:2, 7:2:2:1:4, 3:0:0:0:1, 4:1:1:0:2, 2:1:1:0:1, 134:15:13:5:49
Cb mixolydian (7b), 3:1:1:0:3, 4:0:0:0:3, 4:1:1:0:4, 4:0:0:0:2, 3:0:0:0:2, 4:0:0:0:3, 3:0:0:0:3, 0:0:0:0:0, 3:0:0:0:2, 3:0:0:0:3, 5:0:0:0:4, 4:0:0:0:4, 4:1:1:0:3, 6:0:0:0:4, 3:0:0:0:3, 1:0:0:0:0, 1:0:0:0:0, 3:0:0:0:2, 5:0:0:0:4, 1:0:0:0:1, 3:0:0:0:3, 6:2:1:0:4, 4:0:0:0:3, 0:0:0:0:0, 6:1:1:0:5, 4:0:0:0:3, 4:0:0:0:3, 1:0:0:0:0, 3:0:0:0:2, 3:0:0:0:2, 3:0:0:0:3, 0:0:0:0:0, 3:1:1:0:3, 4:1:1:0:4, 4:0:0:0:3, 2:0:0:0:2, 4:0:0:0:3, 6:1:1:0:5, 6:0:0:1:3, 1:0:0:0:1, 2:0:0:0:1, 3:0:0:0:1, 3:0:0:0:3,  , 4:0:0:0:3, 5:1:1:0:4, 4:1:1:0:4, 6:1:1:0:5, 3:1:1:0:3, 161:13:12:1:126
C# mixolydian (7#), 2:0:0:0:0, 5:0:0:0:1, 4:0:0:0:1, 2:0:0:0:1, 1:0:0:0:1, 3:1:1:0:2, 3:0:0:0:0, 1:0:0:0:0, 2:0:0:0:1, 3:0:0:0:1, 3:0:0:0:1, 3:0:0:0:1, 3:1:1:0:2, 6:1:1:0:2, 3:0:0:0:1, 0:0:0:0:0, 1:0:0:0:0, 2:0:0:1:0, 5:1:1:0:2, 1:0:0:0:0, 2:0:0:0:1, 5:3:1:0:4, 3:0:0:0:1, 1:0:0:0:0, 5:0:0:1:2, 4:1:1:1:3, 4:0:0:1:0, 0:0:0:0:0, 1:0:0:0:0, 1:0:0:0:1, 4:0:0:0:1, 1:0:0:0:0, 4:0:0:0:2, 5:0:0:0:1, 3:1:1:0:2, 1:0:0:0:0, 2:0:0:0:1, 4:0:0:0:1, 4:1:1:0:2, 2:0:0:0:0, 0:0:0:0:0, 1:0:0:0:0, 3:0:0:0:0,  , 5:1:1:0:2, 7:2:2:1:4, 3:0:0:0:1, 4:1:1:0:2, 2:1:1:0:1, 134:15:13:5:49
Cb aeolian (7b), 3:1:1:0:3, 4:0:0:0:3, 4:1:1:0:4, 4:0:0:0:2, 3:0:0:0:2, 4:0:0:0:3, 3:0:0:0:3, 0:0:0:0:0, 3:0:0:0:2, 3:0:0:0:3, 5:0:0:0:4, 4:0:0:0:4, 4:1:1:0:3, 6:0:0:0:4, 3:0:0:0:3, 1:0:0:0:0, 1:0:0:0:0, 3:0:0:0:2, 5:0:0:0:4, 1:0:0:0:1, 3:0:0:0:3, 6:2:1:0:4, 4:0:0:0:3, 0:0:0:0:0, 6:1:1:0:5, 4:0:0:0:3, 4:0:0:0:3, 1:0:0:0:0, 3:0:0:0:2, 3:0:0:0:2, 3:0:0:0:3, 0:0:0:0:0, 3:1:1:0:3, 4:1:1:0:4, 4:0:0:0:3, 2:0:0:0:2, 4:0:0:0:3, 6:1:1:0:5, 6:0:0:1:3, 1:0:0:0:1, 2:0:0:0:1, 3:0:0:0:1, 3:0:0:0:3,  , 4:0:0:0:3, 5:1:1:0:4, 4:1:1:0:4, 6:1:1:0:5, 3:1:1:0:3, 161:13:12:1:126
C# aeolian (7#), 2:0:0:0:0, 5:0:0:0:1, 4:0:0:0:1, 2:0:0:0:1, 1:0:0:0:1, 3:1:1:0:2, 3:0:0:0:0, 1:0:0:0:0, 2:0:0:0:1, 3:0:0:0:1, 3:0:0:0:1, 3:0:0:0:1, 3:1:1:0:2, 6:1:1:0:2, 3:0:0:0:1, 0:0:0:0:0, 1:0:0:0:0, 2:0:0:1:0, 5:1:1:0:2, 1:0:0:0:0, 2:0:0:0:1, 5:3:1:0:4, 3:0:0:0:1, 1:0:0:0:0, 5:0:0:1:2, 4:1:1:1:3, 4:0:0:1:0, 0:0:0:0:0, 1:0:0:0:0, 1:0:0:0:1, 4:0:0:0:1, 1:0:0:0:0, 4:0:0:0:2, 5:0:0:0:1, 3:1:1:0:2, 1:0:0:0:0, 2:0:0:0:1, 4:0:0:0:1, 4:1:1:0:2, 2:0:0:0:0, 0:0:0:0:0, 1:0:0:0:0, 3:0:0:0:0,  , 5:1:1:0:2, 7:2:2:1:4, 3:0:0:0:1, 4:1:1:0:2, 2:1:1:0:1, 134:15:13:5:49
Cb locrian (7b), 3:1:1:0:3, 4:0:0:0:3, 4:1:1:0:4, 4:0:0:0:2, 3:0:0:0:2, 4:0:0:0:3, 3:0:0:0:3, 0:0:0:0:0, 3:0:0:0:2, 3:0:0:0:3, 5:0:0:0:4, 4:0:0:0:4, 4:1:1:0:3, 6:0:0:0:4, 3:0:0:0:3, 1:0:0:0:0, 1:0:0:0:0, 3:0:0:0:2, 5:0:0:0:4, 1:0:0:0:1, 3:0:0:0:3, 6:2:1:0:4, 4:0:0:0:3, 0:0:0:0:0, 6:1:1:0:5, 4:0:0:0:3, 4:0:0:0:3, 1:0:0:0:0, 3:0:0:0:2, 3:0:0:0:2, 3:0:0:0:3, 0:0:0:0:0, 3:1:1:0:3, 4:1:1:0:4, 4:0:0:0:3, 2:0:0:0:2, 4:0:0:0:3, 6:1:1:0:5, 6:0:0:1:3, 1:0:0:0:1, 2:0:0:0:1, 3:0:0:0:1, 3:0:0:0:3,  , 4:0:0:0:3, 5:1:1:0:4, 4:1:1:0:4, 6:1:1:0:5, 3:1:1:0:3, 161:13:12:1:126
C# locrian (7#), 2:0:0:0:0, 5:0:0:0:1, 4:0:0:0:1, 2:0:0:0:1, 1:0:0:0:1, 3:1:1:0:2, 3:0:0:0:0, 1:0:0:0:0, 2:0:0:0:1, 3:0:0:0:1, 3:0:0:0:1, 3:0:0:0:1, 3:1:1:0:2, 6:1:1:0:2, 3:0:0:0:1, 0:0:0:0:0, 1:0:0:0:0, 2:0:0:1:0, 5:1:1:0:2, 1:0:0:0:0, 2:0:0:0:1, 5:3:1:0:4, 3:0:0:0:1, 1:0:0:0:0, 5:0:0:1:2, 4:1:1:1:3, 4:0:0:1:0, 0:0:0:0:0, 1:0:0:0:0, 1:0:0:0:1, 4:0:0:0:1, 1:0:0:0:0, 4:0:0:0:2, 5:0:0:0:1, 3:1:1:0:2, 1:0:0:0:0, 2:0:0:0:1, 4:0:0:0:1, 4:1:1:0:2, 2:0:0:0:0, 0:0:0:0:0, 1:0:0:0:0, 3:0:0:0:0,  , 5:1:1:0:2, 7:2:2:1:4, 3:0:0:0:1, 4:1:1:0:2, 2:1:1:0:1, 134:15:13:5:49
