 , 0, 1, 2, 3, 4, 5, 6, 7, 8, 9, 10, 11, 12, 13, 14, 15, 16, 17, 18, 19, 20, 21, 22, 23, 24, 25, 26, 27, 28, 29, 30, 31, 32, 33, 34, 35, 36, 37, 38, 39, 40, 41, 42, 43, 44, 45, 46, 47, 48, 49, 50, 51, 52, 53, 54, 55, 56, 57, 58, 59, 60, 61, 62, 63, 64, 65, 66, 67, 68, 69, 70, 71, 72, 73, 74, 75, 76, 77, 78, 79, 80, 81, 82, 83, 84, 85, 86, 87, 88, 89, 90, 91, 92, 93, 94, 95, 96, 97, 98, 99, 100, 101, 102, 103, 104, 105, 106, 107, 108, 109, 110, 111, 112, 113, 114, 115, 116, 117, 118, 119, 120, 121, 122, 123, 124, 125, 126, 127, 128, 129, 130, 131, 132, 133, 134, 135, 136, 137, 138, 139, 140, 141, 142, 143, 144, 145, 146, 147, 148, 149, 150, 151, 152, 153, 154, 155, 156, 157, 158, 159, 160, 161, 162, 163, 164, 165, 166, 167, 168, 169, 170, 171, 172, 173, 174, 175, 176, 177, 178, 179, 180, 181, 182, 183, 184, 185, 186, 187, 188, 189, 190, 191, 192, 193, 194, 195, 196, 197, 198, 199, 200, 201, 202, 203, 204, 205, 206, 207, 208, 209, 210, 211, 212, 213, 214, 215, 216, 217, 218, 219, 220, 221, 222, 223, 224, 225, 226, 227, 228, 229, 230, 231, 232, 233, 234, 235, 236, 237, 238, 239, 240, 241, 242, 243, 244, 245, 246, 247, 248, 249, 250, 251, 252, 253, 254, 255, 256, 257, 258, 259, 260, rowcost
C major (0), 1:0:0:0:0, 1:0:0:0:0, 1:0:0:0:0, 1:0:0:0:0, 0:0:0:0:0, 3:0:0:0:1, 2:0:0:0:0, 2:0:0:0:1, 3:0:0:0:0, 1:0:0:0:0, 1:0:0:0:0, 1:0:0:0:0, 0:0:0:0:0, 3:0:0:0:1, 1:0:0:0:0,  , 0:0:0:0:0, 1:0:0:0:1, 0:0:0:0:0, 1:0:0:0:0, 1:0:0:0:1, 1:0:0:0:2, 1:0:0:0:0, 0:0:0:0:0, 1:0:0:0:0, 1:0:0:0:0, 1:0:0:0:0, 1:0:0:0:0, 0:0:0:0:0, 3:0:0:0:1, 2:0:0:0:0, 2:0:0:0:1, 0:0:0:0:0, 0:0:0:0:0, 1:0:0:0:0, 2:0:0:0:0, 1:0:0:0:0, 2:0:0:0:0, 1:0:0:0:0, 2:0:0:0:0, 3:0:0:0:0, 0:0:0:0:0, 1:0:0:0:0, 2:0:0:0:0, 2:0:0:0:0, 1:0:0:0:1, 2:0:0:0:0, 0:0:0:0:0, 1:0:0:0:0, 2:0:0:0:0, 3:0:0:0:0, 0:0:0:0:0, 2:0:0:0:2, 2:0:0:0:0, 1:0:0:0:0, 2:0:0:0:0, 0:0:0:0:0, 1:0:0:0:1, 0:0:0:0:0, 1:0:0:0:1, 1:0:0:0:2, 2:0:0:0:0, 1:0:0:0:0, 0:0:0:0:0, 1:0:0:0:0, 1:0:0:0:0, 1:0:0:0:0, 1:0:0:0:0, 0:0:0:0:0, 1:0:0:0:1, 2:0:0:0:0, 3:0:0:0:1, 1:0:0:0:0, 1:0:0:0:0, 1:0:0:0:0, 3:0:0:0:1, 0:0:0:0:0, 1:0:0:0:1, 1:0:0:0:0, 1:0:0:0:0, 1:0:0:0:1, 1:0:0:0:0, 2:0:0:0:0, 1:0:0:0:0, 1:0:0:0:3, 5:0:0:0:3, 2:0:0:0:0, 0:0:0:0:0, 1:0:0:0:0, 2:0:0:0:0, 1:0:0:0:0, 1:0:0:0:0, 0:0:0:0:0, 2:0:0:0:1, 2:0:0:0:0, 2:0:0:0:1, 1:0:0:0:0, 1:0:0:0:0, 1:0:0:0:0, 1:0:0:0:0, 0:0:0:0:0, 1:0:0:0:2, 2:0:0:0:0, 2:0:0:0:1, 2:0:0:0:1, 1:0:0:0:0, 2:0:0:0:1, 1:0:0:0:0, 1:0:0:0:1, 1:0:0:0:1, 1:0:0:0:0, 0:0:0:0:0, 1:0:0:0:1, 0:0:0:0:0, 0:0:0:0:0, 0:0:0:0:0, 1:0:0:0:1, 1:0:0:0:1, 1:0:0:0:0, 1:0:0:0:0, 1:0:0:0:0, 1:0:0:0:0, 1:0:0:0:0, 1:0:0:0:0, 0:0:0:0:0, 2:0:0:0:4, 3:0:0:0:0, 2:0:0:0:1, 1:0:0:0:0, 1:0:0:0:0, 1:0:0:0:0, 1:0:0:0:0, 0:0:0:0:0, 1:0:0:0:1, 7:0:0:0:0, 2:0:0:0:1, 1:0:0:0:0, 1:0:0:0:0, 2:0:0:0:1, 3:0:0:0:0, 2:0:0:3:3, 1:0:0:0:1, 2:0:0:0:1, 2:0:0:0:0, 1:0:0:0:1, 4:0:0:0:0, 1:0:0:0:1, 0:0:0:0:0, 2:0:0:0:4, 1:0:0:0:2, 2:0:0:0:1,  , 1:0:0:0:0, 1:0:0:0:0, 1:0:0:0:0, 3:0:0:0:0, 1:0:0:0:0, 2:0:0:0:2, 2:0:0:0:0, 2:0:0:0:1, 1:0:0:0:0, 1:0:0:0:0, 1:0:0:0:0, 1:0:0:0:0, 0:0:0:0:0, 1:0:0:0:3, 3:0:0:0:0, 2:0:0:0:3, 2:0:0:0:0, 1:0:0:0:0, 4:0:0:0:0, 1:0:0:0:0, 0:0:0:0:0, 3:0:0:0:3, 1:0:0:0:0, 0:0:0:0:0, 1:0:0:0:0, 2:0:0:0:0, 4:0:0:0:0, 0:0:0:0:0, 2:0:0:0:4, 2:0:0:0:2, 1:0:0:0:0, 0:0:0:0:0, 1:0:0:0:0, 1:0:0:0:0, 1:0:0:0:0, 1:0:0:0:0, 0:0:0:0:0, 1:0:0:0:2, 2:0:0:0:0, 2:0:0:0:1, 1:0:0:0:0, 1:0:0:0:0, 1:0:0:0:0, 1:0:0:0:0, 0:0:0:0:0, 1:0:0:0:1, 2:0:0:0:0, 2:0:0:0:2, 1:0:0:0:0, 1:0:0:0:0, 1:0:0:0:0, 1:0:0:0:0, 0:0:0:0:0, 2:0:0:0:1, 2:0:0:0:1,  , 0:0:0:0:0, 0:0:0:0:0, 0:0:0:0:0, 0:0:0:0:0, 1:0:0:0:2, 1:0:0:0:3, 2:0:0:0:0, 2:0:0:0:1, 1:0:0:0:0, 1:0:0:0:0, 1:0:0:0:0, 1:0:0:0:0, 0:0:0:0:0, 1:0:0:0:1, 3:0:0:0:1, 1:0:0:0:0, 1:0:0:0:1, 3:0:0:0:1, 3:0:0:0:2, 1:0:0:0:0, 0:0:0:0:0, 1:0:0:0:1, 6:0:0:0:1, 1:0:0:0:0, 0:0:0:0:0, 1:0:0:0:1, 2:0:0:0:1, 1:0:0:0:0, 1:0:0:0:1, 1:0:0:0:1, 5:0:0:0:1, 1:0:0:0:0, 0:0:0:0:0, 1:0:0:0:1, 2:0:0:0:1, 1:0:0:0:0, 0:0:0:0:0, 2:0:0:0:1, 3:0:0:0:1, 1:0:0:0:0, 1:0:0:0:1, 1:0:0:0:1, 2:0:0:0:1, 1:0:0:0:0, 0:0:0:0:0, 1:0:0:0:2, 2:0:0:0:1, 1:0:0:0:0, 0:0:0:0:0, 1:0:0:0:1, 2:0:0:0:1, 1:0:0:0:0, 0:0:0:0:0, 331:0:0:3:118
A minor (0), 1:0:0:0:0, 1:0:0:0:0, 1:0:0:0:0, 1:0:0:0:0, 0:0:0:0:0, 3:0:0:0:1, 2:0:0:0:0, 2:0:0:0:1, 3:0:0:0:0, 1:0:0:0:0, 1:0:0:0:0, 1:0:0:0:0, 0:0:0:0:0, 3:0:0:0:1, 1:0:0:0:0,  , 0:0:0:0:0, 1:0:0:0:1, 0:0:0:0:0, 1:0:0:0:0, 1:0:0:0:1, 1:0:0:0:2, 1:0:0:0:0, 0:0:0:0:0, 1:0:0:0:0, 1:0:0:0:0, 1:0:0:0:0, 1:0:0:0:0, 0:0:0:0:0, 3:0:0:0:1, 2:0:0:0:0, 2:0:0:0:1, 0:0:0:0:0, 0:0:0:0:0, 1:0:0:0:0, 2:0:0:0:0, 1:0:0:0:0, 2:0:0:0:0, 1:0:0:0:0, 2:0:0:0:0, 3:0:0:0:0, 0:0:0:0:0, 1:0:0:0:0, 2:0:0:0:0, 2:0:0:0:0, 1:0:0:0:1, 2:0:0:0:0, 0:0:0:0:0, 1:0:0:0:0, 2:0:0:0:0, 3:0:0:0:0, 0:0:0:0:0, 2:0:0:0:2, 2:0:0:0:0, 1:0:0:0:0, 2:0:0:0:0, 0:0:0:0:0, 1:0:0:0:1, 0:0:0:0:0, 1:0:0:0:1, 1:0:0:0:2, 2:0:0:0:0, 1:0:0:0:0, 0:0:0:0:0, 1:0:0:0:0, 1:0:0:0:0, 1:0:0:0:0, 1:0:0:0:0, 0:0:0:0:0, 1:0:0:0:1, 2:0:0:0:0, 3:0:0:0:1, 1:0:0:0:0, 1:0:0:0:0, 1:0:0:0:0, 3:0:0:0:1, 0:0:0:0:0, 1:0:0:0:1, 1:0:0:0:0, 1:0:0:0:0, 1:0:0:0:1, 1:0:0:0:0, 2:0:0:0:0, 1:0:0:0:0, 1:0:0:0:3, 5:0:0:0:3, 2:0:0:0:0, 0:0:0:0:0, 1:0:0:0:0, 2:0:0:0:0, 1:0:0:0:0, 1:0:0:0:0, 0:0:0:0:0, 2:0:0:0:1, 2:0:0:0:0, 2:0:0:0:1, 1:0:0:0:0, 1:0:0:0:0, 1:0:0:0:0, 1:0:0:0:0, 0:0:0:0:0, 1:0:0:0:2, 2:0:0:0:0, 2:0:0:0:1, 2:0:0:0:1, 1:0:0:0:0, 2:0:0:0:1, 1:0:0:0:0, 1:0:0:0:1, 1:0:0:0:1, 1:0:0:0:0, 0:0:0:0:0, 1:0:0:0:1, 0:0:0:0:0, 0:0:0:0:0, 0:0:0:0:0, 1:0:0:0:1, 1:0:0:0:1, 1:0:0:0:0, 1:0:0:0:0, 1:0:0:0:0, 1:0:0:0:0, 1:0:0:0:0, 1:0:0:0:0, 0:0:0:0:0, 2:0:0:0:4, 3:0:0:0:0, 2:0:0:0:1, 1:0:0:0:0, 1:0:0:0:0, 1:0:0:0:0, 1:0:0:0:0, 0:0:0:0:0, 1:0:0:0:1, 7:0:0:0:0, 2:0:0:0:1, 1:0:0:0:0, 1:0:0:0:0, 2:0:0:0:1, 3:0:0:0:0, 2:0:0:3:3, 1:0:0:0:1, 2:0:0:0:1, 2:0:0:0:0, 1:0:0:0:1, 4:0:0:0:0, 1:0:0:0:1, 0:0:0:0:0, 2:0:0:0:4, 1:0:0:0:2, 2:0:0:0:1,  , 1:0:0:0:0, 1:0:0:0:0, 1:0:0:0:0, 3:0:0:0:0, 1:0:0:0:0, 2:0:0:0:2, 2:0:0:0:0, 2:0:0:0:1, 1:0:0:0:0, 1:0:0:0:0, 1:0:0:0:0, 1:0:0:0:0, 0:0:0:0:0, 1:0:0:0:3, 3:0:0:0:0, 2:0:0:0:3, 2:0:0:0:0, 1:0:0:0:0, 4:0:0:0:0, 1:0:0:0:0, 0:0:0:0:0, 3:0:0:0:3, 1:0:0:0:0, 0:0:0:0:0, 1:0:0:0:0, 2:0:0:0:0, 4:0:0:0:0, 0:0:0:0:0, 2:0:0:0:4, 2:0:0:0:2, 1:0:0:0:0, 0:0:0:0:0, 1:0:0:0:0, 1:0:0:0:0, 1:0:0:0:0, 1:0:0:0:0, 0:0:0:0:0, 1:0:0:0:2, 2:0:0:0:0, 2:0:0:0:1, 1:0:0:0:0, 1:0:0:0:0, 1:0:0:0:0, 1:0:0:0:0, 0:0:0:0:0, 1:0:0:0:1, 2:0:0:0:0, 2:0:0:0:2, 1:0:0:0:0, 1:0:0:0:0, 1:0:0:0:0, 1:0:0:0:0, 0:0:0:0:0, 2:0:0:0:1, 2:0:0:0:1,  , 0:0:0:0:0, 0:0:0:0:0, 0:0:0:0:0, 0:0:0:0:0, 1:0:0:0:2, 1:0:0:0:3, 2:0:0:0:0, 2:0:0:0:1, 1:0:0:0:0, 1:0:0:0:0, 1:0:0:0:0, 1:0:0:0:0, 0:0:0:0:0, 1:0:0:0:1, 3:0:0:0:1, 1:0:0:0:0, 1:0:0:0:1, 3:0:0:0:1, 3:0:0:0:2, 1:0:0:0:0, 0:0:0:0:0, 1:0:0:0:1, 6:0:0:0:1, 1:0:0:0:0, 0:0:0:0:0, 1:0:0:0:1, 2:0:0:0:1, 1:0:0:0:0, 1:0:0:0:1, 1:0:0:0:1, 5:0:0:0:1, 1:0:0:0:0, 0:0:0:0:0, 1:0:0:0:1, 2:0:0:0:1, 1:0:0:0:0, 0:0:0:0:0, 2:0:0:0:1, 3:0:0:0:1, 1:0:0:0:0, 1:0:0:0:1, 1:0:0:0:1, 2:0:0:0:1, 1:0:0:0:0, 0:0:0:0:0, 1:0:0:0:2, 2:0:0:0:1, 1:0:0:0:0, 0:0:0:0:0, 1:0:0:0:1, 2:0:0:0:1, 1:0:0:0:0, 0:0:0:0:0, 331:0:0:3:118
F major (1b), 2:1:0:0:1, 2:1:0:0:1, 2:1:0:0:1, 2:1:0:0:1, 1:0:0:0:0, 4:1:0:0:1, 3:1:0:0:1, 3:2:0:0:2, 4:1:0:0:1, 2:1:0:0:1, 2:1:0:0:1, 2:1:0:0:1, 1:0:0:0:0, 4:1:0:0:1, 2:1:0:0:1,  , 0:0:0:0:0, 2:1:0:0:1, 0:0:0:0:0, 1:0:0:0:0, 2:1:0:0:1, 2:2:0:0:2, 1:1:0:0:1, 0:0:0:0:0, 2:1:0:0:1, 2:1:0:0:1, 2:1:0:0:1, 2:1:0:0:1, 1:0:0:0:0, 4:1:0:0:1, 3:1:0:0:1, 3:2:0:0:2, 0:0:0:0:0, 0:0:0:0:0, 1:0:0:0:0, 2:0:0:0:0, 2:0:0:0:0, 3:2:0:0:2, 2:0:0:0:0, 3:0:0:0:0, 3:0:0:0:0, 0:0:0:0:0, 1:0:0:0:0, 1:0:0:0:0, 2:0:0:0:0, 2:1:0:0:1, 3:0:0:0:0, 1:0:0:0:0, 1:1:0:0:1, 3:0:0:0:0, 2:0:0:0:0, 1:0:0:0:0, 2:1:0:0:1, 3:0:0:0:0, 1:0:0:0:0, 2:0:0:0:0, 0:0:0:0:0, 1:1:0:0:1, 0:0:0:0:0, 1:1:0:0:1, 1:0:2:0:2, 1:1:0:0:1, 2:0:0:0:0, 1:0:0:0:0, 1:1:0:0:1, 1:1:0:0:1, 1:1:0:0:1, 1:1:0:0:1, 1:0:0:0:0, 2:1:0:0:1, 3:1:0:0:1, 4:2:0:0:2, 1:1:0:0:1, 1:1:0:0:1, 1:1:0:0:1, 2:3:0:0:3, 1:0:0:0:0, 2:1:0:0:1, 2:2:0:0:2, 2:1:0:0:1, 1:1:0:0:1, 2:0:0:0:0, 2:0:1:0:1, 1:1:0:0:1, 1:3:0:0:3, 6:3:0:0:3, 3:2:0:0:2, 0:0:0:0:0, 1:1:0:0:1, 1:2:0:0:2, 2:1:0:0:1, 1:1:0:0:1, 1:0:0:0:0, 3:1:0:0:1, 3:1:0:0:1, 3:2:0:0:2, 1:2:0:0:2, 1:2:0:0:2, 1:2:0:0:2, 1:2:0:0:2, 1:0:0:0:0, 2:2:0:0:2, 3:1:0:0:1, 3:2:0:0:2, 2:2:0:0:2, 1:1:0:0:1, 2:2:0:0:2, 1:1:0:0:1, 2:1:0:0:1, 2:1:0:0:1, 2:1:0:0:1, 1:0:0:0:0, 1:1:0:0:1, 1:0:0:0:0, 0:0:0:0:0, 0:0:0:0:0, 1:1:0:0:1, 2:1:0:0:1, 1:2:0:0:2, 1:0:0:0:0, 1:1:0:0:1, 1:1:0:0:1, 1:1:0:0:1, 1:2:0:0:2, 1:0:0:0:0, 3:4:0:0:4, 4:1:0:0:1, 3:2:0:0:2, 1:2:0:0:2, 1:2:0:0:2, 1:2:0:0:2, 1:2:0:0:2, 1:0:0:0:0, 2:1:0:0:1, 8:1:0:0:1, 3:2:0:0:2, 2:1:0:0:1, 1:3:0:0:3, 2:2:0:0:2, 2:2:0:0:2, 3:6:0:3:3, 2:1:0:0:1, 3:2:0:0:2, 3:0:0:0:0, 1:0:0:0:0, 5:0:0:0:0, 1:0:0:0:0, 0:0:0:0:0, 3:4:0:0:4, 2:2:0:0:2, 2:3:0:0:3,  , 1:2:0:0:2, 1:2:0:0:2, 2:2:0:0:2, 4:1:0:0:1, 2:0:0:0:0, 3:2:0:0:2, 3:1:0:0:1, 3:2:0:0:2, 1:1:0:0:1, 1:1:0:0:1, 1:1:0:0:1, 1:1:0:0:1, 1:0:0:0:0, 2:3:0:0:3, 4:1:0:0:1, 3:4:0:0:4, 3:1:0:0:1, 1:2:0:0:2, 4:1:0:0:1, 1:2:0:0:2, 1:0:0:0:0, 4:3:0:0:3, 2:3:0:0:3, 0:0:0:0:0, 0:0:0:0:0, 3:0:0:0:0, 3:0:0:0:0, 0:0:0:0:0, 3:4:0:0:4, 3:2:0:0:2, 1:2:0:0:2, 1:0:0:0:0, 1:1:0:0:1, 1:1:0:0:1, 1:1:0:0:1, 1:1:0:0:1, 1:0:0:0:0, 2:2:0:0:2, 3:1:0:0:1, 3:2:0:0:2, 1:1:0:0:1, 1:1:0:0:1, 1:1:0:0:1, 1:1:0:0:1, 1:0:0:0:0, 2:1:0:0:1, 3:1:0:0:1, 3:3:0:0:3, 1:1:0:0:1, 1:2:0:0:2, 1:2:0:0:2, 1:2:0:0:2, 1:0:0:0:0, 3:1:0:0:1, 3:2:0:0:2,  , 0:0:0:0:0, 1:0:0:0:0, 1:0:0:0:0, 0:0:0:0:0, 2:2:0:0:2, 2:3:0:0:3, 2:2:0:0:2, 1:1:0:0:1, 1:2:0:0:2, 1:2:0:0:2, 1:2:0:0:2, 1:2:0:0:2, 1:0:0:0:0, 2:1:0:0:1, 4:2:0:0:2, 1:1:0:0:1, 2:1:0:0:1, 4:1:0:0:1, 4:3:0:0:3, 1:1:0:0:1, 1:0:0:0:0, 2:1:0:0:1, 7:2:0:0:2, 1:1:0:0:1, 1:0:0:0:0, 2:1:0:0:1, 3:2:0:0:2, 1:1:0:0:1, 2:1:0:0:1, 2:1:0:0:1, 6:2:0:0:2, 1:1:0:0:1, 1:0:0:0:0, 2:1:0:0:1, 3:2:0:0:2, 2:3:0:0:3, 1:0:0:0:0, 3:1:0:0:1, 4:2:0:0:2, 1:1:0:0:1, 2:1:0:0:1, 2:1:0:0:1, 3:2:0:0:2, 1:3:0:0:3, 1:0:0:0:0, 2:2:0:0:2, 3:2:0:0:2, 1:1:0:0:1, 1:0:0:0:0, 2:1:0:0:1, 3:2:0:0:2, 1:1:0:0:1, 0:0:0:0:0, 466:286:3:3:286
G major (1#), 0:0:0:0:0, 0:0:0:0:0, 0:0:0:0:0, 0:0:0:0:0, 1:0:0:0:0, 3:0:0:0:1, 1:1:0:0:0, 1:0:0:0:1, 2:0:0:0:1, 0:0:0:0:0, 0:0:0:0:0, 0:0:0:0:0, 1:0:0:0:0, 3:0:0:0:1, 0:0:0:0:0,  , 1:0:0:0:0, 2:0:0:0:1, 0:0:0:0:0, 1:1:0:0:0, 1:0:0:0:0, 1:0:0:0:0, 0:0:0:0:0, 1:0:0:0:0, 0:0:0:0:0, 0:0:0:0:0, 0:0:0:0:0, 0:0:0:0:0, 1:0:0:0:0, 3:0:0:0:1, 1:1:0:0:0, 1:0:0:0:1, 0:0:0:0:0, 0:0:0:0:0, 2:1:0:0:0, 1:2:0:0:0, 1:0:0:0:0, 1:0:0:0:1, 1:0:0:0:1, 2:0:0:0:1, 2:0:0:0:0, 0:0:0:0:0, 1:0:1:0:1, 2:1:0:0:2, 2:1:0:0:0, 1:0:0:0:1, 2:0:1:0:2, 0:0:0:0:0, 0:0:0:0:0, 3:0:0:0:2, 3:0:0:0:2, 0:0:0:0:0, 2:0:0:0:1, 1:1:0:0:1, 0:0:0:0:0, 2:2:0:0:1, 0:0:0:0:0, 1:0:0:0:1, 0:0:0:0:0, 1:0:0:0:1, 1:0:0:0:2, 1:0:0:0:2, 1:0:0:0:1, 0:0:0:0:0, 0:0:0:0:0, 0:0:0:0:0, 0:0:0:0:0, 0:0:0:0:0, 1:0:0:0:0, 1:0:0:0:0, 1:1:0:0:0, 2:0:0:0:1, 0:0:0:0:0, 0:0:0:0:0, 0:0:0:0:0, 2:0:0:0:2, 1:0:0:0:0, 1:0:0:0:0, 0:0:0:0:0, 0:0:0:0:0, 2:0:0:0:0, 2:0:0:0:1, 3:1:0:0:1, 1:0:1:0:1, 1:0:0:0:0, 5:0:0:0:3, 1:0:0:0:0, 0:0:0:0:0, 0:0:0:0:0, 1:0:0:0:1, 0:0:0:0:0, 0:0:0:0:0, 1:0:0:0:0, 2:1:0:0:0, 1:1:0:0:0, 1:0:0:0:1, 0:0:0:0:0, 0:0:0:0:0, 0:0:0:0:0, 0:0:0:0:0, 1:0:0:0:0, 1:0:0:0:0, 1:1:0:0:0, 1:0:0:0:1, 1:0:0:0:1, 0:0:0:0:0, 1:0:0:0:1, 0:0:0:0:0, 2:0:0:0:1, 1:0:0:0:0, 0:0:0:0:0, 0:0:0:0:0, 2:0:0:0:1, 1:0:0:0:0, 0:0:0:0:0, 0:0:0:0:0, 1:0:0:0:0, 1:0:0:0:0, 0:0:0:0:0, 0:0:0:0:0, 0:0:0:0:0, 0:0:0:0:0, 0:0:0:0:0, 0:0:0:0:0, 1:0:0:0:0, 2:0:0:0:1, 2:2:0:0:0, 1:0:0:0:1, 0:0:0:0:0, 0:0:0:0:0, 0:0:0:0:0, 0:0:0:0:0, 1:0:0:0:0, 1:0:0:0:0, 6:1:0:0:1, 1:0:0:0:1, 0:0:0:0:0, 0:0:0:0:0, 1:0:0:0:1, 2:0:0:0:1, 2:0:0:0:0, 1:0:0:0:0, 1:0:0:0:1, 2:0:0:0:1, 2:1:0:0:1, 5:0:0:0:6, 1:0:0:0:1, 0:0:0:0:0, 2:0:0:0:2, 1:0:0:0:0, 1:0:0:0:1,  , 0:0:0:0:0, 0:0:0:0:0, 0:0:0:0:0, 2:2:0:0:0, 2:1:0:0:0, 2:0:0:0:1, 1:1:0:0:0, 1:0:0:0:1, 0:0:0:0:0, 0:0:0:0:0, 0:0:0:0:0, 0:0:0:0:0, 1:0:0:0:0, 1:0:0:0:0, 2:1:0:0:0, 1:0:0:0:3, 1:0:0:0:0, 0:0:0:0:0, 3:1:0:0:1, 0:0:0:0:0, 1:0:0:0:0, 3:0:0:0:1, 0:0:0:0:0, 0:0:0:0:0, 2:0:0:0:1, 3:1:0:0:1, 4:0:0:0:3, 0:0:0:0:0, 2:0:0:0:1, 2:0:1:0:1, 0:0:0:0:0, 0:0:0:0:0, 0:0:0:0:0, 0:0:0:0:0, 0:0:0:0:0, 0:0:0:0:0, 1:0:0:0:0, 1:0:0:0:0, 1:1:0:0:0, 1:0:0:0:1, 0:0:0:0:0, 0:0:0:0:0, 0:0:0:0:0, 0:0:0:0:0, 1:0:0:0:0, 1:0:0:0:0, 1:1:0:0:0, 1:0:0:0:2, 0:0:0:0:0, 0:0:0:0:0, 0:0:0:0:0, 0:0:0:0:0, 1:0:0:0:0, 2:0:0:0:0, 1:0:0:0:0,  , 1:0:0:0:0, 1:0:0:0:0, 0:0:0:0:0, 0:0:0:0:0, 1:0:0:0:0, 1:0:0:0:0, 1:0:0:0:1, 2:1:0:0:1, 0:0:0:0:0, 0:0:0:0:0, 0:0:0:0:0, 0:0:0:0:0, 1:0:0:0:0, 1:0:0:0:0, 2:0:0:0:1, 0:0:0:0:0, 2:0:0:0:1, 3:0:0:0:1, 2:0:0:0:2, 0:0:0:0:0, 1:0:0:0:0, 1:0:0:0:0, 5:0:0:0:3, 0:0:0:0:0, 1:0:0:0:0, 1:0:0:0:0, 1:0:0:0:1, 0:0:0:0:0, 2:0:0:0:1, 1:0:0:0:0, 4:0:0:0:2, 0:0:0:0:0, 1:0:0:0:0, 1:0:0:0:0, 1:0:0:0:1, 0:0:0:0:0, 1:0:0:0:0, 2:0:0:0:1, 2:0:0:0:1, 0:0:0:0:0, 2:0:0:0:1, 1:0:0:0:0, 1:0:0:0:1, 0:0:0:0:0, 1:0:0:0:0, 1:0:0:0:0, 1:0:0:0:1, 0:0:0:0:0, 1:0:0:0:0, 1:0:0:0:0, 1:0:0:0:1, 0:0:0:0:0, 0:0:0:0:0, 238:30:4:0:103
D minor (1b), 2:1:0:0:1, 2:1:0:0:1, 2:1:0:0:1, 2:1:0:0:1, 1:0:0:0:0, 4:1:0:0:1, 3:1:0:0:1, 3:2:0:0:2, 4:1:0:0:1, 2:1:0:0:1, 2:1:0:0:1, 2:1:0:0:1, 1:0:0:0:0, 4:1:0:0:1, 2:1:0:0:1,  , 0:0:0:0:0, 2:1:0:0:1, 0:0:0:0:0, 1:0:0:0:0, 2:1:0:0:1, 2:2:0:0:2, 1:1:0:0:1, 0:0:0:0:0, 2:1:0:0:1, 2:1:0:0:1, 2:1:0:0:1, 2:1:0:0:1, 1:0:0:0:0, 4:1:0:0:1, 3:1:0:0:1, 3:2:0:0:2, 0:0:0:0:0, 0:0:0:0:0, 1:0:0:0:0, 2:0:0:0:0, 2:0:0:0:0, 3:2:0:0:2, 2:0:0:0:0, 3:0:0:0:0, 3:0:0:0:0, 0:0:0:0:0, 1:0:0:0:0, 1:0:0:0:0, 2:0:0:0:0, 2:1:0:0:1, 3:0:0:0:0, 1:0:0:0:0, 1:1:0:0:1, 3:0:0:0:0, 2:0:0:0:0, 1:0:0:0:0, 2:1:0:0:1, 3:0:0:0:0, 1:0:0:0:0, 2:0:0:0:0, 0:0:0:0:0, 1:1:0:0:1, 0:0:0:0:0, 1:1:0:0:1, 1:0:2:0:2, 1:1:0:0:1, 2:0:0:0:0, 1:0:0:0:0, 1:1:0:0:1, 1:1:0:0:1, 1:1:0:0:1, 1:1:0:0:1, 1:0:0:0:0, 2:1:0:0:1, 3:1:0:0:1, 4:2:0:0:2, 1:1:0:0:1, 1:1:0:0:1, 1:1:0:0:1, 2:3:0:0:3, 1:0:0:0:0, 2:1:0:0:1, 2:2:0:0:2, 2:1:0:0:1, 1:1:0:0:1, 2:0:0:0:0, 2:0:1:0:1, 1:1:0:0:1, 1:3:0:0:3, 6:3:0:0:3, 3:2:0:0:2, 0:0:0:0:0, 1:1:0:0:1, 1:2:0:0:2, 2:1:0:0:1, 1:1:0:0:1, 1:0:0:0:0, 3:1:0:0:1, 3:1:0:0:1, 3:2:0:0:2, 1:2:0:0:2, 1:2:0:0:2, 1:2:0:0:2, 1:2:0:0:2, 1:0:0:0:0, 2:2:0:0:2, 3:1:0:0:1, 3:2:0:0:2, 2:2:0:0:2, 1:1:0:0:1, 2:2:0:0:2, 1:1:0:0:1, 2:1:0:0:1, 2:1:0:0:1, 2:1:0:0:1, 1:0:0:0:0, 1:1:0:0:1, 1:0:0:0:0, 0:0:0:0:0, 0:0:0:0:0, 1:1:0:0:1, 2:1:0:0:1, 1:2:0:0:2, 1:0:0:0:0, 1:1:0:0:1, 1:1:0:0:1, 1:1:0:0:1, 1:2:0:0:2, 1:0:0:0:0, 3:4:0:0:4, 4:1:0:0:1, 3:2:0:0:2, 1:2:0:0:2, 1:2:0:0:2, 1:2:0:0:2, 1:2:0:0:2, 1:0:0:0:0, 2:1:0:0:1, 8:1:0:0:1, 3:2:0:0:2, 2:1:0:0:1, 1:3:0:0:3, 2:2:0:0:2, 2:2:0:0:2, 3:6:0:3:3, 2:1:0:0:1, 3:2:0:0:2, 3:0:0:0:0, 1:0:0:0:0, 5:0:0:0:0, 1:0:0:0:0, 0:0:0:0:0, 3:4:0:0:4, 2:2:0:0:2, 2:3:0:0:3,  , 1:2:0:0:2, 1:2:0:0:2, 2:2:0:0:2, 4:1:0:0:1, 2:0:0:0:0, 3:2:0:0:2, 3:1:0:0:1, 3:2:0:0:2, 1:1:0:0:1, 1:1:0:0:1, 1:1:0:0:1, 1:1:0:0:1, 1:0:0:0:0, 2:3:0:0:3, 4:1:0:0:1, 3:4:0:0:4, 3:1:0:0:1, 1:2:0:0:2, 4:1:0:0:1, 1:2:0:0:2, 1:0:0:0:0, 4:3:0:0:3, 2:3:0:0:3, 0:0:0:0:0, 0:0:0:0:0, 3:0:0:0:0, 3:0:0:0:0, 0:0:0:0:0, 3:4:0:0:4, 3:2:0:0:2, 1:2:0:0:2, 1:0:0:0:0, 1:1:0:0:1, 1:1:0:0:1, 1:1:0:0:1, 1:1:0:0:1, 1:0:0:0:0, 2:2:0:0:2, 3:1:0:0:1, 3:2:0:0:2, 1:1:0:0:1, 1:1:0:0:1, 1:1:0:0:1, 1:1:0:0:1, 1:0:0:0:0, 2:1:0:0:1, 3:1:0:0:1, 3:3:0:0:3, 1:1:0:0:1, 1:2:0:0:2, 1:2:0:0:2, 1:2:0:0:2, 1:0:0:0:0, 3:1:0:0:1, 3:2:0:0:2,  , 0:0:0:0:0, 1:0:0:0:0, 1:0:0:0:0, 0:0:0:0:0, 2:2:0:0:2, 2:3:0:0:3, 2:2:0:0:2, 1:1:0:0:1, 1:2:0:0:2, 1:2:0:0:2, 1:2:0:0:2, 1:2:0:0:2, 1:0:0:0:0, 2:1:0:0:1, 4:2:0:0:2, 1:1:0:0:1, 2:1:0:0:1, 4:1:0:0:1, 4:3:0:0:3, 1:1:0:0:1, 1:0:0:0:0, 2:1:0:0:1, 7:2:0:0:2, 1:1:0:0:1, 1:0:0:0:0, 2:1:0:0:1, 3:2:0:0:2, 1:1:0:0:1, 2:1:0:0:1, 2:1:0:0:1, 6:2:0:0:2, 1:1:0:0:1, 1:0:0:0:0, 2:1:0:0:1, 3:2:0:0:2, 2:3:0:0:3, 1:0:0:0:0, 3:1:0:0:1, 4:2:0:0:2, 1:1:0:0:1, 2:1:0:0:1, 2:1:0:0:1, 3:2:0:0:2, 1:3:0:0:3, 1:0:0:0:0, 2:2:0:0:2, 3:2:0:0:2, 1:1:0:0:1, 1:0:0:0:0, 2:1:0:0:1, 3:2:0:0:2, 1:1:0:0:1, 0:0:0:0:0, 466:286:3:3:286
E minor (1#), 0:0:0:0:0, 0:0:0:0:0, 0:0:0:0:0, 0:0:0:0:0, 1:0:0:0:0, 3:0:0:0:1, 1:1:0:0:0, 1:0:0:0:1, 2:0:0:0:1, 0:0:0:0:0, 0:0:0:0:0, 0:0:0:0:0, 1:0:0:0:0, 3:0:0:0:1, 0:0:0:0:0,  , 1:0:0:0:0, 2:0:0:0:1, 0:0:0:0:0, 1:1:0:0:0, 1:0:0:0:0, 1:0:0:0:0, 0:0:0:0:0, 1:0:0:0:0, 0:0:0:0:0, 0:0:0:0:0, 0:0:0:0:0, 0:0:0:0:0, 1:0:0:0:0, 3:0:0:0:1, 1:1:0:0:0, 1:0:0:0:1, 0:0:0:0:0, 0:0:0:0:0, 2:1:0:0:0, 1:2:0:0:0, 1:0:0:0:0, 1:0:0:0:1, 1:0:0:0:1, 2:0:0:0:1, 2:0:0:0:0, 0:0:0:0:0, 1:0:1:0:1, 2:1:0:0:2, 2:1:0:0:0, 1:0:0:0:1, 2:0:1:0:2, 0:0:0:0:0, 0:0:0:0:0, 3:0:0:0:2, 3:0:0:0:2, 0:0:0:0:0, 2:0:0:0:1, 1:1:0:0:1, 0:0:0:0:0, 2:2:0:0:1, 0:0:0:0:0, 1:0:0:0:1, 0:0:0:0:0, 1:0:0:0:1, 1:0:0:0:2, 1:0:0:0:2, 1:0:0:0:1, 0:0:0:0:0, 0:0:0:0:0, 0:0:0:0:0, 0:0:0:0:0, 0:0:0:0:0, 1:0:0:0:0, 1:0:0:0:0, 1:1:0:0:0, 2:0:0:0:1, 0:0:0:0:0, 0:0:0:0:0, 0:0:0:0:0, 2:0:0:0:2, 1:0:0:0:0, 1:0:0:0:0, 0:0:0:0:0, 0:0:0:0:0, 2:0:0:0:0, 2:0:0:0:1, 3:1:0:0:1, 1:0:1:0:1, 1:0:0:0:0, 5:0:0:0:3, 1:0:0:0:0, 0:0:0:0:0, 0:0:0:0:0, 1:0:0:0:1, 0:0:0:0:0, 0:0:0:0:0, 1:0:0:0:0, 2:1:0:0:0, 1:1:0:0:0, 1:0:0:0:1, 0:0:0:0:0, 0:0:0:0:0, 0:0:0:0:0, 0:0:0:0:0, 1:0:0:0:0, 1:0:0:0:0, 1:1:0:0:0, 1:0:0:0:1, 1:0:0:0:1, 0:0:0:0:0, 1:0:0:0:1, 0:0:0:0:0, 2:0:0:0:1, 1:0:0:0:0, 0:0:0:0:0, 0:0:0:0:0, 2:0:0:0:1, 1:0:0:0:0, 0:0:0:0:0, 0:0:0:0:0, 1:0:0:0:0, 1:0:0:0:0, 0:0:0:0:0, 0:0:0:0:0, 0:0:0:0:0, 0:0:0:0:0, 0:0:0:0:0, 0:0:0:0:0, 1:0:0:0:0, 2:0:0:0:1, 2:2:0:0:0, 1:0:0:0:1, 0:0:0:0:0, 0:0:0:0:0, 0:0:0:0:0, 0:0:0:0:0, 1:0:0:0:0, 1:0:0:0:0, 6:1:0:0:1, 1:0:0:0:1, 0:0:0:0:0, 0:0:0:0:0, 1:0:0:0:1, 2:0:0:0:1, 2:0:0:0:0, 1:0:0:0:0, 1:0:0:0:1, 2:0:0:0:1, 2:1:0:0:1, 5:0:0:0:6, 1:0:0:0:1, 0:0:0:0:0, 2:0:0:0:2, 1:0:0:0:0, 1:0:0:0:1,  , 0:0:0:0:0, 0:0:0:0:0, 0:0:0:0:0, 2:2:0:0:0, 2:1:0:0:0, 2:0:0:0:1, 1:1:0:0:0, 1:0:0:0:1, 0:0:0:0:0, 0:0:0:0:0, 0:0:0:0:0, 0:0:0:0:0, 1:0:0:0:0, 1:0:0:0:0, 2:1:0:0:0, 1:0:0:0:3, 1:0:0:0:0, 0:0:0:0:0, 3:1:0:0:1, 0:0:0:0:0, 1:0:0:0:0, 3:0:0:0:1, 0:0:0:0:0, 0:0:0:0:0, 2:0:0:0:1, 3:1:0:0:1, 4:0:0:0:3, 0:0:0:0:0, 2:0:0:0:1, 2:0:1:0:1, 0:0:0:0:0, 0:0:0:0:0, 0:0:0:0:0, 0:0:0:0:0, 0:0:0:0:0, 0:0:0:0:0, 1:0:0:0:0, 1:0:0:0:0, 1:1:0:0:0, 1:0:0:0:1, 0:0:0:0:0, 0:0:0:0:0, 0:0:0:0:0, 0:0:0:0:0, 1:0:0:0:0, 1:0:0:0:0, 1:1:0:0:0, 1:0:0:0:2, 0:0:0:0:0, 0:0:0:0:0, 0:0:0:0:0, 0:0:0:0:0, 1:0:0:0:0, 2:0:0:0:0, 1:0:0:0:0,  , 1:0:0:0:0, 1:0:0:0:0, 0:0:0:0:0, 0:0:0:0:0, 1:0:0:0:0, 1:0:0:0:0, 1:0:0:0:1, 2:1:0:0:1, 0:0:0:0:0, 0:0:0:0:0, 0:0:0:0:0, 0:0:0:0:0, 1:0:0:0:0, 1:0:0:0:0, 2:0:0:0:1, 0:0:0:0:0, 2:0:0:0:1, 3:0:0:0:1, 2:0:0:0:2, 0:0:0:0:0, 1:0:0:0:0, 1:0:0:0:0, 5:0:0:0:3, 0:0:0:0:0, 1:0:0:0:0, 1:0:0:0:0, 1:0:0:0:1, 0:0:0:0:0, 2:0:0:0:1, 1:0:0:0:0, 4:0:0:0:2, 0:0:0:0:0, 1:0:0:0:0, 1:0:0:0:0, 1:0:0:0:1, 0:0:0:0:0, 1:0:0:0:0, 2:0:0:0:1, 2:0:0:0:1, 0:0:0:0:0, 2:0:0:0:1, 1:0:0:0:0, 1:0:0:0:1, 0:0:0:0:0, 1:0:0:0:0, 1:0:0:0:0, 1:0:0:0:1, 0:0:0:0:0, 1:0:0:0:0, 1:0:0:0:0, 1:0:0:0:1, 0:0:0:0:0, 0:0:0:0:0, 238:30:4:0:103
Bb major (2b), 3:1:0:0:2, 3:1:0:0:2, 3:1:0:0:3, 3:1:0:0:3, 2:0:0:0:2, 5:1:0:0:3, 4:1:0:0:2, 4:2:0:0:4, 5:1:0:0:2, 3:1:0:0:2, 3:1:0:0:3, 3:1:0:0:3, 2:0:0:0:2, 5:1:0:0:3, 2:1:0:0:2,  , 0:0:0:0:0, 2:1:0:0:3, 1:0:0:0:0, 0:0:0:0:0, 3:1:0:0:2, 3:2:0:0:3, 2:1:0:0:1, 1:0:0:0:0, 3:1:0:0:2, 3:1:0:0:2, 3:1:0:0:4, 3:1:0:0:3, 2:0:0:0:2, 5:1:0:0:3, 4:1:0:0:2, 4:2:0:0:4, 1:0:0:0:0, 1:0:0:0:0, 2:0:0:0:0, 2:0:1:0:1, 2:0:0:0:1, 2:2:0:0:3, 2:0:0:0:1, 3:0:0:0:1, 3:3:1:0:3, 1:0:0:0:0, 1:0:0:0:0, 1:0:0:0:0, 2:0:1:0:1, 2:1:0:0:3, 3:0:0:0:1, 1:0:0:0:1, 2:1:0:0:1, 4:0:0:0:1, 1:0:0:0:0, 1:0:0:0:1, 3:1:0:0:1, 3:0:0:0:1, 2:0:0:0:0, 1:0:0:0:0, 0:0:0:0:0, 1:1:0:0:1, 0:0:0:0:0, 1:1:0:0:1, 1:0:2:0:0, 1:1:0:0:1, 2:0:0:0:2, 2:0:0:0:1, 2:1:0:0:1, 2:1:0:0:1, 2:1:0:0:1, 2:1:0:0:1, 2:0:0:0:2, 3:1:0:0:2, 4:1:0:0:2, 5:2:0:0:4, 2:1:0:0:1, 2:1:0:0:1, 2:1:0:0:1, 3:3:0:0:3, 2:0:0:0:3, 3:1:0:0:2, 2:2:0:0:3, 2:1:0:0:2, 2:1:0:0:1, 3:0:0:0:1, 3:0:1:0:0, 2:1:0:0:1, 2:3:0:0:3, 7:3:0:0:4, 4:2:0:0:3, 0:0:0:0:0, 2:1:0:0:1, 2:2:0:0:2, 3:1:0:0:3, 2:1:0:0:1, 2:0:0:0:2, 4:1:0:0:2, 4:1:0:0:2, 4:2:0:0:4, 2:2:0:0:2, 2:2:0:0:2, 2:2:0:0:2, 2:2:0:0:2, 2:0:0:0:2, 3:2:0:0:3, 4:1:0:0:2, 4:2:0:0:4, 3:2:0:0:2, 2:1:0:0:1, 3:2:0:0:2, 2:1:0:0:1, 3:1:0:0:4, 3:1:0:0:3, 2:1:0:0:3, 1:0:0:0:1, 1:1:0:0:1, 1:0:0:0:2, 1:0:0:0:0, 1:0:0:0:0, 2:1:0:0:1, 3:1:0:0:2, 1:2:0:0:2, 1:0:0:0:0, 2:1:0:0:1, 2:1:0:0:1, 2:1:0:0:1, 2:2:0:0:2, 2:0:0:0:2, 4:4:0:0:5, 5:1:0:0:3, 4:2:0:0:4, 2:2:0:0:2, 2:2:0:0:2, 2:2:0:0:2, 2:2:0:0:2, 2:0:0:0:3, 3:1:0:0:2, 7:1:0:0:2, 4:2:0:0:5, 3:1:0:0:2, 2:3:0:0:3, 3:2:0:0:2, 3:2:0:0:3, 4:6:0:3:5, 3:1:0:0:6, 3:2:0:0:5, 3:0:0:0:2, 2:0:0:0:0, 4:0:0:0:2, 2:0:0:0:1, 0:0:0:0:0, 4:4:0:0:6, 3:2:0:0:5, 2:3:0:0:3,  , 2:2:0:0:2, 2:2:0:0:2, 3:2:0:0:3, 5:1:0:0:2, 3:0:0:0:3, 4:2:0:0:4, 4:1:0:0:2, 4:2:0:0:4, 2:1:0:0:1, 2:1:0:0:1, 2:1:0:0:1, 2:1:0:0:1, 2:0:0:0:3, 3:3:0:0:4, 5:1:0:0:5, 4:4:0:0:8, 4:1:0:0:2, 2:2:0:0:2, 5:1:0:0:1, 2:2:0:0:2, 2:0:0:0:3, 5:3:0:0:4, 2:3:0:0:5, 0:0:0:0:0, 1:0:0:0:0, 3:0:0:0:2, 4:0:0:0:1, 0:0:0:0:0, 4:4:0:0:6, 4:2:0:0:3, 2:2:0:0:2, 1:0:0:0:1, 2:1:0:0:1, 2:1:0:0:1, 2:1:0:0:1, 2:1:0:0:1, 2:0:0:0:3, 3:2:0:0:3, 4:1:0:0:2, 4:2:0:0:4, 2:1:0:0:1, 2:1:0:0:1, 2:1:0:0:1, 2:1:0:0:1, 2:0:0:0:2, 3:1:0:0:2, 4:1:0:0:2, 4:3:0:0:6, 2:1:0:0:1, 2:2:0:0:2, 2:2:0:0:2, 2:2:0:0:2, 2:0:0:0:3, 4:1:0:0:3, 4:2:0:0:3,  , 1:0:0:0:0, 1:0:0:0:2, 2:0:0:0:1, 1:0:0:0:0, 3:2:0:0:3, 3:3:0:0:4, 1:2:0:0:2, 2:1:0:0:1, 2:2:0:0:2, 2:2:0:0:2, 2:2:0:0:2, 2:2:0:0:2, 2:0:0:0:2, 3:1:0:0:2, 5:2:0:0:4, 2:1:0:0:1, 3:1:0:0:4, 5:1:0:0:2, 5:3:0:0:6, 2:1:0:0:1, 2:0:0:0:3, 3:1:0:0:2, 8:2:0:0:4, 2:1:0:0:1, 2:0:0:0:3, 3:1:0:0:2, 4:2:0:0:5, 2:1:0:0:1, 3:1:0:0:4, 3:1:0:0:2, 7:2:0:0:4, 2:1:0:0:1, 2:0:0:0:3, 3:1:0:0:3, 4:2:0:0:4, 3:3:0:0:4, 2:0:0:0:2, 4:1:0:0:2, 5:2:0:0:5, 2:1:0:0:1, 3:1:0:0:4, 3:1:0:0:2, 4:2:0:0:5, 2:3:0:0:3, 2:0:0:0:3, 3:2:0:0:3, 4:2:0:0:5, 2:1:0:0:1, 2:0:0:0:2, 3:1:0:0:2, 4:2:0:0:4, 2:1:0:0:1, 0:0:0:0:0, 667:289:6:3:546
D major (2#), 1:0:0:0:0, 1:0:0:0:0, 1:0:0:0:0, 1:0:0:0:0, 1:0:0:0:0, 4:0:0:0:1, 2:1:0:0:0, 1:0:0:0:0, 3:0:0:0:1, 1:0:0:0:0, 1:0:0:0:0, 1:0:0:0:0, 1:0:0:0:0, 4:0:0:0:1, 0:0:0:0:0,  , 2:0:0:0:0, 2:0:0:0:1, 1:0:0:0:0, 2:1:0:0:0, 0:0:0:0:0, 1:0:1:0:1, 1:0:0:0:0, 1:0:0:0:0, 1:0:0:0:0, 1:0:0:0:0, 1:0:0:0:0, 1:0:0:0:0, 1:0:0:0:0, 4:0:0:0:1, 2:1:0:0:0, 1:0:0:0:0, 1:0:0:0:0, 1:0:0:0:0, 3:1:0:0:1, 2:2:0:0:0, 1:0:1:0:1, 2:0:0:0:1, 2:0:0:0:1, 2:0:0:0:0, 3:0:0:0:0, 1:0:0:0:0, 2:0:1:0:1, 2:0:2:0:3, 1:1:0:0:0, 2:0:0:0:1, 3:0:1:0:2, 0:0:0:0:0, 1:0:0:0:0, 3:0:0:0:1, 3:0:0:0:2, 1:0:0:0:0, 2:0:0:0:0, 1:0:0:0:0, 0:0:0:0:0, 2:1:0:0:0, 0:0:0:0:0, 1:0:0:0:0, 0:0:0:0:0, 1:0:0:0:0, 1:0:0:0:2, 1:0:0:0:2, 2:0:0:0:1, 1:0:0:0:0, 1:0:0:0:0, 1:0:0:0:0, 1:0:0:0:0, 1:0:0:0:0, 1:0:0:0:0, 2:0:0:0:0, 2:1:0:0:0, 2:0:0:0:0, 1:0:0:0:0, 1:0:0:0:0, 1:0:0:0:0, 3:0:0:0:1, 1:0:0:0:0, 2:0:0:0:0, 0:0:0:0:0, 0:0:0:0:0, 3:0:0:0:0, 3:0:0:0:1, 4:1:0:0:2, 2:0:1:0:1, 0:0:0:0:0, 4:0:0:0:3, 2:0:0:0:0, 1:0:0:0:0, 1:0:0:0:0, 2:0:0:0:1, 1:0:0:0:0, 1:0:0:0:0, 1:0:0:0:0, 3:1:0:0:0, 2:1:0:0:0, 1:0:0:0:0, 1:0:0:0:0, 1:0:0:0:0, 1:0:0:0:0, 1:0:0:0:0, 1:0:0:0:0, 2:0:0:0:0, 2:1:0:0:0, 1:0:0:0:0, 2:0:0:0:0, 1:0:0:0:0, 2:0:0:0:0, 1:0:0:0:0, 2:0:0:0:1, 2:0:0:0:0, 0:0:0:0:0, 0:0:0:0:0, 3:0:0:0:0, 1:0:0:0:0, 1:0:0:0:0, 1:0:0:0:0, 0:0:0:0:0, 0:0:0:0:0, 1:0:0:0:0, 1:0:0:0:0, 1:0:0:0:0, 1:0:0:0:0, 1:0:0:0:0, 1:0:0:0:0, 1:0:0:0:0, 3:0:0:0:1, 3:2:0:0:0, 1:0:0:0:0, 1:0:0:0:0, 1:0:0:0:0, 1:0:0:0:0, 1:0:0:0:0, 1:0:0:0:0, 2:0:0:0:0, 5:1:0:0:1, 1:0:0:0:0, 1:0:0:0:0, 1:0:0:0:0, 2:0:0:0:1, 3:0:0:0:1, 2:0:0:0:0, 2:0:0:0:0, 2:0:0:0:1, 3:0:0:0:1, 3:1:0:0:1, 5:0:0:0:4, 2:0:0:0:1, 0:0:0:0:0, 1:0:0:0:0, 0:0:0:0:0, 2:0:0:0:0,  , 1:0:0:0:0, 1:0:0:0:0, 1:0:0:0:0, 3:2:0:0:0, 2:1:0:0:0, 3:0:0:0:1, 2:1:0:0:0, 1:0:0:0:0, 1:0:0:0:0, 1:0:0:0:0, 1:0:0:0:0, 1:0:0:0:0, 1:0:0:0:0, 2:0:0:0:0, 3:1:0:0:0, 2:0:0:0:0, 2:0:0:0:0, 1:0:0:0:0, 4:1:0:0:1, 1:0:0:0:0, 1:0:0:0:0, 4:0:0:0:1, 0:0:0:0:0, 0:0:0:0:0, 3:0:0:0:1, 3:1:0:0:2, 5:0:0:0:1, 0:0:0:0:0, 1:0:0:0:0, 1:0:1:0:1, 1:0:0:0:0, 1:0:0:0:0, 1:0:0:0:0, 1:0:0:0:0, 1:0:0:0:0, 1:0:0:0:0, 1:0:0:0:0, 2:0:0:0:0, 2:1:0:0:0, 1:0:0:0:0, 1:0:0:0:0, 1:0:0:0:0, 1:0:0:0:0, 1:0:0:0:0, 2:0:0:0:0, 2:0:0:0:0, 2:1:0:0:0, 1:0:0:0:0, 1:0:0:0:0, 1:0:0:0:0, 1:0:0:0:0, 1:0:0:0:0, 1:0:0:0:0, 3:0:0:0:0, 1:0:1:0:1,  , 2:0:0:0:0, 2:0:0:0:0, 1:0:0:0:0, 1:0:0:0:0, 0:0:0:0:0, 0:0:0:0:0, 2:0:0:0:1, 2:1:0:0:0, 1:0:0:0:0, 1:0:0:0:0, 1:0:0:0:0, 1:0:0:0:0, 1:0:0:0:0, 2:0:0:0:0, 2:0:0:0:0, 1:0:0:0:0, 2:0:0:0:1, 4:0:0:0:1, 2:0:0:0:1, 1:0:0:0:0, 1:0:0:0:0, 2:0:0:0:0, 5:0:0:0:2, 1:0:0:0:0, 1:0:0:0:0, 2:0:0:0:0, 1:0:0:0:0, 1:0:0:0:0, 2:0:0:0:1, 2:0:0:0:0, 4:0:0:0:1, 1:0:0:0:0, 1:0:0:0:0, 2:0:0:0:0, 1:0:0:0:0, 1:0:0:0:0, 1:0:0:0:0, 3:0:0:0:1, 2:0:0:0:0, 1:0:0:0:0, 2:0:0:0:1, 2:0:0:0:0, 1:0:0:0:0, 1:0:0:0:0, 1:0:0:0:0, 2:0:0:0:0, 1:0:0:0:0, 1:0:0:0:0, 1:0:0:0:0, 2:0:0:0:0, 1:0:0:0:0, 1:0:0:0:0, 0:0:0:0:0, 390:27:9:0:66
G minor (2b), 3:1:0:0:2, 3:1:0:0:2, 3:1:0:0:3, 3:1:0:0:3, 2:0:0:0:2, 5:1:0:0:3, 4:1:0:0:2, 4:2:0:0:4, 5:1:0:0:2, 3:1:0:0:2, 3:1:0:0:3, 3:1:0:0:3, 2:0:0:0:2, 5:1:0:0:3, 2:1:0:0:2,  , 0:0:0:0:0, 2:1:0:0:3, 1:0:0:0:0, 0:0:0:0:0, 3:1:0:0:2, 3:2:0:0:3, 2:1:0:0:1, 1:0:0:0:0, 3:1:0:0:2, 3:1:0:0:2, 3:1:0:0:4, 3:1:0:0:3, 2:0:0:0:2, 5:1:0:0:3, 4:1:0:0:2, 4:2:0:0:4, 1:0:0:0:0, 1:0:0:0:0, 2:0:0:0:0, 2:0:1:0:1, 2:0:0:0:1, 2:2:0:0:3, 2:0:0:0:1, 3:0:0:0:1, 3:3:1:0:3, 1:0:0:0:0, 1:0:0:0:0, 1:0:0:0:0, 2:0:1:0:1, 2:1:0:0:3, 3:0:0:0:1, 1:0:0:0:1, 2:1:0:0:1, 4:0:0:0:1, 1:0:0:0:0, 1:0:0:0:1, 3:1:0:0:1, 3:0:0:0:1, 2:0:0:0:0, 1:0:0:0:0, 0:0:0:0:0, 1:1:0:0:1, 0:0:0:0:0, 1:1:0:0:1, 1:0:2:0:0, 1:1:0:0:1, 2:0:0:0:2, 2:0:0:0:1, 2:1:0:0:1, 2:1:0:0:1, 2:1:0:0:1, 2:1:0:0:1, 2:0:0:0:2, 3:1:0:0:2, 4:1:0:0:2, 5:2:0:0:4, 2:1:0:0:1, 2:1:0:0:1, 2:1:0:0:1, 3:3:0:0:3, 2:0:0:0:3, 3:1:0:0:2, 2:2:0:0:3, 2:1:0:0:2, 2:1:0:0:1, 3:0:0:0:1, 3:0:1:0:0, 2:1:0:0:1, 2:3:0:0:3, 7:3:0:0:4, 4:2:0:0:3, 0:0:0:0:0, 2:1:0:0:1, 2:2:0:0:2, 3:1:0:0:3, 2:1:0:0:1, 2:0:0:0:2, 4:1:0:0:2, 4:1:0:0:2, 4:2:0:0:4, 2:2:0:0:2, 2:2:0:0:2, 2:2:0:0:2, 2:2:0:0:2, 2:0:0:0:2, 3:2:0:0:3, 4:1:0:0:2, 4:2:0:0:4, 3:2:0:0:2, 2:1:0:0:1, 3:2:0:0:2, 2:1:0:0:1, 3:1:0:0:4, 3:1:0:0:3, 2:1:0:0:3, 1:0:0:0:1, 1:1:0:0:1, 1:0:0:0:2, 1:0:0:0:0, 1:0:0:0:0, 2:1:0:0:1, 3:1:0:0:2, 1:2:0:0:2, 1:0:0:0:0, 2:1:0:0:1, 2:1:0:0:1, 2:1:0:0:1, 2:2:0:0:2, 2:0:0:0:2, 4:4:0:0:5, 5:1:0:0:3, 4:2:0:0:4, 2:2:0:0:2, 2:2:0:0:2, 2:2:0:0:2, 2:2:0:0:2, 2:0:0:0:3, 3:1:0:0:2, 7:1:0:0:2, 4:2:0:0:5, 3:1:0:0:2, 2:3:0:0:3, 3:2:0:0:2, 3:2:0:0:3, 4:6:0:3:5, 3:1:0:0:6, 3:2:0:0:5, 3:0:0:0:2, 2:0:0:0:0, 4:0:0:0:2, 2:0:0:0:1, 0:0:0:0:0, 4:4:0:0:6, 3:2:0:0:5, 2:3:0:0:3,  , 2:2:0:0:2, 2:2:0:0:2, 3:2:0:0:3, 5:1:0:0:2, 3:0:0:0:3, 4:2:0:0:4, 4:1:0:0:2, 4:2:0:0:4, 2:1:0:0:1, 2:1:0:0:1, 2:1:0:0:1, 2:1:0:0:1, 2:0:0:0:3, 3:3:0:0:4, 5:1:0:0:5, 4:4:0:0:8, 4:1:0:0:2, 2:2:0:0:2, 5:1:0:0:1, 2:2:0:0:2, 2:0:0:0:3, 5:3:0:0:4, 2:3:0:0:5, 0:0:0:0:0, 1:0:0:0:0, 3:0:0:0:2, 4:0:0:0:1, 0:0:0:0:0, 4:4:0:0:6, 4:2:0:0:3, 2:2:0:0:2, 1:0:0:0:1, 2:1:0:0:1, 2:1:0:0:1, 2:1:0:0:1, 2:1:0:0:1, 2:0:0:0:3, 3:2:0:0:3, 4:1:0:0:2, 4:2:0:0:4, 2:1:0:0:1, 2:1:0:0:1, 2:1:0:0:1, 2:1:0:0:1, 2:0:0:0:2, 3:1:0:0:2, 4:1:0:0:2, 4:3:0:0:6, 2:1:0:0:1, 2:2:0:0:2, 2:2:0:0:2, 2:2:0:0:2, 2:0:0:0:3, 4:1:0:0:3, 4:2:0:0:3,  , 1:0:0:0:0, 1:0:0:0:2, 2:0:0:0:1, 1:0:0:0:0, 3:2:0:0:3, 3:3:0:0:4, 1:2:0:0:2, 2:1:0:0:1, 2:2:0:0:2, 2:2:0:0:2, 2:2:0:0:2, 2:2:0:0:2, 2:0:0:0:2, 3:1:0:0:2, 5:2:0:0:4, 2:1:0:0:1, 3:1:0:0:4, 5:1:0:0:2, 5:3:0:0:6, 2:1:0:0:1, 2:0:0:0:3, 3:1:0:0:2, 8:2:0:0:4, 2:1:0:0:1, 2:0:0:0:3, 3:1:0:0:2, 4:2:0:0:5, 2:1:0:0:1, 3:1:0:0:4, 3:1:0:0:2, 7:2:0:0:4, 2:1:0:0:1, 2:0:0:0:3, 3:1:0:0:3, 4:2:0:0:4, 3:3:0:0:4, 2:0:0:0:2, 4:1:0:0:2, 5:2:0:0:5, 2:1:0:0:1, 3:1:0:0:4, 3:1:0:0:2, 4:2:0:0:5, 2:3:0:0:3, 2:0:0:0:3, 3:2:0:0:3, 4:2:0:0:5, 2:1:0:0:1, 2:0:0:0:2, 3:1:0:0:2, 4:2:0:0:4, 2:1:0:0:1, 0:0:0:0:0, 667:289:6:3:546
B minor (2#), 1:0:0:0:0, 1:0:0:0:0, 1:0:0:0:0, 1:0:0:0:0, 1:0:0:0:0, 4:0:0:0:1, 2:1:0:0:0, 1:0:0:0:0, 3:0:0:0:1, 1:0:0:0:0, 1:0:0:0:0, 1:0:0:0:0, 1:0:0:0:0, 4:0:0:0:1, 0:0:0:0:0,  , 2:0:0:0:0, 2:0:0:0:1, 1:0:0:0:0, 2:1:0:0:0, 0:0:0:0:0, 1:0:1:0:1, 1:0:0:0:0, 1:0:0:0:0, 1:0:0:0:0, 1:0:0:0:0, 1:0:0:0:0, 1:0:0:0:0, 1:0:0:0:0, 4:0:0:0:1, 2:1:0:0:0, 1:0:0:0:0, 1:0:0:0:0, 1:0:0:0:0, 3:1:0:0:1, 2:2:0:0:0, 1:0:1:0:1, 2:0:0:0:1, 2:0:0:0:1, 2:0:0:0:0, 3:0:0:0:0, 1:0:0:0:0, 2:0:1:0:1, 2:0:2:0:3, 1:1:0:0:0, 2:0:0:0:1, 3:0:1:0:2, 0:0:0:0:0, 1:0:0:0:0, 3:0:0:0:1, 3:0:0:0:2, 1:0:0:0:0, 2:0:0:0:0, 1:0:0:0:0, 0:0:0:0:0, 2:1:0:0:0, 0:0:0:0:0, 1:0:0:0:0, 0:0:0:0:0, 1:0:0:0:0, 1:0:0:0:2, 1:0:0:0:2, 2:0:0:0:1, 1:0:0:0:0, 1:0:0:0:0, 1:0:0:0:0, 1:0:0:0:0, 1:0:0:0:0, 1:0:0:0:0, 2:0:0:0:0, 2:1:0:0:0, 2:0:0:0:0, 1:0:0:0:0, 1:0:0:0:0, 1:0:0:0:0, 3:0:0:0:1, 1:0:0:0:0, 2:0:0:0:0, 0:0:0:0:0, 0:0:0:0:0, 3:0:0:0:0, 3:0:0:0:1, 4:1:0:0:2, 2:0:1:0:1, 0:0:0:0:0, 4:0:0:0:3, 2:0:0:0:0, 1:0:0:0:0, 1:0:0:0:0, 2:0:0:0:1, 1:0:0:0:0, 1:0:0:0:0, 1:0:0:0:0, 3:1:0:0:0, 2:1:0:0:0, 1:0:0:0:0, 1:0:0:0:0, 1:0:0:0:0, 1:0:0:0:0, 1:0:0:0:0, 1:0:0:0:0, 2:0:0:0:0, 2:1:0:0:0, 1:0:0:0:0, 2:0:0:0:0, 1:0:0:0:0, 2:0:0:0:0, 1:0:0:0:0, 2:0:0:0:1, 2:0:0:0:0, 0:0:0:0:0, 0:0:0:0:0, 3:0:0:0:0, 1:0:0:0:0, 1:0:0:0:0, 1:0:0:0:0, 0:0:0:0:0, 0:0:0:0:0, 1:0:0:0:0, 1:0:0:0:0, 1:0:0:0:0, 1:0:0:0:0, 1:0:0:0:0, 1:0:0:0:0, 1:0:0:0:0, 3:0:0:0:1, 3:2:0:0:0, 1:0:0:0:0, 1:0:0:0:0, 1:0:0:0:0, 1:0:0:0:0, 1:0:0:0:0, 1:0:0:0:0, 2:0:0:0:0, 5:1:0:0:1, 1:0:0:0:0, 1:0:0:0:0, 1:0:0:0:0, 2:0:0:0:1, 3:0:0:0:1, 2:0:0:0:0, 2:0:0:0:0, 2:0:0:0:1, 3:0:0:0:1, 3:1:0:0:1, 5:0:0:0:4, 2:0:0:0:1, 0:0:0:0:0, 1:0:0:0:0, 0:0:0:0:0, 2:0:0:0:0,  , 1:0:0:0:0, 1:0:0:0:0, 1:0:0:0:0, 3:2:0:0:0, 2:1:0:0:0, 3:0:0:0:1, 2:1:0:0:0, 1:0:0:0:0, 1:0:0:0:0, 1:0:0:0:0, 1:0:0:0:0, 1:0:0:0:0, 1:0:0:0:0, 2:0:0:0:0, 3:1:0:0:0, 2:0:0:0:0, 2:0:0:0:0, 1:0:0:0:0, 4:1:0:0:1, 1:0:0:0:0, 1:0:0:0:0, 4:0:0:0:1, 0:0:0:0:0, 0:0:0:0:0, 3:0:0:0:1, 3:1:0:0:2, 5:0:0:0:1, 0:0:0:0:0, 1:0:0:0:0, 1:0:1:0:1, 1:0:0:0:0, 1:0:0:0:0, 1:0:0:0:0, 1:0:0:0:0, 1:0:0:0:0, 1:0:0:0:0, 1:0:0:0:0, 2:0:0:0:0, 2:1:0:0:0, 1:0:0:0:0, 1:0:0:0:0, 1:0:0:0:0, 1:0:0:0:0, 1:0:0:0:0, 2:0:0:0:0, 2:0:0:0:0, 2:1:0:0:0, 1:0:0:0:0, 1:0:0:0:0, 1:0:0:0:0, 1:0:0:0:0, 1:0:0:0:0, 1:0:0:0:0, 3:0:0:0:0, 1:0:1:0:1,  , 2:0:0:0:0, 2:0:0:0:0, 1:0:0:0:0, 1:0:0:0:0, 0:0:0:0:0, 0:0:0:0:0, 2:0:0:0:1, 2:1:0:0:0, 1:0:0:0:0, 1:0:0:0:0, 1:0:0:0:0, 1:0:0:0:0, 1:0:0:0:0, 2:0:0:0:0, 2:0:0:0:0, 1:0:0:0:0, 2:0:0:0:1, 4:0:0:0:1, 2:0:0:0:1, 1:0:0:0:0, 1:0:0:0:0, 2:0:0:0:0, 5:0:0:0:2, 1:0:0:0:0, 1:0:0:0:0, 2:0:0:0:0, 1:0:0:0:0, 1:0:0:0:0, 2:0:0:0:1, 2:0:0:0:0, 4:0:0:0:1, 1:0:0:0:0, 1:0:0:0:0, 2:0:0:0:0, 1:0:0:0:0, 1:0:0:0:0, 1:0:0:0:0, 3:0:0:0:1, 2:0:0:0:0, 1:0:0:0:0, 2:0:0:0:1, 2:0:0:0:0, 1:0:0:0:0, 1:0:0:0:0, 1:0:0:0:0, 2:0:0:0:0, 1:0:0:0:0, 1:0:0:0:0, 1:0:0:0:0, 2:0:0:0:0, 1:0:0:0:0, 1:0:0:0:0, 0:0:0:0:0, 390:27:9:0:66
Eb major (3b), 4:1:0:0:4, 4:1:0:0:4, 4:1:0:0:5, 4:1:0:0:5, 3:0:0:0:3, 5:2:0:0:7, 4:1:0:0:3, 5:2:0:0:5, 6:1:0:0:4, 4:1:0:0:4, 4:1:0:0:5, 4:1:0:0:5, 3:0:0:0:3, 5:2:0:0:7, 2:1:0:0:2,  , 1:0:0:0:0, 2:1:0:0:3, 2:0:0:0:1, 0:0:0:0:0, 4:1:0:0:3, 4:2:0:0:5, 3:1:0:0:4, 1:0:0:0:2, 4:1:0:0:4, 4:1:0:0:4, 4:1:0:0:6, 4:1:0:0:5, 3:0:0:0:3, 5:2:0:0:7, 4:1:0:0:3, 5:2:0:0:6, 2:0:0:0:1, 1:0:0:0:3, 3:0:0:0:1, 3:0:1:0:0, 2:0:0:0:1, 3:2:0:0:3, 2:0:0:0:1, 2:0:0:0:1, 4:3:1:0:4, 2:0:0:0:2, 2:0:0:0:0, 1:0:0:0:0, 2:0:1:0:0, 2:1:0:0:3, 3:0:0:0:1, 1:0:0:0:1, 3:1:0:0:3, 3:0:0:0:2, 1:0:0:0:1, 2:0:0:0:1, 3:0:0:0:1, 3:0:0:0:1, 3:0:0:0:1, 1:0:0:0:0, 1:0:0:0:0, 1:0:0:0:0, 1:0:0:0:0, 2:1:0:0:1, 1:0:2:0:0, 2:1:0:0:1, 2:0:0:0:2, 2:0:0:0:2, 3:1:0:0:2, 3:1:0:0:3, 3:1:0:0:2, 3:1:0:0:3, 3:0:0:0:5, 4:1:0:0:5, 4:1:0:0:5, 6:2:0:0:7, 3:1:0:0:2, 3:1:0:0:3, 3:1:0:0:2, 4:3:0:0:4, 3:0:0:0:5, 3:1:0:0:4, 3:2:0:0:3, 3:1:0:0:2, 3:1:0:0:2, 4:0:0:0:2, 4:0:1:0:1, 2:1:0:0:2, 3:3:0:0:5, 8:1:0:2:7, 5:2:0:0:4, 1:0:0:0:0, 3:1:0:0:5, 3:2:0:0:4, 4:1:0:0:4, 3:1:0:0:4, 3:0:0:0:4, 5:1:0:0:4, 4:1:0:0:5, 5:2:0:0:5, 3:2:0:0:3, 3:2:0:0:3, 3:2:0:0:3, 3:2:0:0:3, 3:0:0:0:4, 3:2:0:0:5, 4:1:0:0:3, 5:2:0:0:5, 4:2:0:0:3, 3:1:0:0:2, 4:2:0:0:3, 3:1:0:0:2, 4:1:0:0:5, 3:1:0:0:5, 2:1:0:0:3, 1:0:0:0:1, 2:1:0:0:1, 1:0:0:0:2, 2:0:0:0:2, 1:0:0:0:1, 3:1:0:0:3, 4:1:0:0:5, 2:2:0:0:2, 1:0:0:0:0, 3:1:0:0:4, 3:1:0:0:2, 3:1:0:0:4, 3:2:0:0:3, 3:0:0:0:3, 4:4:0:0:8, 6:1:0:0:4, 5:2:0:0:5, 3:2:0:0:5, 3:2:0:0:5, 3:2:0:0:5, 3:2:0:0:4, 3:0:0:0:5, 3:1:0:0:4, 7:1:0:0:5, 5:2:0:0:6, 4:1:0:0:4, 3:3:0:0:5, 4:2:0:0:4, 4:2:0:0:4, 5:6:0:3:6, 3:1:0:0:8, 3:2:0:0:5, 3:1:0:0:3, 3:0:0:0:1, 3:0:0:0:2, 3:0:0:0:3, 0:0:0:0:0, 5:4:0:0:8, 4:2:0:0:8, 3:3:0:0:3,  , 3:2:0:0:5, 3:2:0:0:4, 4:2:0:0:4, 6:1:0:0:3, 4:0:0:0:5, 4:2:0:0:8, 4:1:0:0:5, 5:2:0:0:5, 3:1:0:0:4, 3:1:0:0:4, 3:1:0:0:4, 3:1:0:0:3, 3:0:0:0:11, 3:3:0:0:11, 5:1:0:0:6, 5:4:0:0:9, 5:1:0:0:5, 3:2:0:0:3, 6:1:0:0:4, 3:2:0:0:6, 3:0:0:0:5, 5:3:0:0:8, 3:3:0:0:5, 1:0:0:0:0, 2:0:0:0:1, 2:0:0:0:2, 5:0:0:0:4, 0:0:0:0:0, 5:4:0:0:9, 5:2:0:0:7, 3:2:0:0:4, 1:0:0:0:1, 3:1:0:0:2, 3:1:0:0:2, 3:1:0:0:2, 3:1:0:0:2, 3:0:0:0:4, 3:2:0:0:5, 4:1:0:0:3, 5:2:0:0:5, 3:1:0:0:4, 3:1:0:0:2, 3:1:0:0:4, 3:1:0:0:2, 3:0:0:0:4, 3:1:0:0:4, 5:1:0:0:4, 5:3:0:0:7, 3:1:0:0:3, 3:2:0:0:3, 3:2:0:0:5, 3:2:0:0:5, 3:0:0:0:5, 4:1:0:0:5, 4:2:0:0:4,  , 2:0:0:0:1, 2:0:0:0:2, 3:0:0:0:3, 1:0:0:0:1, 4:2:0:0:5, 4:3:0:0:7, 2:2:0:0:2, 2:0:0:0:1, 3:2:0:0:5, 3:2:0:0:6, 3:2:0:0:5, 3:2:0:0:6, 3:0:0:0:4, 3:1:0:0:6, 5:2:0:0:7, 3:1:0:0:2, 4:1:0:0:5, 5:1:0:0:6, 5:3:0:0:8, 3:1:0:0:4, 3:0:0:0:5, 3:1:0:0:6, 9:2:0:0:6, 3:1:0:0:4, 3:0:0:0:4, 3:1:0:0:5, 5:2:0:0:6, 3:1:0:0:4, 4:1:0:0:5, 3:1:0:0:6, 7:3:0:0:8, 3:1:0:0:2, 3:0:0:0:4, 4:1:0:0:6, 4:2:0:0:6, 4:3:0:0:5, 3:0:0:0:4, 5:1:0:0:4, 6:2:0:0:7, 3:1:0:0:2, 4:1:0:0:6, 4:1:0:0:4, 5:2:0:0:7, 3:3:0:0:4, 3:0:0:0:4, 3:2:0:0:5, 5:2:0:0:6, 3:1:0:0:2, 3:0:0:0:3, 3:1:0:0:4, 4:2:0:0:5, 3:1:0:0:2, 0:0:0:0:0, 846:289:6:5:958
A major (3#), 2:0:0:0:0, 2:0:0:0:0, 2:0:0:0:0, 2:0:0:0:0, 2:0:0:0:0, 5:0:0:0:1, 3:1:0:0:0, 2:0:0:0:0, 4:0:0:0:0, 2:0:0:0:0, 2:0:0:0:0, 2:0:0:0:0, 2:0:0:0:0, 5:0:0:0:1, 1:0:0:0:0,  , 3:0:0:0:0, 3:0:0:0:1, 2:0:0:0:0, 2:1:0:0:1, 1:0:0:0:0, 2:0:1:0:1, 1:0:0:0:0, 1:0:0:0:0, 2:0:0:0:0, 2:0:0:0:0, 2:0:0:0:0, 2:0:0:0:0, 2:0:0:0:0, 5:0:0:0:1, 3:1:0:0:0, 2:0:0:0:0, 2:0:0:0:0, 2:0:0:0:0, 4:1:0:0:1, 2:2:0:0:2, 1:0:1:0:1, 3:0:0:0:0, 2:0:0:0:1, 1:0:0:0:0, 4:0:0:0:0, 2:0:0:0:0, 3:0:1:0:1, 3:0:2:0:3, 2:1:0:0:1, 3:0:0:0:1, 4:0:1:0:2, 1:0:0:0:0, 2:0:0:0:0, 4:0:0:0:0, 4:0:0:0:1, 2:0:0:0:0, 1:0:0:0:0, 2:0:0:0:0, 1:0:0:0:0, 2:1:0:0:1, 0:0:0:0:0, 0:0:0:0:0, 0:0:0:0:0, 0:0:0:0:0, 2:0:0:0:2, 2:0:0:0:2, 3:0:0:0:1, 2:0:0:0:0, 2:0:0:0:0, 2:0:0:0:0, 2:0:0:0:0, 2:0:0:0:0, 2:0:0:0:0, 3:0:0:0:0, 3:1:0:0:0, 2:0:0:3:3, 2:0:0:0:0, 2:0:0:0:0, 2:0:0:0:0, 4:0:0:0:1, 2:0:0:0:0, 3:0:0:0:0, 1:0:0:0:0, 1:0:0:0:0, 3:0:0:0:0, 4:0:0:0:1, 5:1:0:0:2, 3:0:1:0:1, 1:0:0:0:0, 5:0:0:0:1, 3:0:0:0:0, 1:0:0:0:0, 2:0:0:0:0, 3:0:0:0:1, 2:0:0:0:0, 2:0:0:0:0, 2:0:0:0:0, 4:1:0:0:0, 3:1:0:0:0, 0:0:0:0:0, 2:0:0:0:0, 2:0:0:0:0, 2:0:0:0:0, 2:0:0:0:0, 2:0:0:0:0, 3:0:0:0:0, 3:1:0:0:0, 0:0:0:0:0, 3:0:0:0:0, 2:0:0:0:0, 3:0:0:0:0, 2:0:0:0:0, 3:0:0:0:1, 3:0:0:0:0, 1:0:0:0:0, 0:0:0:0:0, 2:0:0:0:0, 2:0:0:0:0, 2:0:0:0:0, 2:0:0:0:0, 1:0:0:0:0, 1:0:0:0:0, 2:0:0:0:0, 1:0:0:0:0, 2:0:0:0:0, 2:0:0:0:0, 2:0:0:0:0, 2:0:0:0:0, 2:0:0:0:0, 4:0:0:0:0, 4:2:0:0:0, 2:0:0:0:0, 2:0:0:0:0, 2:0:0:0:0, 2:0:0:0:0, 2:0:0:0:0, 2:0:0:0:0, 3:0:0:0:0, 6:1:0:0:0, 0:0:0:0:0, 2:0:0:0:0, 2:0:0:0:0, 3:0:0:0:0, 4:0:0:0:1, 3:0:0:0:0, 3:0:0:0:0, 3:0:0:0:1, 4:0:0:0:1, 4:1:0:0:1, 6:0:0:0:3, 3:0:0:0:1, 1:0:0:0:0, 2:0:0:0:0, 1:0:0:0:0, 3:0:0:0:0,  , 2:0:0:0:0, 2:0:0:0:0, 2:0:0:0:0, 4:2:0:0:1, 3:1:0:0:1, 4:0:0:0:1, 3:1:0:0:0, 0:0:0:0:0, 2:0:0:0:0, 2:0:0:0:0, 2:0:0:0:0, 2:0:0:0:0, 2:0:0:0:0, 3:0:0:0:0, 4:1:0:0:0, 1:0:0:0:0, 3:0:0:0:0, 2:0:0:0:0, 5:1:0:0:1, 2:0:0:0:0, 2:0:0:0:0, 5:0:0:0:0, 1:0:0:0:0, 0:0:0:0:0, 4:0:0:0:1, 4:1:0:0:2, 6:0:0:0:1, 1:0:0:0:0, 2:0:0:0:0, 2:0:1:0:1, 1:0:0:0:0, 1:0:0:0:0, 2:0:0:0:0, 2:0:0:0:0, 2:0:0:0:0, 2:0:0:0:0, 2:0:0:0:0, 3:0:0:0:0, 3:1:0:0:0, 0:0:0:0:0, 2:0:0:0:0, 2:0:0:0:0, 2:0:0:0:0, 2:0:0:0:0, 3:0:0:0:0, 3:0:0:0:0, 3:1:0:0:0, 0:0:0:0:0, 2:0:0:0:0, 2:0:0:0:0, 2:0:0:0:0, 2:0:0:0:0, 2:0:0:0:0, 4:0:0:0:0, 2:0:1:0:1,  , 3:0:0:0:0, 3:0:0:0:0, 2:0:0:0:0, 2:0:0:0:0, 1:0:0:0:0, 1:0:0:0:0, 2:0:0:0:0, 1:1:0:0:0, 2:0:0:0:0, 2:0:0:0:0, 2:0:0:0:0, 2:0:0:0:0, 2:0:0:0:0, 3:0:0:0:0, 3:0:0:0:0, 2:0:0:0:0, 3:0:0:0:1, 5:0:0:0:0, 3:0:0:0:1, 2:0:0:0:0, 2:0:0:0:0, 3:0:0:0:0, 6:0:0:0:1, 2:0:0:0:0, 2:0:0:0:0, 3:0:0:0:0, 2:0:0:0:0, 2:0:0:0:0, 3:0:0:0:1, 3:0:0:0:0, 5:0:0:0:1, 2:0:0:0:0, 2:0:0:0:0, 3:0:0:0:0, 2:0:0:0:0, 2:0:0:0:0, 2:0:0:0:0, 4:0:0:0:1, 3:0:0:0:0, 2:0:0:0:0, 3:0:0:0:1, 3:0:0:0:0, 2:0:0:0:0, 2:0:0:0:0, 2:0:0:0:0, 3:0:0:0:0, 2:0:0:0:0, 2:0:0:0:0, 2:0:0:0:0, 3:0:0:0:0, 2:0:0:0:0, 2:0:0:0:0, 1:0:0:0:0, 604:27:9:3:62
C minor (3b), 4:1:0:0:4, 4:1:0:0:4, 4:1:0:0:5, 4:1:0:0:5, 3:0:0:0:3, 5:2:0:0:7, 4:1:0:0:3, 5:2:0:0:5, 6:1:0:0:4, 4:1:0:0:4, 4:1:0:0:5, 4:1:0:0:5, 3:0:0:0:3, 5:2:0:0:7, 2:1:0:0:2,  , 1:0:0:0:0, 2:1:0:0:3, 2:0:0:0:1, 0:0:0:0:0, 4:1:0:0:3, 4:2:0:0:5, 3:1:0:0:4, 1:0:0:0:2, 4:1:0:0:4, 4:1:0:0:4, 4:1:0:0:6, 4:1:0:0:5, 3:0:0:0:3, 5:2:0:0:7, 4:1:0:0:3, 5:2:0:0:6, 2:0:0:0:1, 1:0:0:0:3, 3:0:0:0:1, 3:0:1:0:0, 2:0:0:0:1, 3:2:0:0:3, 2:0:0:0:1, 2:0:0:0:1, 4:3:1:0:4, 2:0:0:0:2, 2:0:0:0:0, 1:0:0:0:0, 2:0:1:0:0, 2:1:0:0:3, 3:0:0:0:1, 1:0:0:0:1, 3:1:0:0:3, 3:0:0:0:2, 1:0:0:0:1, 2:0:0:0:1, 3:0:0:0:1, 3:0:0:0:1, 3:0:0:0:1, 1:0:0:0:0, 1:0:0:0:0, 1:0:0:0:0, 1:0:0:0:0, 2:1:0:0:1, 1:0:2:0:0, 2:1:0:0:1, 2:0:0:0:2, 2:0:0:0:2, 3:1:0:0:2, 3:1:0:0:3, 3:1:0:0:2, 3:1:0:0:3, 3:0:0:0:5, 4:1:0:0:5, 4:1:0:0:5, 6:2:0:0:7, 3:1:0:0:2, 3:1:0:0:3, 3:1:0:0:2, 4:3:0:0:4, 3:0:0:0:5, 3:1:0:0:4, 3:2:0:0:3, 3:1:0:0:2, 3:1:0:0:2, 4:0:0:0:2, 4:0:1:0:1, 2:1:0:0:2, 3:3:0:0:5, 8:1:0:2:7, 5:2:0:0:4, 1:0:0:0:0, 3:1:0:0:5, 3:2:0:0:4, 4:1:0:0:4, 3:1:0:0:4, 3:0:0:0:4, 5:1:0:0:4, 4:1:0:0:5, 5:2:0:0:5, 3:2:0:0:3, 3:2:0:0:3, 3:2:0:0:3, 3:2:0:0:3, 3:0:0:0:4, 3:2:0:0:5, 4:1:0:0:3, 5:2:0:0:5, 4:2:0:0:3, 3:1:0:0:2, 4:2:0:0:3, 3:1:0:0:2, 4:1:0:0:5, 3:1:0:0:5, 2:1:0:0:3, 1:0:0:0:1, 2:1:0:0:1, 1:0:0:0:2, 2:0:0:0:2, 1:0:0:0:1, 3:1:0:0:3, 4:1:0:0:5, 2:2:0:0:2, 1:0:0:0:0, 3:1:0:0:4, 3:1:0:0:2, 3:1:0:0:4, 3:2:0:0:3, 3:0:0:0:3, 4:4:0:0:8, 6:1:0:0:4, 5:2:0:0:5, 3:2:0:0:5, 3:2:0:0:5, 3:2:0:0:5, 3:2:0:0:4, 3:0:0:0:5, 3:1:0:0:4, 7:1:0:0:5, 5:2:0:0:6, 4:1:0:0:4, 3:3:0:0:5, 4:2:0:0:4, 4:2:0:0:4, 5:6:0:3:6, 3:1:0:0:8, 3:2:0:0:5, 3:1:0:0:3, 3:0:0:0:1, 3:0:0:0:2, 3:0:0:0:3, 0:0:0:0:0, 5:4:0:0:8, 4:2:0:0:8, 3:3:0:0:3,  , 3:2:0:0:5, 3:2:0:0:4, 4:2:0:0:4, 6:1:0:0:3, 4:0:0:0:5, 4:2:0:0:8, 4:1:0:0:5, 5:2:0:0:5, 3:1:0:0:4, 3:1:0:0:4, 3:1:0:0:4, 3:1:0:0:3, 3:0:0:0:11, 3:3:0:0:11, 5:1:0:0:6, 5:4:0:0:9, 5:1:0:0:5, 3:2:0:0:3, 6:1:0:0:4, 3:2:0:0:6, 3:0:0:0:5, 5:3:0:0:8, 3:3:0:0:5, 1:0:0:0:0, 2:0:0:0:1, 2:0:0:0:2, 5:0:0:0:4, 0:0:0:0:0, 5:4:0:0:9, 5:2:0:0:7, 3:2:0:0:4, 1:0:0:0:1, 3:1:0:0:2, 3:1:0:0:2, 3:1:0:0:2, 3:1:0:0:2, 3:0:0:0:4, 3:2:0:0:5, 4:1:0:0:3, 5:2:0:0:5, 3:1:0:0:4, 3:1:0:0:2, 3:1:0:0:4, 3:1:0:0:2, 3:0:0:0:4, 3:1:0:0:4, 5:1:0:0:4, 5:3:0:0:7, 3:1:0:0:3, 3:2:0:0:3, 3:2:0:0:5, 3:2:0:0:5, 3:0:0:0:5, 4:1:0:0:5, 4:2:0:0:4,  , 2:0:0:0:1, 2:0:0:0:2, 3:0:0:0:3, 1:0:0:0:1, 4:2:0:0:5, 4:3:0:0:7, 2:2:0:0:2, 2:0:0:0:1, 3:2:0:0:5, 3:2:0:0:6, 3:2:0:0:5, 3:2:0:0:6, 3:0:0:0:4, 3:1:0:0:6, 5:2:0:0:7, 3:1:0:0:2, 4:1:0:0:5, 5:1:0:0:6, 5:3:0:0:8, 3:1:0:0:4, 3:0:0:0:5, 3:1:0:0:6, 9:2:0:0:6, 3:1:0:0:4, 3:0:0:0:4, 3:1:0:0:5, 5:2:0:0:6, 3:1:0:0:4, 4:1:0:0:5, 3:1:0:0:6, 7:3:0:0:8, 3:1:0:0:2, 3:0:0:0:4, 4:1:0:0:6, 4:2:0:0:6, 4:3:0:0:5, 3:0:0:0:4, 5:1:0:0:4, 6:2:0:0:7, 3:1:0:0:2, 4:1:0:0:6, 4:1:0:0:4, 5:2:0:0:7, 3:3:0:0:4, 3:0:0:0:4, 3:2:0:0:5, 5:2:0:0:6, 3:1:0:0:2, 3:0:0:0:3, 3:1:0:0:4, 4:2:0:0:5, 3:1:0:0:2, 0:0:0:0:0, 846:289:6:5:958
F# minor (3#), 2:0:0:0:0, 2:0:0:0:0, 2:0:0:0:0, 2:0:0:0:0, 2:0:0:0:0, 5:0:0:0:1, 3:1:0:0:0, 2:0:0:0:0, 4:0:0:0:0, 2:0:0:0:0, 2:0:0:0:0, 2:0:0:0:0, 2:0:0:0:0, 5:0:0:0:1, 1:0:0:0:0,  , 3:0:0:0:0, 3:0:0:0:1, 2:0:0:0:0, 2:1:0:0:1, 1:0:0:0:0, 2:0:1:0:1, 1:0:0:0:0, 1:0:0:0:0, 2:0:0:0:0, 2:0:0:0:0, 2:0:0:0:0, 2:0:0:0:0, 2:0:0:0:0, 5:0:0:0:1, 3:1:0:0:0, 2:0:0:0:0, 2:0:0:0:0, 2:0:0:0:0, 4:1:0:0:1, 2:2:0:0:2, 1:0:1:0:1, 3:0:0:0:0, 2:0:0:0:1, 1:0:0:0:0, 4:0:0:0:0, 2:0:0:0:0, 3:0:1:0:1, 3:0:2:0:3, 2:1:0:0:1, 3:0:0:0:1, 4:0:1:0:2, 1:0:0:0:0, 2:0:0:0:0, 4:0:0:0:0, 4:0:0:0:1, 2:0:0:0:0, 1:0:0:0:0, 2:0:0:0:0, 1:0:0:0:0, 2:1:0:0:1, 0:0:0:0:0, 0:0:0:0:0, 0:0:0:0:0, 0:0:0:0:0, 2:0:0:0:2, 2:0:0:0:2, 3:0:0:0:1, 2:0:0:0:0, 2:0:0:0:0, 2:0:0:0:0, 2:0:0:0:0, 2:0:0:0:0, 2:0:0:0:0, 3:0:0:0:0, 3:1:0:0:0, 2:0:0:3:3, 2:0:0:0:0, 2:0:0:0:0, 2:0:0:0:0, 4:0:0:0:1, 2:0:0:0:0, 3:0:0:0:0, 1:0:0:0:0, 1:0:0:0:0, 3:0:0:0:0, 4:0:0:0:1, 5:1:0:0:2, 3:0:1:0:1, 1:0:0:0:0, 5:0:0:0:1, 3:0:0:0:0, 1:0:0:0:0, 2:0:0:0:0, 3:0:0:0:1, 2:0:0:0:0, 2:0:0:0:0, 2:0:0:0:0, 4:1:0:0:0, 3:1:0:0:0, 0:0:0:0:0, 2:0:0:0:0, 2:0:0:0:0, 2:0:0:0:0, 2:0:0:0:0, 2:0:0:0:0, 3:0:0:0:0, 3:1:0:0:0, 0:0:0:0:0, 3:0:0:0:0, 2:0:0:0:0, 3:0:0:0:0, 2:0:0:0:0, 3:0:0:0:1, 3:0:0:0:0, 1:0:0:0:0, 0:0:0:0:0, 2:0:0:0:0, 2:0:0:0:0, 2:0:0:0:0, 2:0:0:0:0, 1:0:0:0:0, 1:0:0:0:0, 2:0:0:0:0, 1:0:0:0:0, 2:0:0:0:0, 2:0:0:0:0, 2:0:0:0:0, 2:0:0:0:0, 2:0:0:0:0, 4:0:0:0:0, 4:2:0:0:0, 2:0:0:0:0, 2:0:0:0:0, 2:0:0:0:0, 2:0:0:0:0, 2:0:0:0:0, 2:0:0:0:0, 3:0:0:0:0, 6:1:0:0:0, 0:0:0:0:0, 2:0:0:0:0, 2:0:0:0:0, 3:0:0:0:0, 4:0:0:0:1, 3:0:0:0:0, 3:0:0:0:0, 3:0:0:0:1, 4:0:0:0:1, 4:1:0:0:1, 6:0:0:0:3, 3:0:0:0:1, 1:0:0:0:0, 2:0:0:0:0, 1:0:0:0:0, 3:0:0:0:0,  , 2:0:0:0:0, 2:0:0:0:0, 2:0:0:0:0, 4:2:0:0:1, 3:1:0:0:1, 4:0:0:0:1, 3:1:0:0:0, 0:0:0:0:0, 2:0:0:0:0, 2:0:0:0:0, 2:0:0:0:0, 2:0:0:0:0, 2:0:0:0:0, 3:0:0:0:0, 4:1:0:0:0, 1:0:0:0:0, 3:0:0:0:0, 2:0:0:0:0, 5:1:0:0:1, 2:0:0:0:0, 2:0:0:0:0, 5:0:0:0:0, 1:0:0:0:0, 0:0:0:0:0, 4:0:0:0:1, 4:1:0:0:2, 6:0:0:0:1, 1:0:0:0:0, 2:0:0:0:0, 2:0:1:0:1, 1:0:0:0:0, 1:0:0:0:0, 2:0:0:0:0, 2:0:0:0:0, 2:0:0:0:0, 2:0:0:0:0, 2:0:0:0:0, 3:0:0:0:0, 3:1:0:0:0, 0:0:0:0:0, 2:0:0:0:0, 2:0:0:0:0, 2:0:0:0:0, 2:0:0:0:0, 3:0:0:0:0, 3:0:0:0:0, 3:1:0:0:0, 0:0:0:0:0, 2:0:0:0:0, 2:0:0:0:0, 2:0:0:0:0, 2:0:0:0:0, 2:0:0:0:0, 4:0:0:0:0, 2:0:1:0:1,  , 3:0:0:0:0, 3:0:0:0:0, 2:0:0:0:0, 2:0:0:0:0, 1:0:0:0:0, 1:0:0:0:0, 2:0:0:0:0, 1:1:0:0:0, 2:0:0:0:0, 2:0:0:0:0, 2:0:0:0:0, 2:0:0:0:0, 2:0:0:0:0, 3:0:0:0:0, 3:0:0:0:0, 2:0:0:0:0, 3:0:0:0:1, 5:0:0:0:0, 3:0:0:0:1, 2:0:0:0:0, 2:0:0:0:0, 3:0:0:0:0, 6:0:0:0:1, 2:0:0:0:0, 2:0:0:0:0, 3:0:0:0:0, 2:0:0:0:0, 2:0:0:0:0, 3:0:0:0:1, 3:0:0:0:0, 5:0:0:0:1, 2:0:0:0:0, 2:0:0:0:0, 3:0:0:0:0, 2:0:0:0:0, 2:0:0:0:0, 2:0:0:0:0, 4:0:0:0:1, 3:0:0:0:0, 2:0:0:0:0, 3:0:0:0:1, 3:0:0:0:0, 2:0:0:0:0, 2:0:0:0:0, 2:0:0:0:0, 3:0:0:0:0, 2:0:0:0:0, 2:0:0:0:0, 2:0:0:0:0, 3:0:0:0:0, 2:0:0:0:0, 2:0:0:0:0, 1:0:0:0:0, 604:27:9:3:62
Ab major (4b), 5:1:0:0:6, 5:1:0:0:6, 5:1:0:0:7, 5:1:0:0:8, 4:0:0:0:4, 5:2:0:0:8, 5:1:0:0:3, 6:2:0:0:6, 7:1:0:0:6, 5:1:0:0:6, 5:1:0:0:7, 5:1:0:0:8, 4:0:0:0:4, 5:2:0:0:8, 3:1:0:0:2,  , 2:0:0:0:2, 3:1:0:0:3, 3:0:0:0:2, 1:0:0:0:0, 4:1:0:0:5, 5:2:0:0:6, 4:1:0:0:5, 2:0:0:0:2, 5:1:0:0:6, 5:1:0:0:6, 5:1:0:0:8, 5:1:0:0:8, 4:0:0:0:4, 5:2:0:0:8, 5:1:0:0:3, 6:2:0:0:7, 2:0:0:0:3, 1:0:0:0:3, 3:0:0:0:2, 4:0:1:0:1, 3:0:0:0:1, 4:2:0:0:4, 3:0:0:0:1, 2:0:0:0:2, 4:3:1:0:6, 2:0:0:0:3, 3:0:0:0:1, 0:0:0:0:0, 3:0:1:0:0, 3:1:0:0:3, 4:0:0:0:1, 1:0:0:0:1, 3:1:0:0:4, 3:0:0:0:2, 2:0:0:0:1, 3:0:0:0:2, 3:0:0:0:2, 2:0:0:0:1, 4:0:0:0:2, 2:0:0:0:0, 1:0:0:0:3, 1:0:0:0:1, 1:0:0:0:4, 2:1:0:0:4, 2:0:2:0:0, 2:1:0:0:2, 3:0:0:0:2, 2:0:0:0:2, 4:1:0:0:4, 4:1:0:0:5, 4:1:0:0:4, 4:1:0:0:5, 4:0:0:0:6, 4:1:0:0:6, 5:1:0:0:5, 7:2:0:0:9, 4:1:0:0:4, 4:1:0:0:7, 4:1:0:0:4, 5:3:0:0:7, 4:0:0:0:6, 3:1:0:0:4, 4:2:0:0:4, 4:1:0:0:4, 4:1:0:0:3, 5:0:0:0:4, 5:0:1:0:2, 2:1:0:0:2, 3:1:0:0:6, 9:1:0:2:8, 6:2:0:0:6, 2:0:0:0:1, 4:1:0:0:8, 4:2:0:0:8, 5:1:0:0:8, 4:1:0:0:6, 4:0:0:0:5, 5:1:0:0:7, 5:1:0:0:5, 6:2:0:0:6, 4:2:0:0:5, 4:2:0:0:5, 4:2:0:0:5, 4:2:0:0:5, 4:0:0:0:5, 3:1:0:0:4, 5:1:0:0:3, 6:2:0:0:6, 5:2:0:0:6, 4:1:0:0:5, 5:2:0:0:6, 4:1:0:0:5, 5:1:0:0:6, 3:1:0:0:5, 3:1:0:0:3, 1:0:0:0:1, 3:1:0:0:3, 2:0:0:0:2, 3:0:0:0:3, 1:0:0:0:1, 3:1:0:0:4, 5:1:0:0:6, 3:2:0:0:3, 2:0:0:0:0, 4:1:0:0:6, 4:1:0:0:5, 4:1:0:0:6, 4:2:0:0:5, 4:0:0:0:4, 4:3:0:0:7, 7:1:0:0:6, 6:2:0:0:6, 4:2:0:0:8, 4:2:0:0:8, 4:2:0:0:8, 4:2:0:0:7, 4:0:0:0:6, 3:1:0:0:4, 8:1:0:0:5, 6:2:0:0:8, 5:1:0:0:6, 4:3:0:0:7, 5:2:0:0:7, 5:2:0:0:8, 6:6:0:3:10, 3:1:0:0:8, 4:2:0:0:5, 3:1:0:0:4, 4:0:0:0:3, 4:0:0:0:2, 4:0:0:0:5, 0:0:0:0:0, 5:3:0:0:9, 5:2:0:0:10, 4:3:0:0:5,  , 4:2:0:0:7, 4:2:0:0:7, 5:2:0:0:8, 7:1:0:0:5, 5:0:0:0:6, 4:1:0:0:7, 5:1:0:0:5, 6:2:0:0:6, 4:1:0:0:7, 4:1:0:0:7, 4:1:0:0:7, 4:1:0:0:7, 4:0:0:0:12, 4:1:0:0:9, 6:1:0:0:6, 6:4:0:0:11, 6:1:0:0:8, 4:2:0:0:5, 7:1:0:0:6, 4:2:0:0:8, 4:0:0:0:6, 5:4:0:0:9, 4:3:0:0:7, 1:0:0:0:1, 3:0:0:0:4, 3:0:0:0:2, 6:0:0:0:6, 0:0:0:0:0, 5:2:0:0:9, 6:2:0:0:9, 4:2:0:0:6, 2:0:0:0:1, 4:1:0:0:4, 4:1:0:0:4, 4:1:0:0:4, 4:1:0:0:4, 4:0:0:0:5, 4:1:0:0:4, 5:1:0:0:3, 6:2:0:0:6, 4:1:0:0:7, 4:1:0:0:4, 4:1:0:0:7, 4:1:0:0:4, 4:0:0:0:6, 3:1:0:0:4, 6:1:0:0:5, 6:3:0:0:8, 4:1:0:0:6, 4:2:0:0:5, 4:2:0:0:7, 4:2:0:0:7, 4:0:0:0:6, 4:1:0:0:5, 5:2:0:0:4,  , 3:0:0:0:2, 3:0:0:0:3, 4:0:0:0:4, 2:0:0:0:1, 4:1:0:0:5, 5:3:0:0:9, 3:2:0:0:4, 2:0:0:0:2, 4:2:0:0:7, 4:2:0:0:8, 4:2:0:0:7, 4:2:0:0:8, 4:0:0:0:5, 4:1:0:0:6, 6:2:0:0:7, 4:1:0:0:4, 5:1:0:0:6, 5:2:0:0:7, 6:3:0:0:8, 4:1:0:0:6, 4:0:0:0:7, 4:1:0:0:6, 10:2:0:0:8, 4:1:0:0:6, 4:0:0:0:6, 3:1:0:0:5, 6:2:0:0:7, 4:1:0:0:6, 5:1:0:0:6, 3:1:0:0:6, 8:3:0:0:9, 4:1:0:0:4, 4:0:0:0:5, 4:1:0:0:7, 5:2:0:0:6, 5:3:0:0:8, 4:0:0:0:5, 5:1:0:0:6, 7:2:0:0:9, 4:1:0:0:4, 5:1:0:0:7, 4:1:0:0:5, 6:2:0:0:8, 4:3:0:0:7, 4:0:0:0:5, 3:1:0:0:4, 6:2:0:0:7, 4:1:0:0:5, 4:0:0:0:4, 3:1:0:0:4, 5:2:0:0:5, 4:1:0:0:4, 0:0:0:0:0, 1046:278:6:5:1305
E major (4#), 3:0:0:0:0, 3:0:0:0:0, 3:0:0:0:0, 3:0:0:0:0, 3:0:0:0:0, 5:0:0:0:0, 4:1:0:0:1, 3:0:0:0:0, 5:0:0:0:0, 3:0:0:0:0, 3:0:0:0:0, 3:0:0:0:0, 3:0:0:0:0, 5:0:0:0:0, 2:0:0:0:0,  , 4:0:0:0:0, 4:0:0:0:0, 3:0:0:0:0, 3:1:0:0:1, 1:0:0:0:0, 3:0:1:0:1, 2:0:0:0:0, 2:0:0:0:0, 3:0:0:0:0, 3:0:0:0:0, 3:0:0:0:0, 3:0:0:0:0, 3:0:0:0:0, 5:0:0:0:0, 4:1:0:0:1, 3:0:0:0:0, 2:0:0:0:0, 2:0:0:0:0, 4:1:0:0:1, 3:2:0:0:2, 2:0:1:0:1, 4:0:0:0:0, 3:0:0:0:0, 1:0:0:0:0, 4:0:0:0:0, 2:0:0:0:0, 4:0:1:0:1, 3:0:2:0:2, 2:0:0:0:0, 4:0:0:0:0, 5:0:1:0:1, 1:0:0:0:0, 2:0:0:0:0, 3:0:0:0:0, 3:0:0:0:0, 3:0:0:0:0, 1:0:0:0:0, 2:0:0:0:0, 2:0:0:0:0, 2:0:0:0:0, 0:0:0:0:0, 0:0:0:0:0, 0:0:0:0:0, 0:0:0:0:0, 3:0:0:0:0, 2:0:0:0:0, 4:0:0:0:0, 2:0:0:0:0, 3:0:0:0:0, 3:0:0:0:0, 3:0:0:0:0, 3:0:0:0:0, 3:0:0:0:0, 3:0:0:0:0, 4:1:0:0:1, 3:0:0:3:3, 3:0:0:0:0, 3:0:0:0:0, 3:0:0:0:0, 5:0:0:0:0, 3:0:0:0:0, 3:0:0:0:0, 2:0:0:0:0, 2:0:0:0:0, 4:0:0:0:0, 5:0:0:0:0, 6:1:0:0:1, 3:0:1:0:1, 1:0:0:0:0, 6:0:0:0:0, 4:0:0:0:0, 2:0:0:0:0, 3:0:0:0:0, 4:0:0:0:0, 3:0:0:0:0, 3:0:0:0:0, 3:0:0:0:0, 4:1:0:0:1, 4:1:0:0:1, 1:0:0:0:0, 3:0:0:0:0, 3:0:0:0:0, 3:0:0:0:0, 3:0:0:0:0, 3:0:0:0:0, 3:0:0:0:0, 4:1:0:0:1, 1:0:0:0:0, 4:0:0:0:0, 3:0:0:0:0, 4:0:0:0:0, 3:0:0:0:0, 4:0:0:0:0, 3:0:0:0:0, 2:0:0:0:0, 0:0:0:0:0, 3:0:0:0:0, 3:0:0:0:0, 3:0:0:0:0, 2:0:0:0:0, 1:0:0:0:0, 2:0:0:0:0, 3:0:0:0:0, 2:0:0:0:0, 3:0:0:0:0, 3:0:0:0:0, 3:0:0:0:0, 3:0:0:0:0, 3:0:0:0:0, 3:0:0:0:0, 5:2:0:0:2, 3:0:0:0:0, 3:0:0:0:0, 3:0:0:0:0, 3:0:0:0:0, 3:0:0:0:0, 3:0:0:0:0, 3:0:0:0:0, 7:1:0:0:1, 1:0:0:0:0, 3:0:0:0:0, 3:0:0:0:0, 4:0:0:0:0, 5:0:0:0:0, 4:0:0:0:0, 3:0:0:0:0, 4:0:0:0:0, 4:0:0:0:0, 5:1:0:0:1, 7:0:0:0:0, 4:0:0:0:0, 1:0:0:0:0, 2:0:0:0:0, 2:0:0:0:0, 4:0:0:0:0,  , 3:0:0:0:0, 3:0:0:0:0, 3:0:0:0:0, 5:2:0:0:2, 4:1:0:0:1, 4:0:0:0:0, 4:1:0:0:1, 1:0:0:0:0, 3:0:0:0:0, 3:0:0:0:0, 3:0:0:0:0, 3:0:0:0:0, 3:0:0:0:0, 4:0:0:0:0, 5:1:0:0:1, 2:0:0:0:0, 4:0:0:0:0, 3:0:0:0:0, 6:1:0:0:1, 3:0:0:0:0, 3:0:0:0:0, 4:0:0:0:0, 2:0:0:0:0, 0:0:0:0:0, 5:0:0:0:0, 5:1:0:0:1, 7:0:0:0:0, 1:0:0:0:0, 2:0:0:0:0, 3:0:1:0:1, 2:0:0:0:0, 2:0:0:0:0, 3:0:0:0:0, 3:0:0:0:0, 3:0:0:0:0, 3:0:0:0:0, 3:0:0:0:0, 4:0:0:0:0, 4:1:0:0:1, 1:0:0:0:0, 3:0:0:0:0, 3:0:0:0:0, 3:0:0:0:0, 3:0:0:0:0, 4:0:0:0:0, 3:0:0:0:0, 4:1:0:0:1, 1:0:0:0:0, 3:0:0:0:0, 3:0:0:0:0, 3:0:0:0:0, 3:0:0:0:0, 3:0:0:0:0, 4:0:0:0:0, 3:0:1:0:1,  , 4:0:0:0:0, 4:0:0:0:0, 3:0:0:0:0, 3:0:0:0:0, 1:0:0:0:0, 2:0:0:0:0, 3:0:0:0:0, 1:1:0:0:1, 3:0:0:0:0, 3:0:0:0:0, 3:0:0:0:0, 3:0:0:0:0, 3:0:0:0:0, 4:0:0:0:0, 4:0:0:0:0, 3:0:0:0:0, 4:0:0:0:0, 4:0:0:0:0, 4:0:0:0:0, 3:0:0:0:0, 3:0:0:0:0, 4:0:0:0:0, 7:0:0:0:0, 3:0:0:0:0, 3:0:0:0:0, 3:0:0:0:0, 3:0:0:0:0, 3:0:0:0:0, 4:0:0:0:0, 3:0:0:0:0, 6:0:0:0:0, 3:0:0:0:0, 3:0:0:0:0, 3:0:0:0:0, 3:0:0:0:0, 3:0:0:0:0, 3:0:0:0:0, 4:0:0:0:0, 4:0:0:0:0, 3:0:0:0:0, 4:0:0:0:0, 3:0:0:0:0, 3:0:0:0:0, 3:0:0:0:0, 3:0:0:0:0, 3:0:0:0:0, 3:0:0:0:0, 3:0:0:0:0, 3:0:0:0:0, 3:0:0:0:0, 3:0:0:0:0, 3:0:0:0:0, 1:0:0:0:0, 798:25:9:3:37
F minor (4b), 5:1:0:0:6, 5:1:0:0:6, 5:1:0:0:7, 5:1:0:0:8, 4:0:0:0:4, 5:2:0:0:8, 5:1:0:0:3, 6:2:0:0:6, 7:1:0:0:6, 5:1:0:0:6, 5:1:0:0:7, 5:1:0:0:8, 4:0:0:0:4, 5:2:0:0:8, 3:1:0:0:2,  , 2:0:0:0:2, 3:1:0:0:3, 3:0:0:0:2, 1:0:0:0:0, 4:1:0:0:5, 5:2:0:0:6, 4:1:0:0:5, 2:0:0:0:2, 5:1:0:0:6, 5:1:0:0:6, 5:1:0:0:8, 5:1:0:0:8, 4:0:0:0:4, 5:2:0:0:8, 5:1:0:0:3, 6:2:0:0:7, 2:0:0:0:3, 1:0:0:0:3, 3:0:0:0:2, 4:0:1:0:1, 3:0:0:0:1, 4:2:0:0:4, 3:0:0:0:1, 2:0:0:0:2, 4:3:1:0:6, 2:0:0:0:3, 3:0:0:0:1, 0:0:0:0:0, 3:0:1:0:0, 3:1:0:0:3, 4:0:0:0:1, 1:0:0:0:1, 3:1:0:0:4, 3:0:0:0:2, 2:0:0:0:1, 3:0:0:0:2, 3:0:0:0:2, 2:0:0:0:1, 4:0:0:0:2, 2:0:0:0:0, 1:0:0:0:3, 1:0:0:0:1, 1:0:0:0:4, 2:1:0:0:4, 2:0:2:0:0, 2:1:0:0:2, 3:0:0:0:2, 2:0:0:0:2, 4:1:0:0:4, 4:1:0:0:5, 4:1:0:0:4, 4:1:0:0:5, 4:0:0:0:6, 4:1:0:0:6, 5:1:0:0:5, 7:2:0:0:9, 4:1:0:0:4, 4:1:0:0:7, 4:1:0:0:4, 5:3:0:0:7, 4:0:0:0:6, 3:1:0:0:4, 4:2:0:0:4, 4:1:0:0:4, 4:1:0:0:3, 5:0:0:0:4, 5:0:1:0:2, 2:1:0:0:2, 3:1:0:0:6, 9:1:0:2:8, 6:2:0:0:6, 2:0:0:0:1, 4:1:0:0:8, 4:2:0:0:8, 5:1:0:0:8, 4:1:0:0:6, 4:0:0:0:5, 5:1:0:0:7, 5:1:0:0:5, 6:2:0:0:6, 4:2:0:0:5, 4:2:0:0:5, 4:2:0:0:5, 4:2:0:0:5, 4:0:0:0:5, 3:1:0:0:4, 5:1:0:0:3, 6:2:0:0:6, 5:2:0:0:6, 4:1:0:0:5, 5:2:0:0:6, 4:1:0:0:5, 5:1:0:0:6, 3:1:0:0:5, 3:1:0:0:3, 1:0:0:0:1, 3:1:0:0:3, 2:0:0:0:2, 3:0:0:0:3, 1:0:0:0:1, 3:1:0:0:4, 5:1:0:0:6, 3:2:0:0:3, 2:0:0:0:0, 4:1:0:0:6, 4:1:0:0:5, 4:1:0:0:6, 4:2:0:0:5, 4:0:0:0:4, 4:3:0:0:7, 7:1:0:0:6, 6:2:0:0:6, 4:2:0:0:8, 4:2:0:0:8, 4:2:0:0:8, 4:2:0:0:7, 4:0:0:0:6, 3:1:0:0:4, 8:1:0:0:5, 6:2:0:0:8, 5:1:0:0:6, 4:3:0:0:7, 5:2:0:0:7, 5:2:0:0:8, 6:6:0:3:10, 3:1:0:0:8, 4:2:0:0:5, 3:1:0:0:4, 4:0:0:0:3, 4:0:0:0:2, 4:0:0:0:5, 0:0:0:0:0, 5:3:0:0:9, 5:2:0:0:10, 4:3:0:0:5,  , 4:2:0:0:7, 4:2:0:0:7, 5:2:0:0:8, 7:1:0:0:5, 5:0:0:0:6, 4:1:0:0:7, 5:1:0:0:5, 6:2:0:0:6, 4:1:0:0:7, 4:1:0:0:7, 4:1:0:0:7, 4:1:0:0:7, 4:0:0:0:12, 4:1:0:0:9, 6:1:0:0:6, 6:4:0:0:11, 6:1:0:0:8, 4:2:0:0:5, 7:1:0:0:6, 4:2:0:0:8, 4:0:0:0:6, 5:4:0:0:9, 4:3:0:0:7, 1:0:0:0:1, 3:0:0:0:4, 3:0:0:0:2, 6:0:0:0:6, 0:0:0:0:0, 5:2:0:0:9, 6:2:0:0:9, 4:2:0:0:6, 2:0:0:0:1, 4:1:0:0:4, 4:1:0:0:4, 4:1:0:0:4, 4:1:0:0:4, 4:0:0:0:5, 4:1:0:0:4, 5:1:0:0:3, 6:2:0:0:6, 4:1:0:0:7, 4:1:0:0:4, 4:1:0:0:7, 4:1:0:0:4, 4:0:0:0:6, 3:1:0:0:4, 6:1:0:0:5, 6:3:0:0:8, 4:1:0:0:6, 4:2:0:0:5, 4:2:0:0:7, 4:2:0:0:7, 4:0:0:0:6, 4:1:0:0:5, 5:2:0:0:4,  , 3:0:0:0:2, 3:0:0:0:3, 4:0:0:0:4, 2:0:0:0:1, 4:1:0:0:5, 5:3:0:0:9, 3:2:0:0:4, 2:0:0:0:2, 4:2:0:0:7, 4:2:0:0:8, 4:2:0:0:7, 4:2:0:0:8, 4:0:0:0:5, 4:1:0:0:6, 6:2:0:0:7, 4:1:0:0:4, 5:1:0:0:6, 5:2:0:0:7, 6:3:0:0:8, 4:1:0:0:6, 4:0:0:0:7, 4:1:0:0:6, 10:2:0:0:8, 4:1:0:0:6, 4:0:0:0:6, 3:1:0:0:5, 6:2:0:0:7, 4:1:0:0:6, 5:1:0:0:6, 3:1:0:0:6, 8:3:0:0:9, 4:1:0:0:4, 4:0:0:0:5, 4:1:0:0:7, 5:2:0:0:6, 5:3:0:0:8, 4:0:0:0:5, 5:1:0:0:6, 7:2:0:0:9, 4:1:0:0:4, 5:1:0:0:7, 4:1:0:0:5, 6:2:0:0:8, 4:3:0:0:7, 4:0:0:0:5, 3:1:0:0:4, 6:2:0:0:7, 4:1:0:0:5, 4:0:0:0:4, 3:1:0:0:4, 5:2:0:0:5, 4:1:0:0:4, 0:0:0:0:0, 1046:278:6:5:1305
C# minor (4#), 3:0:0:0:0, 3:0:0:0:0, 3:0:0:0:0, 3:0:0:0:0, 3:0:0:0:0, 5:0:0:0:0, 4:1:0:0:1, 3:0:0:0:0, 5:0:0:0:0, 3:0:0:0:0, 3:0:0:0:0, 3:0:0:0:0, 3:0:0:0:0, 5:0:0:0:0, 2:0:0:0:0,  , 4:0:0:0:0, 4:0:0:0:0, 3:0:0:0:0, 3:1:0:0:1, 1:0:0:0:0, 3:0:1:0:1, 2:0:0:0:0, 2:0:0:0:0, 3:0:0:0:0, 3:0:0:0:0, 3:0:0:0:0, 3:0:0:0:0, 3:0:0:0:0, 5:0:0:0:0, 4:1:0:0:1, 3:0:0:0:0, 2:0:0:0:0, 2:0:0:0:0, 4:1:0:0:1, 3:2:0:0:2, 2:0:1:0:1, 4:0:0:0:0, 3:0:0:0:0, 1:0:0:0:0, 4:0:0:0:0, 2:0:0:0:0, 4:0:1:0:1, 3:0:2:0:2, 2:0:0:0:0, 4:0:0:0:0, 5:0:1:0:1, 1:0:0:0:0, 2:0:0:0:0, 3:0:0:0:0, 3:0:0:0:0, 3:0:0:0:0, 1:0:0:0:0, 2:0:0:0:0, 2:0:0:0:0, 2:0:0:0:0, 0:0:0:0:0, 0:0:0:0:0, 0:0:0:0:0, 0:0:0:0:0, 3:0:0:0:0, 2:0:0:0:0, 4:0:0:0:0, 2:0:0:0:0, 3:0:0:0:0, 3:0:0:0:0, 3:0:0:0:0, 3:0:0:0:0, 3:0:0:0:0, 3:0:0:0:0, 4:1:0:0:1, 3:0:0:3:3, 3:0:0:0:0, 3:0:0:0:0, 3:0:0:0:0, 5:0:0:0:0, 3:0:0:0:0, 3:0:0:0:0, 2:0:0:0:0, 2:0:0:0:0, 4:0:0:0:0, 5:0:0:0:0, 6:1:0:0:1, 3:0:1:0:1, 1:0:0:0:0, 6:0:0:0:0, 4:0:0:0:0, 2:0:0:0:0, 3:0:0:0:0, 4:0:0:0:0, 3:0:0:0:0, 3:0:0:0:0, 3:0:0:0:0, 4:1:0:0:1, 4:1:0:0:1, 1:0:0:0:0, 3:0:0:0:0, 3:0:0:0:0, 3:0:0:0:0, 3:0:0:0:0, 3:0:0:0:0, 3:0:0:0:0, 4:1:0:0:1, 1:0:0:0:0, 4:0:0:0:0, 3:0:0:0:0, 4:0:0:0:0, 3:0:0:0:0, 4:0:0:0:0, 3:0:0:0:0, 2:0:0:0:0, 0:0:0:0:0, 3:0:0:0:0, 3:0:0:0:0, 3:0:0:0:0, 2:0:0:0:0, 1:0:0:0:0, 2:0:0:0:0, 3:0:0:0:0, 2:0:0:0:0, 3:0:0:0:0, 3:0:0:0:0, 3:0:0:0:0, 3:0:0:0:0, 3:0:0:0:0, 3:0:0:0:0, 5:2:0:0:2, 3:0:0:0:0, 3:0:0:0:0, 3:0:0:0:0, 3:0:0:0:0, 3:0:0:0:0, 3:0:0:0:0, 3:0:0:0:0, 7:1:0:0:1, 1:0:0:0:0, 3:0:0:0:0, 3:0:0:0:0, 4:0:0:0:0, 5:0:0:0:0, 4:0:0:0:0, 3:0:0:0:0, 4:0:0:0:0, 4:0:0:0:0, 5:1:0:0:1, 7:0:0:0:0, 4:0:0:0:0, 1:0:0:0:0, 2:0:0:0:0, 2:0:0:0:0, 4:0:0:0:0,  , 3:0:0:0:0, 3:0:0:0:0, 3:0:0:0:0, 5:2:0:0:2, 4:1:0:0:1, 4:0:0:0:0, 4:1:0:0:1, 1:0:0:0:0, 3:0:0:0:0, 3:0:0:0:0, 3:0:0:0:0, 3:0:0:0:0, 3:0:0:0:0, 4:0:0:0:0, 5:1:0:0:1, 2:0:0:0:0, 4:0:0:0:0, 3:0:0:0:0, 6:1:0:0:1, 3:0:0:0:0, 3:0:0:0:0, 4:0:0:0:0, 2:0:0:0:0, 0:0:0:0:0, 5:0:0:0:0, 5:1:0:0:1, 7:0:0:0:0, 1:0:0:0:0, 2:0:0:0:0, 3:0:1:0:1, 2:0:0:0:0, 2:0:0:0:0, 3:0:0:0:0, 3:0:0:0:0, 3:0:0:0:0, 3:0:0:0:0, 3:0:0:0:0, 4:0:0:0:0, 4:1:0:0:1, 1:0:0:0:0, 3:0:0:0:0, 3:0:0:0:0, 3:0:0:0:0, 3:0:0:0:0, 4:0:0:0:0, 3:0:0:0:0, 4:1:0:0:1, 1:0:0:0:0, 3:0:0:0:0, 3:0:0:0:0, 3:0:0:0:0, 3:0:0:0:0, 3:0:0:0:0, 4:0:0:0:0, 3:0:1:0:1,  , 4:0:0:0:0, 4:0:0:0:0, 3:0:0:0:0, 3:0:0:0:0, 1:0:0:0:0, 2:0:0:0:0, 3:0:0:0:0, 1:1:0:0:1, 3:0:0:0:0, 3:0:0:0:0, 3:0:0:0:0, 3:0:0:0:0, 3:0:0:0:0, 4:0:0:0:0, 4:0:0:0:0, 3:0:0:0:0, 4:0:0:0:0, 4:0:0:0:0, 4:0:0:0:0, 3:0:0:0:0, 3:0:0:0:0, 4:0:0:0:0, 7:0:0:0:0, 3:0:0:0:0, 3:0:0:0:0, 3:0:0:0:0, 3:0:0:0:0, 3:0:0:0:0, 4:0:0:0:0, 3:0:0:0:0, 6:0:0:0:0, 3:0:0:0:0, 3:0:0:0:0, 3:0:0:0:0, 3:0:0:0:0, 3:0:0:0:0, 3:0:0:0:0, 4:0:0:0:0, 4:0:0:0:0, 3:0:0:0:0, 4:0:0:0:0, 3:0:0:0:0, 3:0:0:0:0, 3:0:0:0:0, 3:0:0:0:0, 3:0:0:0:0, 3:0:0:0:0, 3:0:0:0:0, 3:0:0:0:0, 3:0:0:0:0, 3:0:0:0:0, 3:0:0:0:0, 1:0:0:0:0, 798:25:9:3:37
Db major (5b), 6:1:0:0:8, 6:1:0:0:8, 6:1:0:0:9, 6:1:0:0:9, 5:0:0:0:6, 6:2:0:0:8, 6:1:0:0:4, 7:2:0:0:8, 8:1:0:0:8, 6:1:0:0:8, 6:1:0:0:9, 6:1:0:0:9, 5:0:0:0:6, 6:2:0:0:8, 4:1:0:0:3,  , 3:0:0:0:3, 4:1:0:0:4, 4:0:0:0:6, 1:0:0:0:2, 5:1:0:0:5, 6:2:0:0:7, 4:1:0:0:8, 2:0:0:0:4, 6:1:0:0:8, 6:1:0:0:8, 6:1:0:0:10, 6:1:0:0:9, 5:0:0:0:6, 6:2:0:0:8, 6:1:0:0:4, 7:2:0:0:9, 3:0:0:0:3, 2:0:0:0:3, 4:0:0:0:2, 3:0:1:0:3, 3:0:0:0:2, 4:0:0:0:3, 3:0:0:0:3, 3:0:0:0:2, 4:0:0:0:3, 3:0:0:0:3, 4:0:0:0:3, 1:0:0:0:0, 4:0:1:0:1, 4:1:0:0:5, 5:0:0:0:2, 2:0:0:0:1, 4:1:0:0:4, 4:0:0:0:2, 3:0:0:0:4, 4:0:0:0:3, 2:0:0:0:2, 3:0:0:0:1, 5:0:0:0:3, 2:0:0:0:2, 1:0:0:0:3, 1:0:0:0:1, 1:0:0:0:4, 2:1:0:0:4, 3:0:2:0:1, 2:0:0:0:1, 4:0:0:0:3, 3:0:0:0:2, 5:1:0:0:5, 5:1:0:0:6, 5:1:0:0:5, 5:1:0:0:6, 5:0:0:0:8, 5:1:0:0:6, 6:1:0:0:6, 8:2:0:0:11, 5:1:0:0:5, 5:1:0:0:8, 5:1:0:0:5, 6:3:0:0:10, 5:0:0:0:11, 4:1:0:0:4, 5:2:0:0:5, 5:1:0:0:5, 4:1:0:0:6, 6:0:0:0:5, 6:0:1:0:4, 2:0:0:0:1, 4:1:0:0:6, 10:3:0:0:10, 7:1:0:0:7, 2:0:0:0:2, 5:1:0:0:9, 5:2:0:0:10, 6:1:0:0:9, 5:1:0:0:8, 5:0:0:0:7, 6:1:0:0:7, 6:1:0:0:7, 6:2:0:0:9, 5:2:0:0:6, 5:2:0:0:6, 5:2:0:0:6, 5:2:0:0:6, 5:0:0:0:8, 4:1:0:0:4, 6:1:0:0:6, 6:2:0:0:8, 6:2:0:0:7, 5:1:0:0:6, 6:2:0:0:7, 5:1:0:0:6, 6:1:0:0:8, 4:1:0:0:5, 4:1:0:0:4, 1:0:0:0:1, 3:1:0:0:4, 3:0:0:0:3, 4:0:0:0:4, 2:0:0:0:1, 4:1:0:0:4, 6:1:0:0:7, 4:1:0:0:4, 1:0:0:0:1, 5:1:0:0:7, 5:1:0:0:6, 5:1:0:0:7, 5:2:0:0:7, 5:0:0:0:9, 5:3:0:0:7, 8:1:0:0:8, 7:2:0:0:8, 5:2:0:0:9, 5:2:0:0:9, 5:2:0:0:9, 5:2:0:0:9, 5:0:0:0:11, 4:1:0:0:4, 9:1:0:0:8, 6:2:0:0:11, 6:1:0:0:8, 5:3:0:0:8, 6:2:0:0:8, 6:2:0:0:10, 7:6:0:3:13, 4:1:0:0:8, 5:2:0:0:8, 4:1:0:0:4, 5:0:0:0:5, 5:0:0:0:3, 5:0:0:0:7, 1:0:0:0:0, 6:3:0:0:9, 6:2:0:0:11, 5:2:0:0:6,  , 5:2:0:0:8, 5:2:0:0:9, 6:2:0:0:10, 8:1:0:0:7, 6:0:0:0:9, 5:1:0:0:7, 6:1:0:0:8, 6:2:0:0:8, 5:1:0:0:9, 5:1:0:0:9, 5:1:0:0:9, 5:1:0:0:9, 5:0:0:0:14, 5:1:0:0:10, 7:1:0:0:8, 6:4:0:0:13, 7:1:0:0:10, 5:2:0:0:7, 8:1:0:0:7, 5:2:0:0:10, 5:0:0:0:11, 6:4:0:0:10, 5:3:0:0:9, 1:0:0:0:1, 4:0:0:0:6, 4:0:0:0:4, 7:0:0:0:7, 1:0:0:0:0, 6:2:0:0:9, 7:2:0:0:11, 4:1:0:0:7, 2:0:0:0:3, 5:1:0:0:5, 5:1:0:0:5, 5:1:0:0:5, 5:1:0:0:5, 5:0:0:0:7, 5:1:0:0:5, 6:1:0:0:4, 6:2:0:0:8, 5:1:0:0:8, 5:1:0:0:5, 5:1:0:0:8, 5:1:0:0:5, 5:0:0:0:10, 4:1:0:0:4, 7:1:0:0:8, 6:3:0:0:10, 5:1:0:0:7, 5:2:0:0:7, 5:2:0:0:9, 5:2:0:0:9, 5:0:0:0:8, 5:1:0:0:5, 6:2:0:0:6,  , 4:0:0:0:4, 4:0:0:0:4, 5:0:0:0:6, 3:0:0:0:2, 5:1:0:0:5, 6:3:0:0:10, 3:1:0:0:5, 2:0:0:0:2, 5:2:0:0:8, 5:2:0:0:9, 5:2:0:0:8, 5:2:0:0:9, 5:0:0:0:9, 5:1:0:0:8, 7:2:0:0:11, 5:1:0:0:5, 6:1:0:0:8, 6:2:0:0:8, 7:3:0:0:10, 5:1:0:0:8, 5:0:0:0:9, 5:1:0:0:8, 11:2:0:0:10, 5:1:0:0:8, 5:0:0:0:9, 4:1:0:0:5, 7:2:0:0:11, 5:1:0:0:7, 6:1:0:0:9, 4:1:0:0:6, 9:3:0:0:12, 5:1:0:0:5, 5:0:0:0:8, 5:1:0:0:7, 6:2:0:0:9, 6:3:0:0:9, 5:0:0:0:8, 6:1:0:0:6, 8:2:0:0:11, 5:1:0:0:5, 6:1:0:0:10, 5:1:0:0:5, 7:2:0:0:11, 5:3:0:0:8, 5:0:0:0:7, 4:1:0:0:4, 7:2:0:0:10, 5:1:0:0:6, 5:0:0:0:6, 4:1:0:0:4, 6:2:0:0:7, 5:1:0:0:5, 1:0:0:0:0, 1268:268:5:3:1659
B major (5#), 4:0:0:0:0, 4:0:0:0:0, 4:0:0:0:0, 4:0:0:0:0, 4:0:0:0:1, 4:0:0:0:0, 4:1:0:0:1, 4:0:0:0:0, 6:0:0:0:0, 4:0:0:0:0, 4:0:0:0:0, 4:0:0:0:0, 4:0:0:0:1, 4:0:0:0:0, 2:0:0:0:0,  , 5:0:0:0:1, 3:0:0:0:1, 4:0:0:0:0, 3:1:0:0:1, 2:0:0:0:0, 4:0:1:0:1, 3:0:0:0:0, 2:0:0:0:1, 4:0:0:0:0, 4:0:0:0:0, 4:0:0:0:0, 4:0:0:0:0, 4:0:0:0:1, 4:0:0:0:0, 4:1:0:0:1, 4:0:0:0:0, 3:0:0:0:0, 2:0:0:0:0, 5:1:0:0:2, 4:2:0:0:2, 2:0:1:0:1, 5:0:0:0:0, 2:0:0:0:0, 2:0:0:0:0, 5:0:0:0:1, 3:0:0:0:0, 5:0:1:0:0, 2:0:2:0:2, 2:0:0:0:0, 3:0:0:0:0, 4:0:1:0:0, 1:0:0:0:0, 3:0:0:0:0, 3:0:0:0:2, 2:0:0:0:0, 4:0:0:0:0, 2:0:0:0:1, 2:0:0:0:0, 3:0:0:0:0, 2:0:0:0:0, 1:0:0:0:0, 1:0:0:0:0, 1:0:0:0:0, 1:0:0:0:0, 2:0:0:0:0, 3:0:0:0:0, 3:0:0:0:0, 2:0:0:0:0, 4:0:0:0:0, 4:0:0:0:0, 4:0:0:0:0, 4:0:0:0:0, 4:0:0:0:1, 4:0:0:0:0, 4:1:0:0:1, 4:0:0:3:3, 4:0:0:0:0, 4:0:0:0:0, 4:0:0:0:0, 6:0:0:0:0, 4:0:0:0:1, 3:0:0:0:0, 3:0:0:0:0, 3:0:0:0:0, 5:0:0:0:1, 6:0:0:0:3, 7:1:0:0:3, 3:0:1:0:0, 2:0:0:0:0, 7:0:0:0:0, 5:0:0:0:0, 3:0:0:0:0, 4:0:0:0:0, 5:0:0:0:0, 4:0:0:0:0, 4:0:0:0:0, 4:0:0:0:1, 5:1:0:0:1, 4:1:0:0:1, 2:0:0:0:0, 4:0:0:0:0, 4:0:0:0:0, 4:0:0:0:0, 4:0:0:0:0, 4:0:0:0:1, 3:0:0:0:0, 4:1:0:0:1, 2:0:0:0:0, 5:0:0:0:0, 4:0:0:0:0, 5:0:0:0:0, 4:0:0:0:0, 5:0:0:0:1, 3:0:0:0:0, 2:0:0:0:0, 0:0:0:0:0, 4:0:0:0:2, 3:0:0:0:2, 4:0:0:0:0, 2:0:0:0:0, 2:0:0:0:0, 3:0:0:0:0, 4:0:0:0:0, 2:0:0:0:0, 4:0:0:0:0, 4:0:0:0:0, 4:0:0:0:0, 4:0:0:0:0, 4:0:0:0:1, 3:0:0:0:0, 6:2:0:0:2, 4:0:0:0:0, 4:0:0:0:0, 4:0:0:0:0, 4:0:0:0:0, 4:0:0:0:0, 4:0:0:0:1, 3:0:0:0:0, 7:1:0:0:1, 2:0:0:0:0, 4:0:0:0:0, 4:0:0:0:0, 5:0:0:0:0, 6:0:0:0:0, 5:0:0:0:1, 3:0:0:0:0, 3:0:0:0:0, 3:0:0:0:0, 6:1:0:0:3, 6:0:0:0:1, 5:0:0:0:0, 1:0:0:0:0, 3:0:0:0:0, 3:0:0:0:0, 5:0:0:0:0,  , 4:0:0:0:0, 4:0:0:0:0, 4:0:0:0:0, 6:2:0:0:2, 5:1:0:0:2, 3:0:0:0:0, 4:1:0:0:1, 2:0:0:0:0, 4:0:0:0:0, 4:0:0:0:0, 4:0:0:0:0, 4:0:0:0:0, 4:0:0:0:1, 4:0:0:0:0, 5:1:0:0:1, 3:0:0:0:0, 5:0:0:0:1, 4:0:0:0:0, 7:1:0:0:1, 4:0:0:0:0, 4:0:0:0:1, 4:0:0:0:0, 3:0:0:0:0, 1:0:0:0:0, 6:0:0:0:2, 5:0:0:0:3, 8:0:0:0:0, 1:0:0:0:0, 3:0:0:0:0, 4:0:1:0:0, 3:0:0:0:0, 2:0:0:0:0, 4:0:0:0:0, 4:0:0:0:0, 4:0:0:0:0, 4:0:0:0:0, 4:0:0:0:1, 4:0:0:0:0, 4:1:0:0:1, 2:0:0:0:0, 4:0:0:0:0, 4:0:0:0:0, 4:0:0:0:0, 4:0:0:0:0, 5:0:0:0:1, 3:0:0:0:0, 5:1:0:0:1, 2:0:0:0:0, 4:0:0:0:0, 4:0:0:0:0, 4:0:0:0:0, 4:0:0:0:0, 4:0:0:0:1, 4:0:0:0:0, 3:0:1:0:1,  , 5:0:0:0:2, 5:0:0:0:1, 4:0:0:0:0, 3:0:0:0:0, 2:0:0:0:0, 3:0:0:0:0, 4:0:0:0:0, 1:0:0:0:0, 4:0:0:0:0, 4:0:0:0:0, 4:0:0:0:0, 4:0:0:0:0, 4:0:0:0:1, 4:0:0:0:0, 4:0:0:0:0, 4:0:0:0:0, 5:0:0:0:1, 4:0:0:0:0, 3:0:0:0:0, 4:0:0:0:0, 4:0:0:0:1, 4:0:0:0:0, 8:0:0:0:0, 4:0:0:0:0, 4:0:0:0:1, 3:0:0:0:0, 4:0:0:0:0, 4:0:0:0:0, 5:0:0:0:1, 3:0:0:0:0, 5:0:0:0:0, 4:0:0:0:0, 4:0:0:0:1, 4:0:0:0:0, 3:0:0:0:0, 4:0:0:0:0, 4:0:0:0:1, 5:0:0:0:0, 5:0:0:0:0, 4:0:0:0:0, 5:0:0:0:1, 4:0:0:0:0, 4:0:0:0:0, 4:0:0:0:0, 4:0:0:0:1, 3:0:0:0:0, 4:0:0:0:0, 4:0:0:0:0, 4:0:0:0:1, 3:0:0:0:0, 3:0:0:0:0, 4:0:0:0:0, 1:0:0:0:0, 967:23:9:3:88
Bb minor (5b), 6:1:0:0:8, 6:1:0:0:8, 6:1:0:0:9, 6:1:0:0:9, 5:0:0:0:6, 6:2:0:0:8, 6:1:0:0:4, 7:2:0:0:8, 8:1:0:0:8, 6:1:0:0:8, 6:1:0:0:9, 6:1:0:0:9, 5:0:0:0:6, 6:2:0:0:8, 4:1:0:0:3,  , 3:0:0:0:3, 4:1:0:0:4, 4:0:0:0:6, 1:0:0:0:2, 5:1:0:0:5, 6:2:0:0:7, 4:1:0:0:8, 2:0:0:0:4, 6:1:0:0:8, 6:1:0:0:8, 6:1:0:0:10, 6:1:0:0:9, 5:0:0:0:6, 6:2:0:0:8, 6:1:0:0:4, 7:2:0:0:9, 3:0:0:0:3, 2:0:0:0:3, 4:0:0:0:2, 3:0:1:0:3, 3:0:0:0:2, 4:0:0:0:3, 3:0:0:0:3, 3:0:0:0:2, 4:0:0:0:3, 3:0:0:0:3, 4:0:0:0:3, 1:0:0:0:0, 4:0:1:0:1, 4:1:0:0:5, 5:0:0:0:2, 2:0:0:0:1, 4:1:0:0:4, 4:0:0:0:2, 3:0:0:0:4, 4:0:0:0:3, 2:0:0:0:2, 3:0:0:0:1, 5:0:0:0:3, 2:0:0:0:2, 1:0:0:0:3, 1:0:0:0:1, 1:0:0:0:4, 2:1:0:0:4, 3:0:2:0:1, 2:0:0:0:1, 4:0:0:0:3, 3:0:0:0:2, 5:1:0:0:5, 5:1:0:0:6, 5:1:0:0:5, 5:1:0:0:6, 5:0:0:0:8, 5:1:0:0:6, 6:1:0:0:6, 8:2:0:0:11, 5:1:0:0:5, 5:1:0:0:8, 5:1:0:0:5, 6:3:0:0:10, 5:0:0:0:11, 4:1:0:0:4, 5:2:0:0:5, 5:1:0:0:5, 4:1:0:0:6, 6:0:0:0:5, 6:0:1:0:4, 2:0:0:0:1, 4:1:0:0:6, 10:3:0:0:10, 7:1:0:0:7, 2:0:0:0:2, 5:1:0:0:9, 5:2:0:0:10, 6:1:0:0:9, 5:1:0:0:8, 5:0:0:0:7, 6:1:0:0:7, 6:1:0:0:7, 6:2:0:0:9, 5:2:0:0:6, 5:2:0:0:6, 5:2:0:0:6, 5:2:0:0:6, 5:0:0:0:8, 4:1:0:0:4, 6:1:0:0:6, 6:2:0:0:8, 6:2:0:0:7, 5:1:0:0:6, 6:2:0:0:7, 5:1:0:0:6, 6:1:0:0:8, 4:1:0:0:5, 4:1:0:0:4, 1:0:0:0:1, 3:1:0:0:4, 3:0:0:0:3, 4:0:0:0:4, 2:0:0:0:1, 4:1:0:0:4, 6:1:0:0:7, 4:1:0:0:4, 1:0:0:0:1, 5:1:0:0:7, 5:1:0:0:6, 5:1:0:0:7, 5:2:0:0:7, 5:0:0:0:9, 5:3:0:0:7, 8:1:0:0:8, 7:2:0:0:8, 5:2:0:0:9, 5:2:0:0:9, 5:2:0:0:9, 5:2:0:0:9, 5:0:0:0:11, 4:1:0:0:4, 9:1:0:0:8, 6:2:0:0:11, 6:1:0:0:8, 5:3:0:0:8, 6:2:0:0:8, 6:2:0:0:10, 7:6:0:3:13, 4:1:0:0:8, 5:2:0:0:8, 4:1:0:0:4, 5:0:0:0:5, 5:0:0:0:3, 5:0:0:0:7, 1:0:0:0:0, 6:3:0:0:9, 6:2:0:0:11, 5:2:0:0:6,  , 5:2:0:0:8, 5:2:0:0:9, 6:2:0:0:10, 8:1:0:0:7, 6:0:0:0:9, 5:1:0:0:7, 6:1:0:0:8, 6:2:0:0:8, 5:1:0:0:9, 5:1:0:0:9, 5:1:0:0:9, 5:1:0:0:9, 5:0:0:0:14, 5:1:0:0:10, 7:1:0:0:8, 6:4:0:0:13, 7:1:0:0:10, 5:2:0:0:7, 8:1:0:0:7, 5:2:0:0:10, 5:0:0:0:11, 6:4:0:0:10, 5:3:0:0:9, 1:0:0:0:1, 4:0:0:0:6, 4:0:0:0:4, 7:0:0:0:7, 1:0:0:0:0, 6:2:0:0:9, 7:2:0:0:11, 4:1:0:0:7, 2:0:0:0:3, 5:1:0:0:5, 5:1:0:0:5, 5:1:0:0:5, 5:1:0:0:5, 5:0:0:0:7, 5:1:0:0:5, 6:1:0:0:4, 6:2:0:0:8, 5:1:0:0:8, 5:1:0:0:5, 5:1:0:0:8, 5:1:0:0:5, 5:0:0:0:10, 4:1:0:0:4, 7:1:0:0:8, 6:3:0:0:10, 5:1:0:0:7, 5:2:0:0:7, 5:2:0:0:9, 5:2:0:0:9, 5:0:0:0:8, 5:1:0:0:5, 6:2:0:0:6,  , 4:0:0:0:4, 4:0:0:0:4, 5:0:0:0:6, 3:0:0:0:2, 5:1:0:0:5, 6:3:0:0:10, 3:1:0:0:5, 2:0:0:0:2, 5:2:0:0:8, 5:2:0:0:9, 5:2:0:0:8, 5:2:0:0:9, 5:0:0:0:9, 5:1:0:0:8, 7:2:0:0:11, 5:1:0:0:5, 6:1:0:0:8, 6:2:0:0:8, 7:3:0:0:10, 5:1:0:0:8, 5:0:0:0:9, 5:1:0:0:8, 11:2:0:0:10, 5:1:0:0:8, 5:0:0:0:9, 4:1:0:0:5, 7:2:0:0:11, 5:1:0:0:7, 6:1:0:0:9, 4:1:0:0:6, 9:3:0:0:12, 5:1:0:0:5, 5:0:0:0:8, 5:1:0:0:7, 6:2:0:0:9, 6:3:0:0:9, 5:0:0:0:8, 6:1:0:0:6, 8:2:0:0:11, 5:1:0:0:5, 6:1:0:0:10, 5:1:0:0:5, 7:2:0:0:11, 5:3:0:0:8, 5:0:0:0:7, 4:1:0:0:4, 7:2:0:0:10, 5:1:0:0:6, 5:0:0:0:6, 4:1:0:0:4, 6:2:0:0:7, 5:1:0:0:5, 1:0:0:0:0, 1268:268:5:3:1659
G# minor (5#), 4:0:0:0:0, 4:0:0:0:0, 4:0:0:0:0, 4:0:0:0:0, 4:0:0:0:1, 4:0:0:0:0, 4:1:0:0:1, 4:0:0:0:0, 6:0:0:0:0, 4:0:0:0:0, 4:0:0:0:0, 4:0:0:0:0, 4:0:0:0:1, 4:0:0:0:0, 2:0:0:0:0,  , 5:0:0:0:1, 3:0:0:0:1, 4:0:0:0:0, 3:1:0:0:1, 2:0:0:0:0, 4:0:1:0:1, 3:0:0:0:0, 2:0:0:0:1, 4:0:0:0:0, 4:0:0:0:0, 4:0:0:0:0, 4:0:0:0:0, 4:0:0:0:1, 4:0:0:0:0, 4:1:0:0:1, 4:0:0:0:0, 3:0:0:0:0, 2:0:0:0:0, 5:1:0:0:2, 4:2:0:0:2, 2:0:1:0:1, 5:0:0:0:0, 2:0:0:0:0, 2:0:0:0:0, 5:0:0:0:1, 3:0:0:0:0, 5:0:1:0:0, 2:0:2:0:2, 2:0:0:0:0, 3:0:0:0:0, 4:0:1:0:0, 1:0:0:0:0, 3:0:0:0:0, 3:0:0:0:2, 2:0:0:0:0, 4:0:0:0:0, 2:0:0:0:1, 2:0:0:0:0, 3:0:0:0:0, 2:0:0:0:0, 1:0:0:0:0, 1:0:0:0:0, 1:0:0:0:0, 1:0:0:0:0, 2:0:0:0:0, 3:0:0:0:0, 3:0:0:0:0, 2:0:0:0:0, 4:0:0:0:0, 4:0:0:0:0, 4:0:0:0:0, 4:0:0:0:0, 4:0:0:0:1, 4:0:0:0:0, 4:1:0:0:1, 4:0:0:3:3, 4:0:0:0:0, 4:0:0:0:0, 4:0:0:0:0, 6:0:0:0:0, 4:0:0:0:1, 3:0:0:0:0, 3:0:0:0:0, 3:0:0:0:0, 5:0:0:0:1, 6:0:0:0:3, 7:1:0:0:3, 3:0:1:0:0, 2:0:0:0:0, 7:0:0:0:0, 5:0:0:0:0, 3:0:0:0:0, 4:0:0:0:0, 5:0:0:0:0, 4:0:0:0:0, 4:0:0:0:0, 4:0:0:0:1, 5:1:0:0:1, 4:1:0:0:1, 2:0:0:0:0, 4:0:0:0:0, 4:0:0:0:0, 4:0:0:0:0, 4:0:0:0:0, 4:0:0:0:1, 3:0:0:0:0, 4:1:0:0:1, 2:0:0:0:0, 5:0:0:0:0, 4:0:0:0:0, 5:0:0:0:0, 4:0:0:0:0, 5:0:0:0:1, 3:0:0:0:0, 2:0:0:0:0, 0:0:0:0:0, 4:0:0:0:2, 3:0:0:0:2, 4:0:0:0:0, 2:0:0:0:0, 2:0:0:0:0, 3:0:0:0:0, 4:0:0:0:0, 2:0:0:0:0, 4:0:0:0:0, 4:0:0:0:0, 4:0:0:0:0, 4:0:0:0:0, 4:0:0:0:1, 3:0:0:0:0, 6:2:0:0:2, 4:0:0:0:0, 4:0:0:0:0, 4:0:0:0:0, 4:0:0:0:0, 4:0:0:0:0, 4:0:0:0:1, 3:0:0:0:0, 7:1:0:0:1, 2:0:0:0:0, 4:0:0:0:0, 4:0:0:0:0, 5:0:0:0:0, 6:0:0:0:0, 5:0:0:0:1, 3:0:0:0:0, 3:0:0:0:0, 3:0:0:0:0, 6:1:0:0:3, 6:0:0:0:1, 5:0:0:0:0, 1:0:0:0:0, 3:0:0:0:0, 3:0:0:0:0, 5:0:0:0:0,  , 4:0:0:0:0, 4:0:0:0:0, 4:0:0:0:0, 6:2:0:0:2, 5:1:0:0:2, 3:0:0:0:0, 4:1:0:0:1, 2:0:0:0:0, 4:0:0:0:0, 4:0:0:0:0, 4:0:0:0:0, 4:0:0:0:0, 4:0:0:0:1, 4:0:0:0:0, 5:1:0:0:1, 3:0:0:0:0, 5:0:0:0:1, 4:0:0:0:0, 7:1:0:0:1, 4:0:0:0:0, 4:0:0:0:1, 4:0:0:0:0, 3:0:0:0:0, 1:0:0:0:0, 6:0:0:0:2, 5:0:0:0:3, 8:0:0:0:0, 1:0:0:0:0, 3:0:0:0:0, 4:0:1:0:0, 3:0:0:0:0, 2:0:0:0:0, 4:0:0:0:0, 4:0:0:0:0, 4:0:0:0:0, 4:0:0:0:0, 4:0:0:0:1, 4:0:0:0:0, 4:1:0:0:1, 2:0:0:0:0, 4:0:0:0:0, 4:0:0:0:0, 4:0:0:0:0, 4:0:0:0:0, 5:0:0:0:1, 3:0:0:0:0, 5:1:0:0:1, 2:0:0:0:0, 4:0:0:0:0, 4:0:0:0:0, 4:0:0:0:0, 4:0:0:0:0, 4:0:0:0:1, 4:0:0:0:0, 3:0:1:0:1,  , 5:0:0:0:2, 5:0:0:0:1, 4:0:0:0:0, 3:0:0:0:0, 2:0:0:0:0, 3:0:0:0:0, 4:0:0:0:0, 1:0:0:0:0, 4:0:0:0:0, 4:0:0:0:0, 4:0:0:0:0, 4:0:0:0:0, 4:0:0:0:1, 4:0:0:0:0, 4:0:0:0:0, 4:0:0:0:0, 5:0:0:0:1, 4:0:0:0:0, 3:0:0:0:0, 4:0:0:0:0, 4:0:0:0:1, 4:0:0:0:0, 8:0:0:0:0, 4:0:0:0:0, 4:0:0:0:1, 3:0:0:0:0, 4:0:0:0:0, 4:0:0:0:0, 5:0:0:0:1, 3:0:0:0:0, 5:0:0:0:0, 4:0:0:0:0, 4:0:0:0:1, 4:0:0:0:0, 3:0:0:0:0, 4:0:0:0:0, 4:0:0:0:1, 5:0:0:0:0, 5:0:0:0:0, 4:0:0:0:0, 5:0:0:0:1, 4:0:0:0:0, 4:0:0:0:0, 4:0:0:0:0, 4:0:0:0:1, 3:0:0:0:0, 4:0:0:0:0, 4:0:0:0:0, 4:0:0:0:1, 3:0:0:0:0, 3:0:0:0:0, 4:0:0:0:0, 1:0:0:0:0, 967:23:9:3:88
Gb major (6b), 7:1:0:0:9, 7:1:0:0:9, 7:1:0:0:9, 7:1:0:0:11, 5:0:0:0:11, 7:2:0:0:12, 7:1:0:0:7, 7:2:0:0:9, 9:1:0:0:9, 7:1:0:0:9, 7:1:0:0:9, 7:1:0:0:11, 5:0:0:0:11, 7:2:0:0:12, 4:1:0:0:5,  , 4:0:0:0:4, 4:0:0:0:3, 5:0:0:0:7, 2:0:0:0:2, 5:1:0:0:5, 7:2:0:0:9, 5:1:0:0:8, 2:0:0:0:4, 7:1:0:0:9, 7:1:0:0:9, 7:1:0:0:12, 7:1:0:0:11, 5:0:0:0:11, 7:2:0:0:12, 7:1:0:0:7, 7:2:0:0:10, 4:0:0:0:5, 3:0:0:0:6, 5:0:0:0:4, 4:0:1:0:3, 3:0:0:0:1, 4:0:0:0:3, 2:0:0:0:2, 2:0:0:0:2, 5:0:0:0:4, 4:0:0:0:5, 5:0:0:0:4, 2:0:0:0:1, 4:0:1:0:2, 4:0:0:0:3, 4:0:0:0:2, 1:0:0:0:2, 5:1:0:0:7, 3:0:0:0:2, 3:0:0:0:5, 4:1:1:0:4, 2:0:0:0:2, 3:1:1:0:2, 5:0:0:0:4, 3:0:0:0:2, 1:0:0:0:3, 1:0:0:0:1, 1:0:0:0:4, 2:1:0:0:4, 2:0:0:0:2, 2:0:0:0:2, 3:0:0:0:2, 3:0:0:0:4, 6:1:0:0:6, 6:1:0:0:9, 6:1:0:0:6, 6:1:0:0:10, 5:0:0:0:11, 6:1:0:0:12, 7:1:0:0:10, 8:2:0:0:14, 6:1:0:0:12, 6:1:0:0:11, 6:1:0:0:12, 7:3:0:0:11, 5:0:0:0:12, 5:1:0:0:6, 5:2:0:0:6, 4:1:0:0:6, 5:1:0:0:6, 7:0:0:0:7, 7:0:0:0:7, 3:0:0:0:2, 4:1:0:0:7, 10:3:0:0:12, 8:1:0:0:8, 3:0:0:0:2, 6:1:0:0:11, 6:2:0:0:11, 7:1:0:0:10, 6:1:0:0:10, 5:0:0:0:12, 7:1:0:0:10, 7:1:0:0:12, 6:2:0:0:9, 6:2:0:0:8, 6:2:0:0:8, 6:2:0:0:8, 6:2:0:0:8, 5:0:0:0:10, 5:1:0:0:6, 7:1:0:0:10, 6:2:0:0:8, 7:2:0:0:8, 6:1:0:0:7, 7:2:0:0:8, 6:1:0:0:7, 6:1:0:0:9, 5:1:0:0:7, 4:1:0:0:4, 0:0:0:0:0, 4:1:0:0:4, 3:0:0:0:3, 5:0:0:0:5, 3:0:0:0:2, 4:1:0:0:6, 6:1:0:0:10, 5:1:0:0:5, 2:0:0:0:1, 6:1:0:0:11, 6:1:0:0:9, 6:1:0:0:11, 6:2:0:0:10, 5:0:0:0:13, 6:3:0:0:9, 9:1:0:0:11, 7:2:0:0:9, 6:2:0:0:11, 6:2:0:0:11, 6:2:0:0:11, 6:2:0:0:11, 5:0:0:0:13, 5:1:0:0:6, 9:2:0:0:11, 6:2:0:0:10, 7:1:0:0:9, 6:3:0:0:10, 7:2:0:0:9, 7:2:0:0:11, 7:6:0:3:17, 5:1:0:0:10, 6:2:0:0:8, 4:0:0:0:2, 6:0:0:0:6, 5:0:0:0:3, 6:0:0:0:9, 1:0:0:0:1, 6:3:0:0:8, 6:2:0:0:15, 6:2:0:0:7,  , 6:2:0:0:10, 6:2:0:0:10, 7:2:0:0:10, 9:1:0:0:9, 6:0:0:0:11, 6:1:0:0:11, 7:1:0:0:10, 6:2:0:0:8, 6:1:0:0:12, 6:1:0:0:12, 6:1:0:0:12, 6:1:0:0:12, 5:0:0:0:15, 6:1:0:0:12, 8:1:0:0:7, 7:4:0:0:13, 8:1:0:0:12, 6:2:0:0:8, 9:1:0:0:10, 6:2:0:0:12, 5:0:0:0:13, 7:4:0:0:12, 5:3:0:0:11, 1:0:0:0:1, 5:0:0:0:7, 4:0:0:0:6, 8:0:0:0:8, 1:0:0:0:1, 6:2:0:0:8, 7:2:0:0:14, 5:1:0:0:7, 2:1:1:0:3, 6:1:0:0:6, 6:1:0:0:6, 6:1:0:0:6, 6:1:0:0:6, 5:0:0:0:8, 6:1:0:0:7, 7:1:0:0:8, 6:2:0:0:8, 6:1:0:0:9, 6:1:0:0:9, 6:1:0:0:9, 6:1:0:0:9, 6:0:0:0:12, 5:1:0:0:9, 8:1:0:0:10, 6:3:0:0:9, 6:1:0:0:8, 6:2:0:0:8, 6:2:0:0:12, 6:2:0:0:11, 5:0:0:0:9, 6:1:0:0:7, 7:2:0:0:7,  , 5:0:0:0:5, 5:0:0:0:6, 6:0:0:0:6, 4:0:0:0:3, 5:1:0:0:6, 6:3:0:0:12, 4:1:0:0:5, 2:0:0:0:2, 6:2:0:0:10, 6:2:0:0:12, 6:2:0:0:10, 6:2:0:0:12, 5:0:0:0:12, 6:1:0:0:12, 7:2:0:0:14, 6:1:0:0:6, 6:1:0:0:10, 7:2:0:0:10, 7:3:0:0:10, 6:1:0:0:9, 5:0:0:0:10, 6:1:0:0:10, 11:2:0:0:13, 6:1:0:0:10, 5:0:0:0:10, 5:1:0:0:9, 7:2:0:0:11, 6:1:0:0:10, 6:1:0:0:10, 5:1:0:0:11, 9:3:0:0:16, 6:1:0:0:6, 5:0:0:0:9, 6:1:0:0:10, 6:2:0:0:10, 7:3:0:0:11, 5:0:0:0:10, 7:1:0:0:10, 8:2:0:0:15, 6:1:0:0:7, 6:1:0:0:11, 6:1:0:0:8, 7:2:0:0:11, 6:3:0:0:11, 5:0:0:0:9, 5:1:0:0:6, 7:2:0:0:10, 6:1:0:0:8, 5:0:0:0:9, 5:1:0:0:7, 6:2:0:0:9, 6:1:0:0:7, 1:0:0:0:1, 1419:269:5:3:2086
F# major (6#), 5:0:0:0:3, 5:0:0:0:3, 5:0:0:0:3, 5:0:0:0:2, 5:0:0:0:1, 5:0:0:0:1, 5:1:0:0:2, 5:0:0:0:0, 7:0:0:0:3, 5:0:0:0:3, 5:0:0:0:3, 5:0:0:0:2, 5:0:0:0:1, 5:0:0:0:1, 2:0:0:0:0,  , 5:0:0:0:2, 3:0:0:0:1, 5:0:0:0:3, 3:1:0:0:3, 3:0:0:0:0, 5:0:1:0:0, 4:0:0:0:1, 2:2:2:0:2, 5:0:0:0:3, 5:0:0:0:3, 5:0:0:0:2, 5:0:0:0:2, 5:0:0:0:1, 5:0:0:0:1, 5:1:0:0:2, 5:0:0:0:0, 4:0:0:0:2, 3:0:0:0:1, 5:2:1:0:3, 5:2:0:0:3, 2:0:1:0:0, 5:0:0:0:1, 2:0:0:0:1, 2:0:0:0:0, 4:0:0:0:1, 4:0:0:0:1, 4:0:0:0:1, 2:0:2:0:0, 3:0:0:0:0, 3:0:0:0:1, 3:0:0:0:1, 1:0:0:0:0, 4:0:0:0:1, 3:1:1:0:1, 3:0:0:0:0, 4:0:0:0:1, 2:0:0:0:0, 2:0:0:0:1, 4:0:0:0:0, 2:0:0:0:1, 1:0:0:0:0, 1:0:0:0:0, 1:0:0:0:0, 1:0:0:0:0, 2:0:0:0:0, 3:0:0:0:0, 3:0:0:0:1, 3:0:0:0:1, 5:0:0:0:2, 5:0:0:0:3, 5:0:0:0:2, 5:0:0:0:2, 5:0:0:0:1, 5:0:0:0:1, 5:1:0:0:2, 5:0:0:3:3, 5:0:0:0:2, 5:0:0:0:2, 5:0:0:0:2, 7:0:0:0:3, 5:0:0:0:1, 4:0:0:0:1, 3:0:0:0:0, 3:0:0:0:0, 6:0:0:0:2, 7:0:0:0:3, 8:1:0:0:2, 4:0:0:0:2, 3:0:0:0:0, 8:0:0:0:1, 6:0:0:0:3, 3:0:0:0:2, 5:0:0:0:3, 6:0:0:0:4, 5:0:0:0:4, 5:0:0:0:3, 5:0:0:0:1, 6:1:0:0:2, 5:1:0:0:2, 3:0:0:0:0, 5:0:0:0:2, 5:0:0:0:2, 5:0:0:0:2, 5:0:0:0:2, 5:0:0:0:1, 4:0:0:0:2, 5:1:0:0:2, 3:0:0:0:0, 6:0:0:0:2, 5:0:0:0:2, 6:0:0:0:2, 5:0:0:0:2, 6:0:0:0:1, 4:0:0:0:1, 2:0:0:0:0, 0:0:0:0:0, 4:0:0:0:2, 3:0:0:0:1, 5:0:0:0:2, 3:0:0:0:1, 3:0:0:0:0, 4:0:0:0:0, 4:0:0:0:1, 2:0:0:0:1, 5:0:0:0:2, 5:0:0:0:2, 5:0:0:0:2, 5:0:0:0:2, 5:0:0:0:1, 4:0:0:0:3, 7:2:0:0:4, 5:0:0:0:0, 5:0:0:0:3, 5:0:0:0:3, 5:0:0:0:3, 5:0:0:0:4, 5:0:0:0:1, 4:0:0:0:1, 7:2:0:0:3, 3:0:0:0:0, 5:0:0:0:5, 5:0:0:0:2, 6:0:0:0:4, 7:0:0:0:3, 6:0:0:0:1, 4:0:0:0:1, 3:0:0:0:2, 3:0:0:0:1, 7:0:0:0:4, 6:0:0:0:1, 6:0:0:0:2, 1:0:0:0:0, 4:0:0:0:0, 4:0:0:0:0, 5:0:0:0:1,  , 5:0:0:0:3, 5:0:0:0:4, 5:0:0:0:3, 7:2:0:0:5, 6:1:0:0:2, 4:0:0:0:1, 5:1:0:0:2, 3:0:0:0:0, 5:0:0:0:2, 5:0:0:0:2, 5:0:0:0:2, 5:0:0:0:2, 5:0:0:0:1, 5:0:0:0:2, 6:1:0:0:2, 4:0:0:0:1, 6:0:0:0:3, 5:0:0:0:2, 8:1:0:0:5, 5:0:0:0:4, 5:0:0:0:1, 5:0:0:0:1, 3:0:0:0:0, 1:0:0:0:0, 7:0:0:0:4, 5:0:0:0:1, 9:0:0:0:2, 1:0:0:0:0, 4:0:0:0:0, 5:0:0:0:0, 4:0:0:0:1, 2:0:0:0:1, 5:0:0:0:3, 5:0:0:0:3, 5:0:0:0:3, 5:0:0:0:3, 5:0:0:0:1, 5:0:0:0:2, 5:1:0:0:2, 3:0:0:0:0, 5:0:0:0:3, 5:0:0:0:2, 5:0:0:0:3, 5:0:0:0:2, 6:0:0:0:2, 4:0:0:0:1, 6:1:0:0:3, 3:0:0:0:0, 5:0:0:0:2, 5:0:0:0:2, 5:0:0:0:2, 5:0:0:0:2, 5:0:0:0:1, 5:0:0:0:2, 4:0:1:0:0,  , 6:0:0:0:3, 5:0:0:0:2, 5:0:0:0:2, 4:0:0:0:1, 3:0:0:0:0, 4:0:0:0:0, 4:0:0:0:1, 2:0:0:0:0, 5:0:0:0:2, 5:0:0:0:2, 5:0:0:0:2, 5:0:0:0:2, 5:0:0:0:1, 5:0:0:0:1, 5:0:0:0:0, 5:0:0:0:2, 6:0:0:0:1, 5:0:0:0:1, 4:0:0:0:0, 5:0:0:0:2, 5:0:0:0:1, 5:0:0:0:1, 9:0:0:0:0, 5:0:0:0:2, 5:0:0:0:1, 4:0:0:0:1, 5:0:0:0:0, 5:0:0:0:2, 6:0:0:0:1, 4:0:0:0:1, 6:0:0:0:0, 5:0:0:0:2, 5:0:0:0:1, 5:0:0:0:1, 4:0:0:0:0, 5:0:0:0:2, 5:0:0:0:1, 6:0:0:0:1, 6:0:0:0:0, 5:0:0:0:2, 6:0:0:0:1, 5:0:0:0:1, 5:0:0:0:0, 5:0:0:0:2, 5:0:0:0:1, 4:0:0:0:2, 5:0:0:0:0, 5:0:0:0:2, 5:0:0:0:1, 4:0:0:0:1, 4:0:0:0:0, 5:0:0:0:2, 1:0:0:0:0, 1171:27:9:3:391
Eb minor (6b), 7:1:0:0:9, 7:1:0:0:9, 7:1:0:0:9, 7:1:0:0:11, 5:0:0:0:11, 7:2:0:0:12, 7:1:0:0:7, 7:2:0:0:9, 9:1:0:0:9, 7:1:0:0:9, 7:1:0:0:9, 7:1:0:0:11, 5:0:0:0:11, 7:2:0:0:12, 4:1:0:0:5,  , 4:0:0:0:4, 4:0:0:0:3, 5:0:0:0:7, 2:0:0:0:2, 5:1:0:0:5, 7:2:0:0:9, 5:1:0:0:8, 2:0:0:0:4, 7:1:0:0:9, 7:1:0:0:9, 7:1:0:0:12, 7:1:0:0:11, 5:0:0:0:11, 7:2:0:0:12, 7:1:0:0:7, 7:2:0:0:10, 4:0:0:0:5, 3:0:0:0:6, 5:0:0:0:4, 4:0:1:0:3, 3:0:0:0:1, 4:0:0:0:3, 2:0:0:0:2, 2:0:0:0:2, 5:0:0:0:4, 4:0:0:0:5, 5:0:0:0:4, 2:0:0:0:1, 4:0:1:0:2, 4:0:0:0:3, 4:0:0:0:2, 1:0:0:0:2, 5:1:0:0:7, 3:0:0:0:2, 3:0:0:0:5, 4:1:1:0:4, 2:0:0:0:2, 3:1:1:0:2, 5:0:0:0:4, 3:0:0:0:2, 1:0:0:0:3, 1:0:0:0:1, 1:0:0:0:4, 2:1:0:0:4, 2:0:0:0:2, 2:0:0:0:2, 3:0:0:0:2, 3:0:0:0:4, 6:1:0:0:6, 6:1:0:0:9, 6:1:0:0:6, 6:1:0:0:10, 5:0:0:0:11, 6:1:0:0:12, 7:1:0:0:10, 8:2:0:0:14, 6:1:0:0:12, 6:1:0:0:11, 6:1:0:0:12, 7:3:0:0:11, 5:0:0:0:12, 5:1:0:0:6, 5:2:0:0:6, 4:1:0:0:6, 5:1:0:0:6, 7:0:0:0:7, 7:0:0:0:7, 3:0:0:0:2, 4:1:0:0:7, 10:3:0:0:12, 8:1:0:0:8, 3:0:0:0:2, 6:1:0:0:11, 6:2:0:0:11, 7:1:0:0:10, 6:1:0:0:10, 5:0:0:0:12, 7:1:0:0:10, 7:1:0:0:12, 6:2:0:0:9, 6:2:0:0:8, 6:2:0:0:8, 6:2:0:0:8, 6:2:0:0:8, 5:0:0:0:10, 5:1:0:0:6, 7:1:0:0:10, 6:2:0:0:8, 7:2:0:0:8, 6:1:0:0:7, 7:2:0:0:8, 6:1:0:0:7, 6:1:0:0:9, 5:1:0:0:7, 4:1:0:0:4, 0:0:0:0:0, 4:1:0:0:4, 3:0:0:0:3, 5:0:0:0:5, 3:0:0:0:2, 4:1:0:0:6, 6:1:0:0:10, 5:1:0:0:5, 2:0:0:0:1, 6:1:0:0:11, 6:1:0:0:9, 6:1:0:0:11, 6:2:0:0:10, 5:0:0:0:13, 6:3:0:0:9, 9:1:0:0:11, 7:2:0:0:9, 6:2:0:0:11, 6:2:0:0:11, 6:2:0:0:11, 6:2:0:0:11, 5:0:0:0:13, 5:1:0:0:6, 9:2:0:0:11, 6:2:0:0:10, 7:1:0:0:9, 6:3:0:0:10, 7:2:0:0:9, 7:2:0:0:11, 7:6:0:3:17, 5:1:0:0:10, 6:2:0:0:8, 4:0:0:0:2, 6:0:0:0:6, 5:0:0:0:3, 6:0:0:0:9, 1:0:0:0:1, 6:3:0:0:8, 6:2:0:0:15, 6:2:0:0:7,  , 6:2:0:0:10, 6:2:0:0:10, 7:2:0:0:10, 9:1:0:0:9, 6:0:0:0:11, 6:1:0:0:11, 7:1:0:0:10, 6:2:0:0:8, 6:1:0:0:12, 6:1:0:0:12, 6:1:0:0:12, 6:1:0:0:12, 5:0:0:0:15, 6:1:0:0:12, 8:1:0:0:7, 7:4:0:0:13, 8:1:0:0:12, 6:2:0:0:8, 9:1:0:0:10, 6:2:0:0:12, 5:0:0:0:13, 7:4:0:0:12, 5:3:0:0:11, 1:0:0:0:1, 5:0:0:0:7, 4:0:0:0:6, 8:0:0:0:8, 1:0:0:0:1, 6:2:0:0:8, 7:2:0:0:14, 5:1:0:0:7, 2:1:1:0:3, 6:1:0:0:6, 6:1:0:0:6, 6:1:0:0:6, 6:1:0:0:6, 5:0:0:0:8, 6:1:0:0:7, 7:1:0:0:8, 6:2:0:0:8, 6:1:0:0:9, 6:1:0:0:9, 6:1:0:0:9, 6:1:0:0:9, 6:0:0:0:12, 5:1:0:0:9, 8:1:0:0:10, 6:3:0:0:9, 6:1:0:0:8, 6:2:0:0:8, 6:2:0:0:12, 6:2:0:0:11, 5:0:0:0:9, 6:1:0:0:7, 7:2:0:0:7,  , 5:0:0:0:5, 5:0:0:0:6, 6:0:0:0:6, 4:0:0:0:3, 5:1:0:0:6, 6:3:0:0:12, 4:1:0:0:5, 2:0:0:0:2, 6:2:0:0:10, 6:2:0:0:12, 6:2:0:0:10, 6:2:0:0:12, 5:0:0:0:12, 6:1:0:0:12, 7:2:0:0:14, 6:1:0:0:6, 6:1:0:0:10, 7:2:0:0:10, 7:3:0:0:10, 6:1:0:0:9, 5:0:0:0:10, 6:1:0:0:10, 11:2:0:0:13, 6:1:0:0:10, 5:0:0:0:10, 5:1:0:0:9, 7:2:0:0:11, 6:1:0:0:10, 6:1:0:0:10, 5:1:0:0:11, 9:3:0:0:16, 6:1:0:0:6, 5:0:0:0:9, 6:1:0:0:10, 6:2:0:0:10, 7:3:0:0:11, 5:0:0:0:10, 7:1:0:0:10, 8:2:0:0:15, 6:1:0:0:7, 6:1:0:0:11, 6:1:0:0:8, 7:2:0:0:11, 6:3:0:0:11, 5:0:0:0:9, 5:1:0:0:6, 7:2:0:0:10, 6:1:0:0:8, 5:0:0:0:9, 5:1:0:0:7, 6:2:0:0:9, 6:1:0:0:7, 1:0:0:0:1, 1419:269:5:3:2086
D# minor (6#), 5:0:0:0:3, 5:0:0:0:3, 5:0:0:0:3, 5:0:0:0:2, 5:0:0:0:1, 5:0:0:0:1, 5:1:0:0:2, 5:0:0:0:0, 7:0:0:0:3, 5:0:0:0:3, 5:0:0:0:3, 5:0:0:0:2, 5:0:0:0:1, 5:0:0:0:1, 2:0:0:0:0,  , 5:0:0:0:2, 3:0:0:0:1, 5:0:0:0:3, 3:1:0:0:3, 3:0:0:0:0, 5:0:1:0:0, 4:0:0:0:1, 2:2:2:0:2, 5:0:0:0:3, 5:0:0:0:3, 5:0:0:0:2, 5:0:0:0:2, 5:0:0:0:1, 5:0:0:0:1, 5:1:0:0:2, 5:0:0:0:0, 4:0:0:0:2, 3:0:0:0:1, 5:2:1:0:3, 5:2:0:0:3, 2:0:1:0:0, 5:0:0:0:1, 2:0:0:0:1, 2:0:0:0:0, 4:0:0:0:1, 4:0:0:0:1, 4:0:0:0:1, 2:0:2:0:0, 3:0:0:0:0, 3:0:0:0:1, 3:0:0:0:1, 1:0:0:0:0, 4:0:0:0:1, 3:1:1:0:1, 3:0:0:0:0, 4:0:0:0:1, 2:0:0:0:0, 2:0:0:0:1, 4:0:0:0:0, 2:0:0:0:1, 1:0:0:0:0, 1:0:0:0:0, 1:0:0:0:0, 1:0:0:0:0, 2:0:0:0:0, 3:0:0:0:0, 3:0:0:0:1, 3:0:0:0:1, 5:0:0:0:2, 5:0:0:0:3, 5:0:0:0:2, 5:0:0:0:2, 5:0:0:0:1, 5:0:0:0:1, 5:1:0:0:2, 5:0:0:3:3, 5:0:0:0:2, 5:0:0:0:2, 5:0:0:0:2, 7:0:0:0:3, 5:0:0:0:1, 4:0:0:0:1, 3:0:0:0:0, 3:0:0:0:0, 6:0:0:0:2, 7:0:0:0:3, 8:1:0:0:2, 4:0:0:0:2, 3:0:0:0:0, 8:0:0:0:1, 6:0:0:0:3, 3:0:0:0:2, 5:0:0:0:3, 6:0:0:0:4, 5:0:0:0:4, 5:0:0:0:3, 5:0:0:0:1, 6:1:0:0:2, 5:1:0:0:2, 3:0:0:0:0, 5:0:0:0:2, 5:0:0:0:2, 5:0:0:0:2, 5:0:0:0:2, 5:0:0:0:1, 4:0:0:0:2, 5:1:0:0:2, 3:0:0:0:0, 6:0:0:0:2, 5:0:0:0:2, 6:0:0:0:2, 5:0:0:0:2, 6:0:0:0:1, 4:0:0:0:1, 2:0:0:0:0, 0:0:0:0:0, 4:0:0:0:2, 3:0:0:0:1, 5:0:0:0:2, 3:0:0:0:1, 3:0:0:0:0, 4:0:0:0:0, 4:0:0:0:1, 2:0:0:0:1, 5:0:0:0:2, 5:0:0:0:2, 5:0:0:0:2, 5:0:0:0:2, 5:0:0:0:1, 4:0:0:0:3, 7:2:0:0:4, 5:0:0:0:0, 5:0:0:0:3, 5:0:0:0:3, 5:0:0:0:3, 5:0:0:0:4, 5:0:0:0:1, 4:0:0:0:1, 7:2:0:0:3, 3:0:0:0:0, 5:0:0:0:5, 5:0:0:0:2, 6:0:0:0:4, 7:0:0:0:3, 6:0:0:0:1, 4:0:0:0:1, 3:0:0:0:2, 3:0:0:0:1, 7:0:0:0:4, 6:0:0:0:1, 6:0:0:0:2, 1:0:0:0:0, 4:0:0:0:0, 4:0:0:0:0, 5:0:0:0:1,  , 5:0:0:0:3, 5:0:0:0:4, 5:0:0:0:3, 7:2:0:0:5, 6:1:0:0:2, 4:0:0:0:1, 5:1:0:0:2, 3:0:0:0:0, 5:0:0:0:2, 5:0:0:0:2, 5:0:0:0:2, 5:0:0:0:2, 5:0:0:0:1, 5:0:0:0:2, 6:1:0:0:2, 4:0:0:0:1, 6:0:0:0:3, 5:0:0:0:2, 8:1:0:0:5, 5:0:0:0:4, 5:0:0:0:1, 5:0:0:0:1, 3:0:0:0:0, 1:0:0:0:0, 7:0:0:0:4, 5:0:0:0:1, 9:0:0:0:2, 1:0:0:0:0, 4:0:0:0:0, 5:0:0:0:0, 4:0:0:0:1, 2:0:0:0:1, 5:0:0:0:3, 5:0:0:0:3, 5:0:0:0:3, 5:0:0:0:3, 5:0:0:0:1, 5:0:0:0:2, 5:1:0:0:2, 3:0:0:0:0, 5:0:0:0:3, 5:0:0:0:2, 5:0:0:0:3, 5:0:0:0:2, 6:0:0:0:2, 4:0:0:0:1, 6:1:0:0:3, 3:0:0:0:0, 5:0:0:0:2, 5:0:0:0:2, 5:0:0:0:2, 5:0:0:0:2, 5:0:0:0:1, 5:0:0:0:2, 4:0:1:0:0,  , 6:0:0:0:3, 5:0:0:0:2, 5:0:0:0:2, 4:0:0:0:1, 3:0:0:0:0, 4:0:0:0:0, 4:0:0:0:1, 2:0:0:0:0, 5:0:0:0:2, 5:0:0:0:2, 5:0:0:0:2, 5:0:0:0:2, 5:0:0:0:1, 5:0:0:0:1, 5:0:0:0:0, 5:0:0:0:2, 6:0:0:0:1, 5:0:0:0:1, 4:0:0:0:0, 5:0:0:0:2, 5:0:0:0:1, 5:0:0:0:1, 9:0:0:0:0, 5:0:0:0:2, 5:0:0:0:1, 4:0:0:0:1, 5:0:0:0:0, 5:0:0:0:2, 6:0:0:0:1, 4:0:0:0:1, 6:0:0:0:0, 5:0:0:0:2, 5:0:0:0:1, 5:0:0:0:1, 4:0:0:0:0, 5:0:0:0:2, 5:0:0:0:1, 6:0:0:0:1, 6:0:0:0:0, 5:0:0:0:2, 6:0:0:0:1, 5:0:0:0:1, 5:0:0:0:0, 5:0:0:0:2, 5:0:0:0:1, 4:0:0:0:2, 5:0:0:0:0, 5:0:0:0:2, 5:0:0:0:1, 4:0:0:0:1, 4:0:0:0:0, 5:0:0:0:2, 1:0:0:0:0, 1171:27:9:3:391
Cb major (7b), 7:1:0:0:11, 7:1:0:0:11, 7:1:0:0:11, 7:1:0:0:13, 6:0:0:0:11, 7:2:0:0:12, 7:1:0:0:8, 7:2:0:0:9, 8:1:0:0:11, 7:1:0:0:11, 7:1:0:0:11, 7:1:0:0:13, 6:0:0:0:11, 7:2:0:0:12, 4:1:0:0:5,  , 5:0:0:0:5, 5:0:0:0:3, 5:0:0:0:10, 2:0:0:0:4, 5:1:0:0:5, 7:2:0:0:10, 5:1:0:0:6, 2:1:1:0:3, 7:1:0:0:11, 7:1:0:0:11, 7:1:0:0:13, 7:1:0:0:13, 6:0:0:0:11, 7:2:0:0:12, 7:1:0:0:8, 7:2:0:0:10, 3:0:0:0:6, 2:0:0:0:4, 5:0:0:0:4, 3:0:0:0:4, 3:0:0:0:2, 4:0:0:0:4, 2:0:0:0:3, 2:0:0:0:2, 5:1:1:0:5, 3:0:0:0:4, 6:0:0:0:5, 2:0:0:0:3, 3:0:0:0:2, 4:0:0:0:4, 5:0:0:0:3, 1:0:0:0:2, 4:0:0:3:2, 2:0:0:0:1, 2:0:0:0:4, 4:1:1:0:4, 2:1:1:0:2, 3:1:1:0:2, 4:0:0:0:3, 3:0:0:0:3, 1:0:0:0:3, 1:0:0:0:1, 1:0:0:0:4, 2:1:0:0:4, 2:0:0:0:2, 2:0:0:0:2, 3:0:0:0:3, 2:0:0:0:4, 6:1:0:0:8, 6:1:0:0:12, 6:1:0:0:8, 6:1:0:0:12, 6:0:0:0:10, 6:1:0:0:12, 7:1:0:0:11, 8:2:0:0:14, 6:1:0:0:14, 6:1:0:0:13, 6:1:0:0:14, 7:3:0:0:14, 6:0:0:0:11, 5:1:0:0:7, 5:2:0:0:6, 4:1:0:0:6, 6:1:0:0:6, 8:0:0:0:8, 8:0:0:0:8, 3:0:0:0:3, 4:1:0:0:6, 10:1:0:0:10, 8:1:0:0:10, 3:0:0:0:4, 6:1:0:0:13, 6:2:0:0:15, 7:1:0:0:14, 6:1:0:0:12, 6:0:0:0:11, 7:1:0:0:11, 7:1:0:0:13, 6:2:0:0:9, 6:2:0:0:10, 6:2:0:0:10, 6:2:0:0:10, 6:2:0:0:10, 6:0:0:0:9, 5:1:0:0:8, 7:1:0:0:11, 6:2:0:0:8, 7:2:0:0:10, 6:1:0:0:9, 7:2:0:0:10, 6:1:0:0:9, 7:1:0:0:9, 5:1:0:0:8, 4:1:0:0:4, 0:0:0:0:0, 5:1:0:0:5, 4:0:0:0:3, 5:0:0:0:6, 2:0:0:0:2, 4:1:0:0:5, 6:1:0:0:9, 5:1:0:0:6, 2:0:0:0:2, 6:1:0:0:12, 6:1:0:0:11, 6:1:0:0:12, 6:2:0:0:12, 6:0:0:0:13, 6:1:0:0:9, 9:1:0:0:13, 7:2:0:0:9, 6:2:0:0:13, 6:2:0:0:13, 6:2:0:0:13, 6:2:0:0:15, 6:0:0:0:12, 5:1:0:0:7, 9:2:0:0:12, 6:2:0:0:10, 7:1:0:0:14, 6:3:0:0:11, 7:2:0:0:13, 7:2:0:0:14, 8:3:0:0:17, 5:1:0:0:11, 6:2:0:0:10, 4:0:0:0:3, 7:0:0:0:8, 6:0:0:0:3, 6:0:0:0:10, 1:0:0:0:1, 6:3:0:0:7, 6:2:0:0:14, 6:2:0:0:8,  , 6:2:0:0:12, 6:2:0:0:14, 7:2:0:0:13, 9:1:0:0:12, 7:0:0:0:10, 6:1:0:0:10, 7:1:0:0:11, 6:2:0:0:8, 6:1:0:0:13, 6:1:0:0:13, 6:1:0:0:13, 6:1:0:0:13, 6:0:0:0:12, 6:1:0:0:9, 8:1:0:0:8, 7:4:0:0:14, 8:1:0:0:15, 6:2:0:0:10, 9:1:0:0:13, 6:2:0:0:15, 6:0:0:0:12, 7:4:0:0:11, 5:3:0:0:11, 1:0:0:0:1, 6:0:0:0:9, 5:0:0:0:6, 8:0:0:0:8, 1:0:0:0:1, 6:2:0:0:6, 8:2:0:0:12, 5:1:0:0:6, 2:1:1:0:3, 6:1:0:0:9, 6:1:0:0:9, 6:1:0:0:9, 6:1:0:0:9, 6:0:0:0:8, 6:1:0:0:9, 7:1:0:0:9, 6:2:0:0:8, 6:1:0:0:11, 6:1:0:0:11, 6:1:0:0:11, 6:1:0:0:11, 7:0:0:0:12, 5:1:0:0:10, 8:1:0:0:12, 6:3:0:0:9, 6:1:0:0:9, 6:2:0:0:10, 6:2:0:0:13, 6:2:0:0:13, 6:0:0:0:8, 6:1:0:0:9, 7:2:0:0:7,  , 6:0:0:0:6, 6:0:0:0:7, 6:0:0:0:7, 3:0:0:0:3, 5:1:0:0:5, 6:3:0:0:11, 4:1:0:0:6, 1:0:0:0:1, 6:2:0:0:11, 6:2:0:0:12, 6:2:0:0:11, 6:2:0:0:12, 6:0:0:0:12, 6:1:0:0:11, 7:2:0:0:14, 6:1:0:0:8, 7:1:0:0:10, 7:2:0:0:9, 7:3:0:0:10, 6:1:0:0:10, 6:0:0:0:10, 6:1:0:0:9, 11:2:0:0:13, 6:1:0:0:10, 6:0:0:0:10, 5:1:0:0:9, 7:2:0:0:11, 6:1:0:0:10, 7:1:0:0:10, 5:1:0:0:10, 9:3:0:0:16, 6:1:0:0:8, 6:0:0:0:9, 6:1:0:0:10, 6:2:0:0:10, 7:3:0:0:13, 6:0:0:0:10, 7:1:0:0:11, 8:2:0:0:15, 6:1:0:0:9, 7:1:0:0:11, 6:1:0:0:9, 7:2:0:0:11, 6:3:0:0:13, 6:0:0:0:9, 5:1:0:0:8, 7:2:0:0:10, 6:1:0:0:10, 6:0:0:0:9, 5:1:0:0:8, 6:2:0:0:9, 6:1:0:0:9, 1:0:0:0:1, 1448:264:6:3:2280
C# major (7#), 6:0:0:0:4, 6:0:0:0:4, 6:0:0:0:4, 6:0:0:0:4, 6:0:0:0:6, 6:0:0:0:5, 6:1:0:0:5, 6:0:0:0:1, 8:0:0:0:4, 6:0:0:0:4, 6:0:0:0:4, 6:0:0:0:4, 6:0:0:0:6, 6:0:0:0:5, 3:0:0:0:2,  , 5:0:0:0:3, 4:0:0:0:2, 5:0:0:0:2, 2:1:0:0:1, 4:0:0:0:1, 6:0:0:0:2, 4:0:0:0:1, 2:2:2:0:2, 6:0:0:0:4, 6:0:0:0:4, 6:0:0:0:4, 6:0:0:0:4, 6:0:0:0:6, 6:0:0:0:5, 6:1:0:0:5, 6:0:0:0:1, 3:0:0:0:2, 2:0:0:0:3, 4:2:1:0:4, 4:2:0:0:2, 3:0:0:0:0, 5:1:1:0:2, 2:1:1:0:1, 3:0:0:0:1, 3:0:0:0:1, 3:0:0:0:2, 3:0:0:0:1, 1:0:0:0:1, 3:0:0:0:1, 3:2:2:0:3, 3:1:1:0:2, 2:0:0:0:2, 3:0:0:0:3, 4:1:1:0:2, 3:0:0:0:1, 4:0:0:0:1, 2:0:0:0:0, 2:0:0:0:1, 4:0:0:0:1, 1:0:0:0:0, 1:0:0:0:0, 1:0:0:0:0, 1:0:0:0:0, 1:0:0:0:0, 3:0:0:0:1, 3:0:0:0:1, 3:2:2:0:3, 3:1:1:0:4, 5:0:0:0:3, 5:0:0:0:5, 5:0:0:0:3, 5:0:0:0:6, 6:0:0:0:4, 6:0:0:0:7, 6:1:0:0:6, 6:0:0:3:0, 5:0:0:0:9, 5:0:0:0:5, 5:0:0:0:9, 7:0:0:0:3, 6:0:0:0:3, 5:0:0:0:3, 4:0:0:0:1, 4:0:0:0:2, 6:0:0:0:2, 8:0:0:0:4, 9:1:0:0:5, 3:0:0:0:1, 3:0:0:0:1, 9:0:0:0:2, 7:0:0:0:4, 2:0:0:0:0, 5:0:0:0:4, 6:0:0:0:3, 6:0:0:0:4, 5:0:0:0:4, 6:0:0:0:6, 7:1:0:0:5, 6:1:0:0:7, 4:0:0:0:0, 5:0:0:0:4, 5:0:0:0:4, 5:0:0:0:4, 5:0:0:0:4, 6:0:0:0:3, 5:0:0:0:4, 6:1:0:0:6, 4:0:0:0:0, 6:0:0:0:3, 5:0:0:0:3, 6:0:0:0:3, 5:0:0:0:3, 7:0:0:0:3, 5:0:0:0:3, 3:0:0:0:1, 1:0:0:0:0, 4:0:0:0:2, 4:0:0:0:2, 5:0:0:0:2, 2:0:0:0:1, 3:0:0:0:2, 5:0:0:0:3, 4:0:0:0:2, 1:0:0:0:0, 5:0:0:0:6, 5:0:0:0:5, 5:0:0:0:6, 5:0:0:0:5, 6:0:0:0:5, 5:0:0:0:5, 8:2:0:0:8, 6:0:0:0:1, 5:0:0:0:4, 5:0:0:0:4, 5:0:0:0:4, 5:0:0:0:4, 6:0:0:0:4, 5:0:0:0:3, 8:2:0:0:5, 4:0:0:0:0, 6:0:0:0:5, 5:0:0:0:4, 6:0:0:0:3, 7:1:0:0:5, 7:0:0:0:5, 5:0:0:0:3, 4:0:0:0:3, 3:2:2:0:3, 7:0:0:0:3, 7:0:0:0:2, 7:0:0:0:4, 1:0:0:0:1, 5:0:0:0:1, 5:0:0:0:4, 5:0:0:0:2,  , 5:0:0:0:4, 5:0:0:0:3, 6:0:0:0:3, 8:2:0:0:8, 7:1:0:0:5, 5:0:0:0:5, 6:1:0:0:4, 4:0:0:0:0, 5:0:0:0:5, 5:0:0:0:5, 5:0:0:0:5, 5:0:0:0:5, 6:0:0:0:3, 6:0:0:0:4, 7:1:0:0:4, 5:0:0:0:1, 7:0:0:0:5, 5:0:0:0:3, 8:1:0:0:6, 5:0:0:0:4, 6:0:0:0:4, 6:0:0:0:3, 4:0:0:0:3, 1:0:0:0:0, 7:0:0:0:4, 6:0:0:0:4, 9:1:0:0:4, 1:0:0:0:1, 5:0:0:0:1, 6:0:0:0:3, 4:0:0:0:1, 2:0:0:0:0, 5:0:0:0:3, 5:0:0:0:3, 5:0:0:0:3, 5:0:0:0:3, 6:0:0:0:3, 6:0:0:0:4, 6:1:0:0:6, 4:0:0:0:0, 5:0:0:0:3, 5:0:0:0:6, 5:0:0:0:3, 5:0:0:0:6, 7:0:0:0:4, 5:0:0:0:6, 7:1:0:0:5, 4:0:0:0:0, 5:0:0:0:3, 5:0:0:0:3, 5:0:0:0:5, 5:0:0:0:4, 6:0:0:0:3, 6:0:0:0:3, 5:0:0:0:1,  , 6:0:0:0:4, 6:0:0:0:4, 6:0:0:0:2, 3:0:0:0:1, 4:0:0:0:2, 5:0:0:0:2, 4:0:0:0:1, 2:0:0:0:0, 5:0:0:0:4, 5:0:0:0:5, 5:0:0:0:4, 5:0:0:0:5, 6:0:0:0:4, 6:0:0:0:5, 6:0:0:0:3, 5:0:0:0:3, 7:0:0:0:4, 6:0:0:0:3, 5:0:0:0:1, 5:0:0:0:3, 6:0:0:0:3, 6:0:0:0:3, 10:0:0:0:3, 5:0:0:0:4, 6:0:0:0:3, 5:0:0:0:5, 6:0:0:0:1, 5:0:0:0:5, 7:0:0:0:3, 5:0:0:0:6, 7:0:0:0:4, 5:0:0:0:3, 6:0:0:0:3, 6:0:0:0:4, 5:0:0:0:1, 6:0:0:0:5, 6:0:0:0:3, 7:0:0:0:5, 7:0:0:0:5, 5:0:0:0:4, 7:0:0:0:3, 6:0:0:0:4, 6:0:0:0:1, 5:0:0:0:5, 6:0:0:0:4, 5:0:0:0:4, 6:0:0:0:1, 5:0:0:0:4, 6:0:0:0:4, 5:0:0:0:4, 5:0:0:0:2, 5:0:0:0:4, 1:0:0:0:1, 1292:39:14:3:819
Ab minor (7b), 7:1:0:0:11, 7:1:0:0:11, 7:1:0:0:11, 7:1:0:0:13, 6:0:0:0:11, 7:2:0:0:12, 7:1:0:0:8, 7:2:0:0:9, 8:1:0:0:11, 7:1:0:0:11, 7:1:0:0:11, 7:1:0:0:13, 6:0:0:0:11, 7:2:0:0:12, 4:1:0:0:5,  , 5:0:0:0:5, 5:0:0:0:3, 5:0:0:0:10, 2:0:0:0:4, 5:1:0:0:5, 7:2:0:0:10, 5:1:0:0:6, 2:1:1:0:3, 7:1:0:0:11, 7:1:0:0:11, 7:1:0:0:13, 7:1:0:0:13, 6:0:0:0:11, 7:2:0:0:12, 7:1:0:0:8, 7:2:0:0:10, 3:0:0:0:6, 2:0:0:0:4, 5:0:0:0:4, 3:0:0:0:4, 3:0:0:0:2, 4:0:0:0:4, 2:0:0:0:3, 2:0:0:0:2, 5:1:1:0:5, 3:0:0:0:4, 6:0:0:0:5, 2:0:0:0:3, 3:0:0:0:2, 4:0:0:0:4, 5:0:0:0:3, 1:0:0:0:2, 4:0:0:3:2, 2:0:0:0:1, 2:0:0:0:4, 4:1:1:0:4, 2:1:1:0:2, 3:1:1:0:2, 4:0:0:0:3, 3:0:0:0:3, 1:0:0:0:3, 1:0:0:0:1, 1:0:0:0:4, 2:1:0:0:4, 2:0:0:0:2, 2:0:0:0:2, 3:0:0:0:3, 2:0:0:0:4, 6:1:0:0:8, 6:1:0:0:12, 6:1:0:0:8, 6:1:0:0:12, 6:0:0:0:10, 6:1:0:0:12, 7:1:0:0:11, 8:2:0:0:14, 6:1:0:0:14, 6:1:0:0:13, 6:1:0:0:14, 7:3:0:0:14, 6:0:0:0:11, 5:1:0:0:7, 5:2:0:0:6, 4:1:0:0:6, 6:1:0:0:6, 8:0:0:0:8, 8:0:0:0:8, 3:0:0:0:3, 4:1:0:0:6, 10:1:0:0:10, 8:1:0:0:10, 3:0:0:0:4, 6:1:0:0:13, 6:2:0:0:15, 7:1:0:0:14, 6:1:0:0:12, 6:0:0:0:11, 7:1:0:0:11, 7:1:0:0:13, 6:2:0:0:9, 6:2:0:0:10, 6:2:0:0:10, 6:2:0:0:10, 6:2:0:0:10, 6:0:0:0:9, 5:1:0:0:8, 7:1:0:0:11, 6:2:0:0:8, 7:2:0:0:10, 6:1:0:0:9, 7:2:0:0:10, 6:1:0:0:9, 7:1:0:0:9, 5:1:0:0:8, 4:1:0:0:4, 0:0:0:0:0, 5:1:0:0:5, 4:0:0:0:3, 5:0:0:0:6, 2:0:0:0:2, 4:1:0:0:5, 6:1:0:0:9, 5:1:0:0:6, 2:0:0:0:2, 6:1:0:0:12, 6:1:0:0:11, 6:1:0:0:12, 6:2:0:0:12, 6:0:0:0:13, 6:1:0:0:9, 9:1:0:0:13, 7:2:0:0:9, 6:2:0:0:13, 6:2:0:0:13, 6:2:0:0:13, 6:2:0:0:15, 6:0:0:0:12, 5:1:0:0:7, 9:2:0:0:12, 6:2:0:0:10, 7:1:0:0:14, 6:3:0:0:11, 7:2:0:0:13, 7:2:0:0:14, 8:3:0:0:17, 5:1:0:0:11, 6:2:0:0:10, 4:0:0:0:3, 7:0:0:0:8, 6:0:0:0:3, 6:0:0:0:10, 1:0:0:0:1, 6:3:0:0:7, 6:2:0:0:14, 6:2:0:0:8,  , 6:2:0:0:12, 6:2:0:0:14, 7:2:0:0:13, 9:1:0:0:12, 7:0:0:0:10, 6:1:0:0:10, 7:1:0:0:11, 6:2:0:0:8, 6:1:0:0:13, 6:1:0:0:13, 6:1:0:0:13, 6:1:0:0:13, 6:0:0:0:12, 6:1:0:0:9, 8:1:0:0:8, 7:4:0:0:14, 8:1:0:0:15, 6:2:0:0:10, 9:1:0:0:13, 6:2:0:0:15, 6:0:0:0:12, 7:4:0:0:11, 5:3:0:0:11, 1:0:0:0:1, 6:0:0:0:9, 5:0:0:0:6, 8:0:0:0:8, 1:0:0:0:1, 6:2:0:0:6, 8:2:0:0:12, 5:1:0:0:6, 2:1:1:0:3, 6:1:0:0:9, 6:1:0:0:9, 6:1:0:0:9, 6:1:0:0:9, 6:0:0:0:8, 6:1:0:0:9, 7:1:0:0:9, 6:2:0:0:8, 6:1:0:0:11, 6:1:0:0:11, 6:1:0:0:11, 6:1:0:0:11, 7:0:0:0:12, 5:1:0:0:10, 8:1:0:0:12, 6:3:0:0:9, 6:1:0:0:9, 6:2:0:0:10, 6:2:0:0:13, 6:2:0:0:13, 6:0:0:0:8, 6:1:0:0:9, 7:2:0:0:7,  , 6:0:0:0:6, 6:0:0:0:7, 6:0:0:0:7, 3:0:0:0:3, 5:1:0:0:5, 6:3:0:0:11, 4:1:0:0:6, 1:0:0:0:1, 6:2:0:0:11, 6:2:0:0:12, 6:2:0:0:11, 6:2:0:0:12, 6:0:0:0:12, 6:1:0:0:11, 7:2:0:0:14, 6:1:0:0:8, 7:1:0:0:10, 7:2:0:0:9, 7:3:0:0:10, 6:1:0:0:10, 6:0:0:0:10, 6:1:0:0:9, 11:2:0:0:13, 6:1:0:0:10, 6:0:0:0:10, 5:1:0:0:9, 7:2:0:0:11, 6:1:0:0:10, 7:1:0:0:10, 5:1:0:0:10, 9:3:0:0:16, 6:1:0:0:8, 6:0:0:0:9, 6:1:0:0:10, 6:2:0:0:10, 7:3:0:0:13, 6:0:0:0:10, 7:1:0:0:11, 8:2:0:0:15, 6:1:0:0:9, 7:1:0:0:11, 6:1:0:0:9, 7:2:0:0:11, 6:3:0:0:13, 6:0:0:0:9, 5:1:0:0:8, 7:2:0:0:10, 6:1:0:0:10, 6:0:0:0:9, 5:1:0:0:8, 6:2:0:0:9, 6:1:0:0:9, 1:0:0:0:1, 1448:264:6:3:2280
A# minor (7#), 6:0:0:0:4, 6:0:0:0:4, 6:0:0:0:4, 6:0:0:0:4, 6:0:0:0:6, 6:0:0:0:5, 6:1:0:0:5, 6:0:0:0:1, 8:0:0:0:4, 6:0:0:0:4, 6:0:0:0:4, 6:0:0:0:4, 6:0:0:0:6, 6:0:0:0:5, 3:0:0:0:2,  , 5:0:0:0:3, 4:0:0:0:2, 5:0:0:0:2, 2:1:0:0:1, 4:0:0:0:1, 6:0:0:0:2, 4:0:0:0:1, 2:2:2:0:2, 6:0:0:0:4, 6:0:0:0:4, 6:0:0:0:4, 6:0:0:0:4, 6:0:0:0:6, 6:0:0:0:5, 6:1:0:0:5, 6:0:0:0:1, 3:0:0:0:2, 2:0:0:0:3, 4:2:1:0:4, 4:2:0:0:2, 3:0:0:0:0, 5:1:1:0:2, 2:1:1:0:1, 3:0:0:0:1, 3:0:0:0:1, 3:0:0:0:2, 3:0:0:0:1, 1:0:0:0:1, 3:0:0:0:1, 3:2:2:0:3, 3:1:1:0:2, 2:0:0:0:2, 3:0:0:0:3, 4:1:1:0:2, 3:0:0:0:1, 4:0:0:0:1, 2:0:0:0:0, 2:0:0:0:1, 4:0:0:0:1, 1:0:0:0:0, 1:0:0:0:0, 1:0:0:0:0, 1:0:0:0:0, 1:0:0:0:0, 3:0:0:0:1, 3:0:0:0:1, 3:2:2:0:3, 3:1:1:0:4, 5:0:0:0:3, 5:0:0:0:5, 5:0:0:0:3, 5:0:0:0:6, 6:0:0:0:4, 6:0:0:0:7, 6:1:0:0:6, 6:0:0:3:0, 5:0:0:0:9, 5:0:0:0:5, 5:0:0:0:9, 7:0:0:0:3, 6:0:0:0:3, 5:0:0:0:3, 4:0:0:0:1, 4:0:0:0:2, 6:0:0:0:2, 8:0:0:0:4, 9:1:0:0:5, 3:0:0:0:1, 3:0:0:0:1, 9:0:0:0:2, 7:0:0:0:4, 2:0:0:0:0, 5:0:0:0:4, 6:0:0:0:3, 6:0:0:0:4, 5:0:0:0:4, 6:0:0:0:6, 7:1:0:0:5, 6:1:0:0:7, 4:0:0:0:0, 5:0:0:0:4, 5:0:0:0:4, 5:0:0:0:4, 5:0:0:0:4, 6:0:0:0:3, 5:0:0:0:4, 6:1:0:0:6, 4:0:0:0:0, 6:0:0:0:3, 5:0:0:0:3, 6:0:0:0:3, 5:0:0:0:3, 7:0:0:0:3, 5:0:0:0:3, 3:0:0:0:1, 1:0:0:0:0, 4:0:0:0:2, 4:0:0:0:2, 5:0:0:0:2, 2:0:0:0:1, 3:0:0:0:2, 5:0:0:0:3, 4:0:0:0:2, 1:0:0:0:0, 5:0:0:0:6, 5:0:0:0:5, 5:0:0:0:6, 5:0:0:0:5, 6:0:0:0:5, 5:0:0:0:5, 8:2:0:0:8, 6:0:0:0:1, 5:0:0:0:4, 5:0:0:0:4, 5:0:0:0:4, 5:0:0:0:4, 6:0:0:0:4, 5:0:0:0:3, 8:2:0:0:5, 4:0:0:0:0, 6:0:0:0:5, 5:0:0:0:4, 6:0:0:0:3, 7:1:0:0:5, 7:0:0:0:5, 5:0:0:0:3, 4:0:0:0:3, 3:2:2:0:3, 7:0:0:0:3, 7:0:0:0:2, 7:0:0:0:4, 1:0:0:0:1, 5:0:0:0:1, 5:0:0:0:4, 5:0:0:0:2,  , 5:0:0:0:4, 5:0:0:0:3, 6:0:0:0:3, 8:2:0:0:8, 7:1:0:0:5, 5:0:0:0:5, 6:1:0:0:4, 4:0:0:0:0, 5:0:0:0:5, 5:0:0:0:5, 5:0:0:0:5, 5:0:0:0:5, 6:0:0:0:3, 6:0:0:0:4, 7:1:0:0:4, 5:0:0:0:1, 7:0:0:0:5, 5:0:0:0:3, 8:1:0:0:6, 5:0:0:0:4, 6:0:0:0:4, 6:0:0:0:3, 4:0:0:0:3, 1:0:0:0:0, 7:0:0:0:4, 6:0:0:0:4, 9:1:0:0:4, 1:0:0:0:1, 5:0:0:0:1, 6:0:0:0:3, 4:0:0:0:1, 2:0:0:0:0, 5:0:0:0:3, 5:0:0:0:3, 5:0:0:0:3, 5:0:0:0:3, 6:0:0:0:3, 6:0:0:0:4, 6:1:0:0:6, 4:0:0:0:0, 5:0:0:0:3, 5:0:0:0:6, 5:0:0:0:3, 5:0:0:0:6, 7:0:0:0:4, 5:0:0:0:6, 7:1:0:0:5, 4:0:0:0:0, 5:0:0:0:3, 5:0:0:0:3, 5:0:0:0:5, 5:0:0:0:4, 6:0:0:0:3, 6:0:0:0:3, 5:0:0:0:1,  , 6:0:0:0:4, 6:0:0:0:4, 6:0:0:0:2, 3:0:0:0:1, 4:0:0:0:2, 5:0:0:0:2, 4:0:0:0:1, 2:0:0:0:0, 5:0:0:0:4, 5:0:0:0:5, 5:0:0:0:4, 5:0:0:0:5, 6:0:0:0:4, 6:0:0:0:5, 6:0:0:0:3, 5:0:0:0:3, 7:0:0:0:4, 6:0:0:0:3, 5:0:0:0:1, 5:0:0:0:3, 6:0:0:0:3, 6:0:0:0:3, 10:0:0:0:3, 5:0:0:0:4, 6:0:0:0:3, 5:0:0:0:5, 6:0:0:0:1, 5:0:0:0:5, 7:0:0:0:3, 5:0:0:0:6, 7:0:0:0:4, 5:0:0:0:3, 6:0:0:0:3, 6:0:0:0:4, 5:0:0:0:1, 6:0:0:0:5, 6:0:0:0:3, 7:0:0:0:5, 7:0:0:0:5, 5:0:0:0:4, 7:0:0:0:3, 6:0:0:0:4, 6:0:0:0:1, 5:0:0:0:5, 6:0:0:0:4, 5:0:0:0:4, 6:0:0:0:1, 5:0:0:0:4, 6:0:0:0:4, 5:0:0:0:4, 5:0:0:0:2, 5:0:0:0:4, 1:0:0:0:1, 1292:39:14:3:819
